scenario_id,theme_id,scenario_group,domain,product_type,product_family_rule,product_family_label,model_name,region,carrier,os_oneui_version,intent_type,affected_function,observed_symptom,symptom_qualifier_ko,trigger_event,usage_context,onset_relation,frequency,reproducibility,user_impact,severity,diagnostic_class,user_suspected_cause,suspected_component,cause_evidence_level,attempted_action,action_result,desired_resolution,hard_negative,safety_flag,ambiguity_level,provenance_type,is_real_voc,source_anchor_id,source_usage,target_channel,target_language,missing_information_profile,recommended_split,split_group,canonical_scenario_ko,generation_constraints
GVS-0001,T01,휴대폰 배터리 지속시간,POWER,PHONE,S_BASE_PLUS,GALAXY_S_BASE_PLUS,UNSPECIFIED,UNSPECIFIED,UNSPECIFIED,UNSPECIFIED,DEFECT_REPORT,POWER.BATTERY.ENDURANCE,EXCESS_CONSUMPTION,밤새 사용하지 않았는데 잔량이 크게 줄어듦,IDLE,OVERNIGHT,AFTER_EVENT,INTERMITTENT,CONDITIONAL,BATTERY_ANXIETY,S1,UNKNOWN,UNKNOWN,BATTERY|POWER_MANAGEMENT|MODEM|APP,USER_GUESS,조치 정보 없음,UNSPECIFIED,CAUSE_CHECK_OR_REPAIR,FALSE,NONE,LOW,SYNTHETIC_SCENARIO,FALSE,SRC010,CATEGORY_ANCHOR_NOT_ROW_EVIDENCE,SAMSUNG_MEMBERS,KO,NONE,TRAIN,GVS-0001,GALAXY_S_BASE_PLUS에서 IDLE/OVERNIGHT 조건에 밤새 사용하지 않았는데 잔량이 크게 줄어듦,관찰 사실과 원인 추정을 분리; 모델 기능 호환성 검사
GVS-0002,T01,휴대폰 배터리 지속시간,POWER,PHONE,S_ULTRA,GALAXY_S_ULTRA,UNSPECIFIED,UNSPECIFIED,UNSPECIFIED,UNSPECIFIED,DEFECT_REPORT,POWER.BATTERY.ENDURANCE,EXCESS_CONSUMPTION,업데이트 뒤 화면 켜짐 시간 감소,OS_UPDATE,AFTER_UPDATE,IMMEDIATE,DAILY,REPRODUCIBLE,PRIMARY_FUNCTION_DEGRADED,S2,SOFTWARE_POSSIBLE,SOFTWARE_UPDATE_OR_APP,BATTERY|POWER_MANAGEMENT|MODEM|APP,USER_GUESS,재부팅·업데이트·안전모드 중 일부 시도,UNSPECIFIED,CAUSE_CHECK_OR_REPAIR,FALSE,NONE,MEDIUM,SYNTHETIC_SCENARIO,FALSE,SRC010,CATEGORY_ANCHOR_NOT_ROW_EVIDENCE,ECOMMERCE_REVIEW,KO,MODEL_VERSION,VALID,GVS-0002,GALAXY_S_ULTRA에서 OS_UPDATE/AFTER_UPDATE 조건에 업데이트 뒤 화면 켜짐 시간 감소,관찰 사실과 원인 추정을 분리; 모델 기능 호환성 검사
GVS-0003,T01,휴대폰 배터리 지속시간,POWER,PHONE,S_FE,GALAXY_S_FE,UNSPECIFIED,UNSPECIFIED,UNSPECIFIED,UNSPECIFIED,DEFECT_REPORT,POWER.BATTERY.ENDURANCE,EXCESS_CONSUMPTION,5G 약전계에서 배터리가 빠르게 닳음,FIVE_G,WEAK_SIGNAL,GRADUAL,FREQUENT,NOT_TESTED,TASK_DELAY,S2,NETWORK_PROVIDER_RELATED,NETWORK_OR_EXTERNAL_SERVICE,BATTERY|POWER_MANAGEMENT|MODEM|APP,USER_GUESS,다른 망·장소·기기로 교차 확인,UNSPECIFIED,CAUSE_CHECK_OR_REPAIR,FALSE,NONE,MEDIUM,SYNTHETIC_SCENARIO,FALSE,SRC010,CATEGORY_ANCHOR_NOT_ROW_EVIDENCE,CALL_CENTER_TRANSCRIPT,KO,FREQUENCY,TRAIN,GVS-0003,GALAXY_S_FE에서 FIVE_G/WEAK_SIGNAL 조건에 5G 약전계에서 배터리가 빠르게 닳음,관찰 사실과 원인 추정을 분리; 모델 기능 호환성 검사
GVS-0004,T01,휴대폰 배터리 지속시간,POWER,PHONE,Z_FOLD,GALAXY_Z_FOLD,UNSPECIFIED,UNSPECIFIED,UNSPECIFIED,UNSPECIFIED,DEFECT_REPORT,POWER.BATTERY.ENDURANCE,EXCESS_CONSUMPTION,내비게이션 중 충전해도 잔량이 줄어듦,NAVIGATION,GPS_ON,AFTER_AGING,ALWAYS,ALWAYS,MISSED_MOMENT,S2,ENVIRONMENT_RELATED,ENVIRONMENTAL_CONDITION,BATTERY|POWER_MANAGEMENT|MODEM|APP,USER_GUESS,환경 조건 제거 후 재시험,UNSPECIFIED,CAUSE_CHECK_OR_REPAIR,FALSE,NONE,LOW,SYNTHETIC_SCENARIO,FALSE,SRC010,CATEGORY_ANCHOR_NOT_ROW_EVIDENCE,SERVICE_INTAKE,KO,TRIGGER,TRAIN,GVS-0004,GALAXY_Z_FOLD에서 NAVIGATION/GPS_ON 조건에 내비게이션 중 충전해도 잔량이 줄어듦,관찰 사실과 원인 추정을 분리; 모델 기능 호환성 검사
GVS-0005,T01,휴대폰 배터리 지속시간,POWER,PHONE,Z_FLIP,GALAXY_Z_FLIP,UNSPECIFIED,UNSPECIFIED,UNSPECIFIED,UNSPECIFIED,DEFECT_REPORT,POWER.BATTERY.ENDURANCE,EXCESS_CONSUMPTION,카메라 사용 몇 분 만에 잔량 급감,CAMERA_USE,OUTDOOR_CAMERA,UNKNOWN,RARE,UNKNOWN,WORK_INTERRUPTED,S1,UNKNOWN,UNKNOWN,BATTERY|POWER_MANAGEMENT|MODEM|APP,USER_GUESS,조치 정보 없음,UNSPECIFIED,CAUSE_CHECK_OR_REPAIR,FALSE,NONE,HIGH,SYNTHETIC_SCENARIO,FALSE,SRC010,CATEGORY_ANCHOR_NOT_ROW_EVIDENCE,SNS_POST,KO,ATTEMPTED_ACTION,TRAIN,GVS-0005,GALAXY_Z_FLIP에서 CAMERA_USE/OUTDOOR_CAMERA 조건에 카메라 사용 몇 분 만에 잔량 급감,관찰 사실과 원인 추정을 분리; 모델 기능 호환성 검사
GVS-0006,T01,휴대폰 배터리 지속시간,POWER,PHONE,A_SERIES,GALAXY_A,UNSPECIFIED,UNSPECIFIED,UNSPECIFIED,UNSPECIFIED,DEFECT_REPORT,POWER.BATTERY.ENDURANCE,EXCESS_CONSUMPTION,듀얼 SIM 사용 시 대기 소모 증가,DUAL_SIM,TWO_ACTIVE_SIMS,AFTER_EVENT,INTERMITTENT,CONDITIONAL,REPEATED_RETRY,S2,SOFTWARE_POSSIBLE,SOFTWARE_UPDATE_OR_APP,BATTERY|POWER_MANAGEMENT|MODEM|APP,USER_GUESS,재부팅·업데이트·안전모드 중 일부 시도,UNSPECIFIED,CAUSE_CHECK_OR_REPAIR,FALSE,NONE,LOW,SYNTHETIC_SCENARIO,FALSE,SRC010,CATEGORY_ANCHOR_NOT_ROW_EVIDENCE,COMMUNITY_POST,KO,MODEL_AND_VERSION,TRAIN,GVS-0006,GALAXY_A에서 DUAL_SIM/TWO_ACTIVE_SIMS 조건에 듀얼 SIM 사용 시 대기 소모 증가,관찰 사실과 원인 추정을 분리; 모델 기능 호환성 검사
GVS-0007,T01,휴대폰 배터리 지속시간,POWER,PHONE,S_BASE_PLUS,GALAXY_S_BASE_PLUS,UNSPECIFIED,UNSPECIFIED,UNSPECIFIED,UNSPECIFIED,DEFECT_REPORT,POWER.BATTERY.ENDURANCE,EXCESS_CONSUMPTION,핫스팟 종료 후에도 소모가 계속됨,HOTSPOT,SCREEN_OFF,IMMEDIATE,DAILY,REPRODUCIBLE,DATA_OR_SERVICE_UNAVAILABLE,S2,NETWORK_PROVIDER_RELATED,NETWORK_OR_EXTERNAL_SERVICE,BATTERY|POWER_MANAGEMENT|MODEM|APP,USER_GUESS,다른 망·장소·기기로 교차 확인,UNSPECIFIED,CAUSE_CHECK_OR_REPAIR,FALSE,NONE,MEDIUM,SYNTHETIC_SCENARIO,FALSE,SRC010,CATEGORY_ANCHOR_NOT_ROW_EVIDENCE,CHAT_SUPPORT,KO,TIME_PATTERN,TRAIN,GVS-0007,GALAXY_S_BASE_PLUS에서 HOTSPOT/SCREEN_OFF 조건에 핫스팟 종료 후에도 소모가 계속됨,관찰 사실과 원인 추정을 분리; 모델 기능 호환성 검사
GVS-0008,T01,휴대폰 배터리 지속시간,POWER,PHONE,S_ULTRA,GALAXY_S_ULTRA,UNSPECIFIED,UNSPECIFIED,UNSPECIFIED,UNSPECIFIED,DEFECT_REPORT,POWER.BATTERY.ENDURANCE,EXCESS_CONSUMPTION,게임 종료 뒤에도 발열과 소모 지속,GAMING,HIGH_REFRESH_RATE,GRADUAL,FREQUENT,NOT_TESTED,TRAVEL_DISRUPTION,S2,ENVIRONMENT_RELATED,ENVIRONMENTAL_CONDITION,BATTERY|POWER_MANAGEMENT|MODEM|APP,USER_GUESS,환경 조건 제거 후 재시험,UNSPECIFIED,CAUSE_CHECK_OR_REPAIR,FALSE,NONE,MEDIUM,SYNTHETIC_SCENARIO,FALSE,SRC010,CATEGORY_ANCHOR_NOT_ROW_EVIDENCE,SURVEY_FREE_TEXT,EN,NONE,TRAIN,GVS-0008,GALAXY_S_ULTRA에서 GAMING/HIGH_REFRESH_RATE 조건에 게임 종료 뒤에도 발열과 소모 지속,관찰 사실과 원인 추정을 분리; 모델 기능 호환성 검사
GVS-0009,T01,휴대폰 배터리 지속시간,POWER,PHONE,S_FE,GALAXY_S_FE,UNSPECIFIED,UNSPECIFIED,UNSPECIFIED,UNSPECIFIED,DEFECT_REPORT,POWER.BATTERY.ENDURANCE,EXCESS_CONSUMPTION,새 기기 초기 설정 첫날 배터리가 짧음,INITIAL_SETUP,NEW_DEVICE,AFTER_AGING,ALWAYS,ALWAYS,FINANCIAL_OR_TIME_COST,S1,UNKNOWN,UNKNOWN,BATTERY|POWER_MANAGEMENT|MODEM|APP,USER_GUESS,조치 정보 없음,UNSPECIFIED,CAUSE_CHECK_OR_REPAIR,FALSE,NONE,LOW,SYNTHETIC_SCENARIO,FALSE,SRC010,CATEGORY_ANCHOR_NOT_ROW_EVIDENCE,STORE_REVIEW,EN,CONTEXT,TRAIN,GVS-0009,GALAXY_S_FE에서 INITIAL_SETUP/NEW_DEVICE 조건에 새 기기 초기 설정 첫날 배터리가 짧음,관찰 사실과 원인 추정을 분리; 모델 기능 호환성 검사
GVS-0010,T01,휴대폰 배터리 지속시간,POWER,PHONE,Z_FOLD,GALAXY_Z_FOLD,UNSPECIFIED,UNSPECIFIED,UNSPECIFIED,UNSPECIFIED,DEFECT_REPORT,POWER.BATTERY.ENDURANCE,EXCESS_CONSUMPTION,특정 앱 업데이트 뒤 백그라운드 소모 증가,APP_UPDATE,BACKGROUND_SYNC,UNKNOWN,RARE,UNKNOWN,USER_CONFUSION,S2,SOFTWARE_POSSIBLE,SOFTWARE_UPDATE_OR_APP,BATTERY|POWER_MANAGEMENT|MODEM|APP,USER_GUESS,재부팅·업데이트·안전모드 중 일부 시도,UNSPECIFIED,CAUSE_CHECK_OR_REPAIR,FALSE,NONE,HIGH,SYNTHETIC_SCENARIO,FALSE,SRC010,CATEGORY_ANCHOR_NOT_ROW_EVIDENCE,EMAIL_COMPLAINT,KO_EN_MIXED,MULTIPLE_FIELDS,TRAIN,GVS-0010,GALAXY_Z_FOLD에서 APP_UPDATE/BACKGROUND_SYNC 조건에 특정 앱 업데이트 뒤 백그라운드 소모 증가,관찰 사실과 원인 추정을 분리; 모델 기능 호환성 검사
GVS-0011,T02,잔량 급변과 전원 종료,POWER,PHONE,S_BASE_PLUS,GALAXY_S_BASE_PLUS,UNSPECIFIED,UNSPECIFIED,UNSPECIFIED,UNSPECIFIED,DEFECT_REPORT,POWER.BATTERY.LEVEL,INACCURATE,20% 남았는데 갑자기 1%로 떨어짐,LOW_TEMP,BELOW_20_PERCENT,AFTER_EVENT,INTERMITTENT,CONDITIONAL,MISSED_ALARM,S2,PRODUCT_DEFECT_POSSIBLE,HARDWARE_OR_COMPONENT,BATTERY|FUEL_GAUGE|PMIC,USER_GUESS,자가진단 또는 서비스센터 점검,UNSPECIFIED,CAUSE_CHECK_OR_REPAIR,FALSE,NONE,LOW,SYNTHETIC_SCENARIO,FALSE,SRC001,CATEGORY_ANCHOR_NOT_ROW_EVIDENCE,SAMSUNG_MEMBERS,KO,NONE,TEST,GVS-0011,GALAXY_S_BASE_PLUS에서 LOW_TEMP/BELOW_20_PERCENT 조건에 20% 남았는데 갑자기 1%로 떨어짐,관찰 사실과 원인 추정을 분리; 모델 기능 호환성 검사
GVS-0012,T02,잔량 급변과 전원 종료,POWER,PHONE,S_ULTRA,GALAXY_S_ULTRA,UNSPECIFIED,UNSPECIFIED,UNSPECIFIED,UNSPECIFIED,DEFECT_REPORT,POWER.BATTERY.LEVEL,SHUTDOWN,카메라를 켜면 남은 배터리와 무관하게 꺼짐,CAMERA_USE,ZOOM_USE,IMMEDIATE,DAILY,REPRODUCIBLE,PRIMARY_FUNCTION_UNAVAILABLE,S3,SOFTWARE_POSSIBLE,SOFTWARE_UPDATE_OR_APP,BATTERY|FUEL_GAUGE|PMIC,USER_GUESS,재부팅·업데이트·안전모드 중 일부 시도,UNSPECIFIED,CAUSE_CHECK_OR_REPAIR,FALSE,NONE,MEDIUM,SYNTHETIC_SCENARIO,FALSE,SRC001,CATEGORY_ANCHOR_NOT_ROW_EVIDENCE,ECOMMERCE_REVIEW,KO,MODEL_VERSION,TRAIN,GVS-0012,GALAXY_S_ULTRA에서 CAMERA_USE/ZOOM_USE 조건에 카메라를 켜면 남은 배터리와 무관하게 꺼짐,관찰 사실과 원인 추정을 분리; 모델 기능 호환성 검사
GVS-0013,T02,잔량 급변과 전원 종료,POWER,PHONE,Z_FOLD,GALAXY_Z_FOLD,UNSPECIFIED,UNSPECIFIED,UNSPECIFIED,UNSPECIFIED,DEFECT_REPORT,POWER.BATTERY.LEVEL,RESTART,게임 중 전원이 꺼지고 재부팅됨,GAMING,HIGH_LOAD,GRADUAL,FREQUENT,NOT_TESTED,WORK_INTERRUPTED,S2,UNKNOWN,UNKNOWN,BATTERY|FUEL_GAUGE|PMIC,USER_GUESS,조치 정보 없음,UNSPECIFIED,CAUSE_CHECK_OR_REPAIR,FALSE,NONE,MEDIUM,SYNTHETIC_SCENARIO,FALSE,SRC001,CATEGORY_ANCHOR_NOT_ROW_EVIDENCE,CALL_CENTER_TRANSCRIPT,KO,FREQUENCY,TRAIN,GVS-0013,GALAXY_Z_FOLD에서 GAMING/HIGH_LOAD 조건에 게임 중 전원이 꺼지고 재부팅됨,관찰 사실과 원인 추정을 분리; 모델 기능 호환성 검사
GVS-0014,T02,잔량 급변과 전원 종료,POWER,PHONE,Z_FLIP,GALAXY_Z_FLIP,UNSPECIFIED,UNSPECIFIED,UNSPECIFIED,UNSPECIFIED,DEFECT_REPORT,POWER.BATTERY.LEVEL,INACCURATE,충전기를 꽂는 순간 잔량 표시가 크게 바뀜,PLUG_IN,CHARGER_CONNECTED,AFTER_AGING,ALWAYS,ALWAYS,MISSED_ALARM,S2,PRODUCT_DEFECT_POSSIBLE,HARDWARE_OR_COMPONENT,BATTERY|FUEL_GAUGE|PMIC,USER_GUESS,자가진단 또는 서비스센터 점검,UNSPECIFIED,CAUSE_CHECK_OR_REPAIR,FALSE,NONE,LOW,SYNTHETIC_SCENARIO,FALSE,SRC001,CATEGORY_ANCHOR_NOT_ROW_EVIDENCE,SERVICE_INTAKE,KO,TRIGGER,VALID,GVS-0014,GALAXY_Z_FLIP에서 PLUG_IN/CHARGER_CONNECTED 조건에 충전기를 꽂는 순간 잔량 표시가 크게 바뀜,관찰 사실과 원인 추정을 분리; 모델 기능 호환성 검사
GVS-0015,T02,잔량 급변과 전원 종료,POWER,PHONE,A_SERIES,GALAXY_A,UNSPECIFIED,UNSPECIFIED,UNSPECIFIED,UNSPECIFIED,DEFECT_REPORT,POWER.BATTERY.LEVEL,SHUTDOWN,오래 쓴 뒤 40% 부근에서 반복 종료,BATTERY_CYCLES,AGED_BATTERY,UNKNOWN,RARE,UNKNOWN,PRIMARY_FUNCTION_UNAVAILABLE,S3,SOFTWARE_POSSIBLE,SOFTWARE_UPDATE_OR_APP,BATTERY|FUEL_GAUGE|PMIC,USER_GUESS,재부팅·업데이트·안전모드 중 일부 시도,UNSPECIFIED,CAUSE_CHECK_OR_REPAIR,FALSE,NONE,HIGH,SYNTHETIC_SCENARIO,FALSE,SRC001,CATEGORY_ANCHOR_NOT_ROW_EVIDENCE,SNS_POST,KO,ATTEMPTED_ACTION,TRAIN,GVS-0015,GALAXY_A에서 BATTERY_CYCLES/AGED_BATTERY 조건에 오래 쓴 뒤 40% 부근에서 반복 종료,관찰 사실과 원인 추정을 분리; 모델 기능 호환성 검사
GVS-0016,T02,잔량 급변과 전원 종료,POWER,PHONE,XCOVER,GALAXY_XCOVER,UNSPECIFIED,UNSPECIFIED,UNSPECIFIED,UNSPECIFIED,DEFECT_REPORT,POWER.BATTERY.LEVEL,RESTART,밤사이 전원이 꺼져 알람이 울리지 않음,IDLE,OVERNIGHT,AFTER_EVENT,INTERMITTENT,CONDITIONAL,WORK_INTERRUPTED,S2,UNKNOWN,UNKNOWN,BATTERY|FUEL_GAUGE|PMIC,USER_GUESS,조치 정보 없음,UNSPECIFIED,CAUSE_CHECK_OR_REPAIR,FALSE,NONE,LOW,SYNTHETIC_SCENARIO,FALSE,SRC001,CATEGORY_ANCHOR_NOT_ROW_EVIDENCE,COMMUNITY_POST,KO,MODEL_AND_VERSION,VALID,GVS-0016,GALAXY_XCOVER에서 IDLE/OVERNIGHT 조건에 밤사이 전원이 꺼져 알람이 울리지 않음,관찰 사실과 원인 추정을 분리; 모델 기능 호환성 검사
GVS-0017,T02,잔량 급변과 전원 종료,POWER,PHONE,S_BASE_PLUS,GALAXY_S_BASE_PLUS,UNSPECIFIED,UNSPECIFIED,UNSPECIFIED,UNSPECIFIED,DEFECT_REPORT,POWER.BATTERY.LEVEL,INACCURATE,전화 수신 순간 재부팅됨,RECEIVE_CALL,MOBILE_CALL,IMMEDIATE,DAILY,REPRODUCIBLE,MISSED_ALARM,S2,PRODUCT_DEFECT_POSSIBLE,HARDWARE_OR_COMPONENT,BATTERY|FUEL_GAUGE|PMIC,USER_GUESS,자가진단 또는 서비스센터 점검,UNSPECIFIED,CAUSE_CHECK_OR_REPAIR,FALSE,NONE,MEDIUM,SYNTHETIC_SCENARIO,FALSE,SRC001,CATEGORY_ANCHOR_NOT_ROW_EVIDENCE,CHAT_SUPPORT,KO,TIME_PATTERN,TRAIN,GVS-0017,GALAXY_S_BASE_PLUS에서 RECEIVE_CALL/MOBILE_CALL 조건에 전화 수신 순간 재부팅됨,관찰 사실과 원인 추정을 분리; 모델 기능 호환성 검사
GVS-0018,T02,잔량 급변과 전원 종료,POWER,PHONE,S_ULTRA,GALAXY_S_ULTRA,UNSPECIFIED,UNSPECIFIED,UNSPECIFIED,UNSPECIFIED,DEFECT_REPORT,POWER.BATTERY.LEVEL,SHUTDOWN,더운 날 야외에서 잔량 급락,HIGH_TEMP,OUTDOOR_SUMMER,GRADUAL,FREQUENT,NOT_TESTED,PRIMARY_FUNCTION_UNAVAILABLE,S3,SOFTWARE_POSSIBLE,SOFTWARE_UPDATE_OR_APP,BATTERY|FUEL_GAUGE|PMIC,USER_GUESS,재부팅·업데이트·안전모드 중 일부 시도,UNSPECIFIED,CAUSE_CHECK_OR_REPAIR,FALSE,NONE,MEDIUM,SYNTHETIC_SCENARIO,FALSE,SRC001,CATEGORY_ANCHOR_NOT_ROW_EVIDENCE,SURVEY_FREE_TEXT,EN,NONE,VALID,GVS-0018,GALAXY_S_ULTRA에서 HIGH_TEMP/OUTDOOR_SUMMER 조건에 더운 날 야외에서 잔량 급락,관찰 사실과 원인 추정을 분리; 모델 기능 호환성 검사
GVS-0019,T02,잔량 급변과 전원 종료,POWER,PHONE,Z_FOLD,GALAXY_Z_FOLD,UNSPECIFIED,UNSPECIFIED,UNSPECIFIED,UNSPECIFIED,DEFECT_REPORT,POWER.BATTERY.LEVEL,RESTART,특별한 패턴 없이 임의로 꺼짐,UNKNOWN,RANDOM,AFTER_AGING,ALWAYS,ALWAYS,WORK_INTERRUPTED,S2,UNKNOWN,UNKNOWN,BATTERY|FUEL_GAUGE|PMIC,USER_GUESS,조치 정보 없음,UNSPECIFIED,CAUSE_CHECK_OR_REPAIR,FALSE,NONE,LOW,SYNTHETIC_SCENARIO,FALSE,SRC001,CATEGORY_ANCHOR_NOT_ROW_EVIDENCE,STORE_REVIEW,EN,CONTEXT,TRAIN,GVS-0019,GALAXY_Z_FOLD에서 UNKNOWN/RANDOM 조건에 특별한 패턴 없이 임의로 꺼짐,관찰 사실과 원인 추정을 분리; 모델 기능 호환성 검사
GVS-0020,T02,잔량 급변과 전원 종료,POWER,PHONE,Z_FLIP,GALAXY_Z_FLIP,UNSPECIFIED,UNSPECIFIED,UNSPECIFIED,UNSPECIFIED,DEFECT_REPORT,POWER.BATTERY.LEVEL,INACCURATE,업데이트 이후 잔량 그래프가 계단식으로 변함,OS_UPDATE,AFTER_UPDATE,UNKNOWN,RARE,UNKNOWN,MISSED_ALARM,S2,PRODUCT_DEFECT_POSSIBLE,HARDWARE_OR_COMPONENT,BATTERY|FUEL_GAUGE|PMIC,USER_GUESS,자가진단 또는 서비스센터 점검,UNSPECIFIED,CAUSE_CHECK_OR_REPAIR,FALSE,NONE,HIGH,SYNTHETIC_SCENARIO,FALSE,SRC001,CATEGORY_ANCHOR_NOT_ROW_EVIDENCE,EMAIL_COMPLAINT,KO_EN_MIXED,MULTIPLE_FIELDS,TRAIN,GVS-0020,GALAXY_Z_FLIP에서 OS_UPDATE/AFTER_UPDATE 조건에 업데이트 이후 잔량 그래프가 계단식으로 변함,관찰 사실과 원인 추정을 분리; 모델 기능 호환성 검사
GVS-0021,T03,유선 충전,CHARGING,PHONE,S_BASE_PLUS,GALAXY_S_BASE_PLUS,UNSPECIFIED,UNSPECIFIED,UNSPECIFIED,UNSPECIFIED,DEFECT_REPORT,CHARGING.WIRED,NOT_CHARGING,케이블을 꽂아도 충전 반응이 없음,PLUG_IN,ANY_CABLE,AFTER_EVENT,INTERMITTENT,CONDITIONAL,BATTERY_ANXIETY,S2,PRODUCT_DEFECT_POSSIBLE,HARDWARE_OR_COMPONENT,USB_C_PORT|CABLE|CHARGER|PMIC,USER_GUESS,자가진단 또는 서비스센터 점검,UNSPECIFIED,CAUSE_CHECK_OR_REPAIR,FALSE,NONE,LOW,SYNTHETIC_SCENARIO,FALSE,SRC002,CATEGORY_ANCHOR_NOT_ROW_EVIDENCE,SAMSUNG_MEMBERS,KO,NONE,TRAIN,GVS-0021,GALAXY_S_BASE_PLUS에서 PLUG_IN/ANY_CABLE 조건에 케이블을 꽂아도 충전 반응이 없음,관찰 사실과 원인 추정을 분리; 모델 기능 호환성 검사
GVS-0022,T03,유선 충전,CHARGING,PHONE,S_ULTRA,GALAXY_S_ULTRA,UNSPECIFIED,UNSPECIFIED,UNSPECIFIED,UNSPECIFIED,DEFECT_REPORT,CHARGING.WIRED,SLOW_CHARGING,케이블 각도에 따라 충전이 끊김,CABLE,ANGLE_DEPENDENT,IMMEDIATE,DAILY,REPRODUCIBLE,PRIMARY_FUNCTION_DEGRADED,S3,ACCESSORY_RELATED,ACCESSORY,USB_C_PORT|CABLE|CHARGER|PMIC,USER_GUESS,다른 액세서리로 교차 확인,UNSPECIFIED,CAUSE_CHECK_OR_REPAIR,FALSE,NONE,MEDIUM,SYNTHETIC_SCENARIO,FALSE,SRC002,CATEGORY_ANCHOR_NOT_ROW_EVIDENCE,ECOMMERCE_REVIEW,KO,MODEL_VERSION,VALID,GVS-0022,GALAXY_S_ULTRA에서 CABLE/ANGLE_DEPENDENT 조건에 케이블 각도에 따라 충전이 끊김,관찰 사실과 원인 추정을 분리; 모델 기능 호환성 검사
GVS-0023,T03,유선 충전,CHARGING,PHONE,S_FE,GALAXY_S_FE,UNSPECIFIED,UNSPECIFIED,UNSPECIFIED,UNSPECIFIED,DEFECT_REPORT,CHARGING.WIRED,INTERMITTENT,초고속 충전 표시가 떴다가 일반 충전으로 바뀜,CHARGER,THIRD_PARTY_ADAPTER,GRADUAL,FREQUENT,NOT_TESTED,TASK_DELAY,S1,ENVIRONMENT_RELATED,ENVIRONMENTAL_CONDITION,USB_C_PORT|CABLE|CHARGER|PMIC,USER_GUESS,환경 조건 제거 후 재시험,UNSPECIFIED,CAUSE_CHECK_OR_REPAIR,FALSE,NONE,MEDIUM,SYNTHETIC_SCENARIO,FALSE,SRC002,CATEGORY_ANCHOR_NOT_ROW_EVIDENCE,CALL_CENTER_TRANSCRIPT,KO,FREQUENCY,TRAIN,GVS-0023,GALAXY_S_FE에서 CHARGER/THIRD_PARTY_ADAPTER 조건에 초고속 충전 표시가 떴다가 일반 충전으로 바뀜,관찰 사실과 원인 추정을 분리; 모델 기능 호환성 검사
GVS-0024,T03,유선 충전,CHARGING,PHONE,Z_FOLD,GALAXY_Z_FOLD,UNSPECIFIED,UNSPECIFIED,UNSPECIFIED,UNSPECIFIED,DEFECT_REPORT,CHARGING.WIRED,FALSE_DETECTION,물에 닿지 않았는데 수분 경고로 충전 차단,HUMIDITY,RAINY_SEASON,AFTER_AGING,ALWAYS,ALWAYS,MISSED_MOMENT,S2,SOFTWARE_POSSIBLE,SOFTWARE_UPDATE_OR_APP,USB_C_PORT|CABLE|CHARGER|PMIC,USER_GUESS,재부팅·업데이트·안전모드 중 일부 시도,UNSPECIFIED,CAUSE_CHECK_OR_REPAIR,FALSE,NONE,LOW,SYNTHETIC_SCENARIO,FALSE,SRC002,CATEGORY_ANCHOR_NOT_ROW_EVIDENCE,SERVICE_INTAKE,KO,TRIGGER,TRAIN,GVS-0024,GALAXY_Z_FOLD에서 HUMIDITY/RAINY_SEASON 조건에 물에 닿지 않았는데 수분 경고로 충전 차단,관찰 사실과 원인 추정을 분리; 모델 기능 호환성 검사
GVS-0025,T03,유선 충전,CHARGING,PHONE,Z_FLIP,GALAXY_Z_FLIP,UNSPECIFIED,UNSPECIFIED,UNSPECIFIED,UNSPECIFIED,DEFECT_REPORT,CHARGING.WIRED,NOT_CHARGING,포트 먼지를 제거하면 잠시 충전됨,DUST,PORT_LINT,UNKNOWN,RARE,UNKNOWN,WORK_INTERRUPTED,S2,PRODUCT_DEFECT_POSSIBLE,HARDWARE_OR_COMPONENT,USB_C_PORT|CABLE|CHARGER|PMIC,USER_GUESS,자가진단 또는 서비스센터 점검,UNSPECIFIED,CAUSE_CHECK_OR_REPAIR,FALSE,NONE,HIGH,SYNTHETIC_SCENARIO,FALSE,SRC002,CATEGORY_ANCHOR_NOT_ROW_EVIDENCE,SNS_POST,KO,ATTEMPTED_ACTION,TRAIN,GVS-0025,GALAXY_Z_FLIP에서 DUST/PORT_LINT 조건에 포트 먼지를 제거하면 잠시 충전됨,관찰 사실과 원인 추정을 분리; 모델 기능 호환성 검사
GVS-0026,T03,유선 충전,CHARGING,PHONE,A_SERIES,GALAXY_A,UNSPECIFIED,UNSPECIFIED,UNSPECIFIED,UNSPECIFIED,DEFECT_REPORT,CHARGING.WIRED,SLOW_CHARGING,충전 중 사용하면 잔량이 거의 늘지 않음,CHARGING,SCREEN_ON,AFTER_EVENT,INTERMITTENT,CONDITIONAL,REPEATED_RETRY,S3,ACCESSORY_RELATED,ACCESSORY,USB_C_PORT|CABLE|CHARGER|PMIC,USER_GUESS,다른 액세서리로 교차 확인,UNSPECIFIED,CAUSE_CHECK_OR_REPAIR,FALSE,NONE,LOW,SYNTHETIC_SCENARIO,FALSE,SRC002,CATEGORY_ANCHOR_NOT_ROW_EVIDENCE,COMMUNITY_POST,KO,MODEL_AND_VERSION,TRAIN,GVS-0026,GALAXY_A에서 CHARGING/SCREEN_ON 조건에 충전 중 사용하면 잔량이 거의 늘지 않음,관찰 사실과 원인 추정을 분리; 모델 기능 호환성 검사
GVS-0027,T03,유선 충전,CHARGING,PHONE,XCOVER,GALAXY_XCOVER,UNSPECIFIED,UNSPECIFIED,UNSPECIFIED,UNSPECIFIED,DEFECT_REPORT,CHARGING.WIRED,INTERMITTENT,업데이트 후 특정 충전기만 인식하지 않음,OS_UPDATE,AFTER_UPDATE,IMMEDIATE,DAILY,REPRODUCIBLE,DATA_OR_SERVICE_UNAVAILABLE,S1,ENVIRONMENT_RELATED,ENVIRONMENTAL_CONDITION,USB_C_PORT|CABLE|CHARGER|PMIC,USER_GUESS,환경 조건 제거 후 재시험,UNSPECIFIED,CAUSE_CHECK_OR_REPAIR,FALSE,NONE,MEDIUM,SYNTHETIC_SCENARIO,FALSE,SRC002,CATEGORY_ANCHOR_NOT_ROW_EVIDENCE,CHAT_SUPPORT,KO,TIME_PATTERN,TRAIN,GVS-0027,GALAXY_XCOVER에서 OS_UPDATE/AFTER_UPDATE 조건에 업데이트 후 특정 충전기만 인식하지 않음,관찰 사실과 원인 추정을 분리; 모델 기능 호환성 검사
GVS-0028,T03,유선 충전,CHARGING,TABLET,TAB_S,GALAXY_TAB_S,UNSPECIFIED,UNSPECIFIED,UNSPECIFIED,UNSPECIFIED,DEFECT_REPORT,CHARGING.WIRED,FALSE_DETECTION,낙하 뒤 USB 연결과 충전이 모두 불안정,IMPACT,AFTER_DROP,GRADUAL,FREQUENT,NOT_TESTED,TRAVEL_DISRUPTION,S2,SOFTWARE_POSSIBLE,SOFTWARE_UPDATE_OR_APP,USB_C_PORT|CABLE|CHARGER|PMIC,USER_GUESS,재부팅·업데이트·안전모드 중 일부 시도,UNSPECIFIED,CAUSE_CHECK_OR_REPAIR,FALSE,NONE,MEDIUM,SYNTHETIC_SCENARIO,FALSE,SRC002,CATEGORY_ANCHOR_NOT_ROW_EVIDENCE,SURVEY_FREE_TEXT,EN,NONE,TRAIN,GVS-0028,GALAXY_TAB_S에서 IMPACT/AFTER_DROP 조건에 낙하 뒤 USB 연결과 충전이 모두 불안정,관찰 사실과 원인 추정을 분리; 모델 기능 호환성 검사
GVS-0029,T03,유선 충전,CHARGING,PHONE,S_BASE_PLUS,GALAXY_S_BASE_PLUS,UNSPECIFIED,UNSPECIFIED,UNSPECIFIED,UNSPECIFIED,DEFECT_REPORT,CHARGING.WIRED,NOT_CHARGING,일반 충전은 되지만 고속 충전만 안 됨,UNKNOWN,ONLY_FAST_CHARGE,AFTER_AGING,ALWAYS,ALWAYS,FINANCIAL_OR_TIME_COST,S2,PRODUCT_DEFECT_POSSIBLE,HARDWARE_OR_COMPONENT,USB_C_PORT|CABLE|CHARGER|PMIC,USER_GUESS,자가진단 또는 서비스센터 점검,UNSPECIFIED,CAUSE_CHECK_OR_REPAIR,FALSE,NONE,LOW,SYNTHETIC_SCENARIO,FALSE,SRC002,CATEGORY_ANCHOR_NOT_ROW_EVIDENCE,STORE_REVIEW,EN,CONTEXT,TRAIN,GVS-0029,GALAXY_S_BASE_PLUS에서 UNKNOWN/ONLY_FAST_CHARGE 조건에 일반 충전은 되지만 고속 충전만 안 됨,관찰 사실과 원인 추정을 분리; 모델 기능 호환성 검사
GVS-0030,T03,유선 충전,CHARGING,PHONE,S_ULTRA,GALAXY_S_ULTRA,UNSPECIFIED,UNSPECIFIED,UNSPECIFIED,UNSPECIFIED,DEFECT_REPORT,CHARGING.WIRED,SLOW_CHARGING,기기가 뜨거우면 충전 속도가 크게 제한됨,HIGH_TEMP,DEVICE_HOT,UNKNOWN,RARE,UNKNOWN,USER_CONFUSION,S3,ACCESSORY_RELATED,ACCESSORY,USB_C_PORT|CABLE|CHARGER|PMIC,USER_GUESS,다른 액세서리로 교차 확인,UNSPECIFIED,CAUSE_CHECK_OR_REPAIR,FALSE,NONE,HIGH,SYNTHETIC_SCENARIO,FALSE,SRC002,CATEGORY_ANCHOR_NOT_ROW_EVIDENCE,EMAIL_COMPLAINT,KO_EN_MIXED,MULTIPLE_FIELDS,TRAIN,GVS-0030,GALAXY_S_ULTRA에서 HIGH_TEMP/DEVICE_HOT 조건에 기기가 뜨거우면 충전 속도가 크게 제한됨,관찰 사실과 원인 추정을 분리; 모델 기능 호환성 검사
GVS-0031,T04,무선 충전과 PowerShare,CHARGING,PHONE,S_BASE_PLUS,GALAXY_S_BASE_PLUS,UNSPECIFIED,UNSPECIFIED,UNSPECIFIED,UNSPECIFIED,DEFECT_REPORT,CHARGING.WIRELESS,NOT_CHARGING,케이스를 씌우면 무선 충전이 시작되지 않음,CASE,THICK_CASE,AFTER_EVENT,INTERMITTENT,CONDITIONAL,BATTERY_ANXIETY,S1,ACCESSORY_RELATED,ACCESSORY,WIRELESS_COIL|CASE|CHARGER|ALIGNMENT,USER_GUESS,다른 액세서리로 교차 확인,UNSPECIFIED,CAUSE_CHECK_OR_REPAIR,FALSE,NONE,LOW,SYNTHETIC_SCENARIO,FALSE,SRC004,CATEGORY_ANCHOR_NOT_ROW_EVIDENCE,SAMSUNG_MEMBERS,KO,NONE,TRAIN,GVS-0031,GALAXY_S_BASE_PLUS에서 CASE/THICK_CASE 조건에 케이스를 씌우면 무선 충전이 시작되지 않음,관찰 사실과 원인 추정을 분리; 모델 기능 호환성 검사
GVS-0032,T04,무선 충전과 PowerShare,CHARGING,PHONE,S_ULTRA,GALAXY_S_ULTRA,UNSPECIFIED,UNSPECIFIED,UNSPECIFIED,UNSPECIFIED,DEFECT_REPORT,CHARGING.WIRELESS,SLOW_CHARGING,충전 패드 위치를 조금만 벗어나도 반복 중단,CHARGING,MISALIGNED,IMMEDIATE,DAILY,REPRODUCIBLE,PRIMARY_FUNCTION_DEGRADED,S2,ENVIRONMENT_RELATED,ENVIRONMENTAL_CONDITION,WIRELESS_COIL|CASE|CHARGER|ALIGNMENT,USER_GUESS,환경 조건 제거 후 재시험,UNSPECIFIED,CAUSE_CHECK_OR_REPAIR,FALSE,NONE,MEDIUM,SYNTHETIC_SCENARIO,FALSE,SRC004,CATEGORY_ANCHOR_NOT_ROW_EVIDENCE,ECOMMERCE_REVIEW,KO,MODEL_VERSION,TEST,GVS-0032,GALAXY_S_ULTRA에서 CHARGING/MISALIGNED 조건에 충전 패드 위치를 조금만 벗어나도 반복 중단,관찰 사실과 원인 추정을 분리; 모델 기능 호환성 검사
GVS-0033,T04,무선 충전과 PowerShare,CHARGING,PHONE,S_FE,GALAXY_S_FE,UNSPECIFIED,UNSPECIFIED,UNSPECIFIED,UNSPECIFIED,DEFECT_REPORT,CHARGING.WIRELESS,INTERMITTENT,차량 무선 충전에서 과열 경고가 발생,HIGH_TEMP,CAR_PAD,GRADUAL,FREQUENT,NOT_TESTED,TASK_DELAY,S1,PRODUCT_DEFECT_POSSIBLE,HARDWARE_OR_COMPONENT,WIRELESS_COIL|CASE|CHARGER|ALIGNMENT,USER_GUESS,자가진단 또는 서비스센터 점검,UNSPECIFIED,CAUSE_CHECK_OR_REPAIR,FALSE,NONE,MEDIUM,SYNTHETIC_SCENARIO,FALSE,SRC004,CATEGORY_ANCHOR_NOT_ROW_EVIDENCE,CALL_CENTER_TRANSCRIPT,KO,FREQUENCY,TRAIN,GVS-0033,GALAXY_S_FE에서 HIGH_TEMP/CAR_PAD 조건에 차량 무선 충전에서 과열 경고가 발생,관찰 사실과 원인 추정을 분리; 모델 기능 호환성 검사
GVS-0034,T04,무선 충전과 PowerShare,CHARGING,PHONE,Z_FOLD,GALAXY_Z_FOLD,UNSPECIFIED,UNSPECIFIED,UNSPECIFIED,UNSPECIFIED,DEFECT_REPORT,CHARGING.WIRELESS,OVERHEAT,밤새 올려뒀는데 충전량이 거의 늘지 않음,PLUG_IN,OVERNIGHT,AFTER_AGING,ALWAYS,ALWAYS,MISSED_MOMENT,S2,UNKNOWN,UNKNOWN,WIRELESS_COIL|CASE|CHARGER|ALIGNMENT,USER_GUESS,조치 정보 없음,UNSPECIFIED,CAUSE_CHECK_OR_REPAIR,FALSE,NONE,LOW,SYNTHETIC_SCENARIO,FALSE,SRC004,CATEGORY_ANCHOR_NOT_ROW_EVIDENCE,SERVICE_INTAKE,KO,TRIGGER,VALID,GVS-0034,GALAXY_Z_FOLD에서 PLUG_IN/OVERNIGHT 조건에 밤새 올려뒀는데 충전량이 거의 늘지 않음,관찰 사실과 원인 추정을 분리; 모델 기능 호환성 검사
GVS-0035,T04,무선 충전과 PowerShare,CHARGING,PHONE,Z_FLIP,GALAXY_Z_FLIP,UNSPECIFIED,UNSPECIFIED,UNSPECIFIED,UNSPECIFIED,DEFECT_REPORT,CHARGING.POWERSHARE,INCOMPATIBLE,워치에 배터리 공유가 시작되지 않음,UNKNOWN,POWERSHARE_WATCH,UNKNOWN,RARE,UNKNOWN,WORK_INTERRUPTED,S1,ACCESSORY_RELATED,ACCESSORY,WIRELESS_COIL|CASE|CHARGER|ALIGNMENT,USER_GUESS,다른 액세서리로 교차 확인,UNSPECIFIED,CAUSE_CHECK_OR_REPAIR,FALSE,NONE,HIGH,SYNTHETIC_SCENARIO,FALSE,SRC004,CATEGORY_ANCHOR_NOT_ROW_EVIDENCE,SNS_POST,KO,ATTEMPTED_ACTION,TRAIN,GVS-0035,GALAXY_Z_FLIP에서 UNKNOWN/POWERSHARE_WATCH 조건에 워치에 배터리 공유가 시작되지 않음,관찰 사실과 원인 추정을 분리; 모델 기능 호환성 검사
GVS-0036,T04,무선 충전과 PowerShare,CHARGING,PHONE,S_BASE_PLUS,GALAXY_S_BASE_PLUS,UNSPECIFIED,UNSPECIFIED,UNSPECIFIED,UNSPECIFIED,DEFECT_REPORT,CHARGING.WIRELESS,NOT_CHARGING,자석 링 액세서리 장착 후 충전이 불안정,CASE,MAGNETIC_ACCESSORY,AFTER_EVENT,INTERMITTENT,CONDITIONAL,REPEATED_RETRY,S2,ENVIRONMENT_RELATED,ENVIRONMENTAL_CONDITION,WIRELESS_COIL|CASE|CHARGER|ALIGNMENT,USER_GUESS,환경 조건 제거 후 재시험,UNSPECIFIED,CAUSE_CHECK_OR_REPAIR,FALSE,NONE,LOW,SYNTHETIC_SCENARIO,FALSE,SRC004,CATEGORY_ANCHOR_NOT_ROW_EVIDENCE,COMMUNITY_POST,KO,MODEL_AND_VERSION,TRAIN,GVS-0036,GALAXY_S_BASE_PLUS에서 CASE/MAGNETIC_ACCESSORY 조건에 자석 링 액세서리 장착 후 충전이 불안정,관찰 사실과 원인 추정을 분리; 모델 기능 호환성 검사
GVS-0037,T04,무선 충전과 PowerShare,CHARGING,PHONE,S_ULTRA,GALAXY_S_ULTRA,UNSPECIFIED,UNSPECIFIED,UNSPECIFIED,UNSPECIFIED,DEFECT_REPORT,CHARGING.WIRELESS,SLOW_CHARGING,타사 Qi 패드에서만 속도가 매우 느림,CHARGING,THIRD_PARTY_PAD,IMMEDIATE,DAILY,REPRODUCIBLE,DATA_OR_SERVICE_UNAVAILABLE,S1,PRODUCT_DEFECT_POSSIBLE,HARDWARE_OR_COMPONENT,WIRELESS_COIL|CASE|CHARGER|ALIGNMENT,USER_GUESS,자가진단 또는 서비스센터 점검,UNSPECIFIED,CAUSE_CHECK_OR_REPAIR,FALSE,NONE,MEDIUM,SYNTHETIC_SCENARIO,FALSE,SRC004,CATEGORY_ANCHOR_NOT_ROW_EVIDENCE,CHAT_SUPPORT,KO,TIME_PATTERN,TRAIN,GVS-0037,GALAXY_S_ULTRA에서 CHARGING/THIRD_PARTY_PAD 조건에 타사 Qi 패드에서만 속도가 매우 느림,관찰 사실과 원인 추정을 분리; 모델 기능 호환성 검사
GVS-0038,T04,무선 충전과 PowerShare,CHARGING,PHONE,Z_FOLD,GALAXY_Z_FOLD,UNSPECIFIED,UNSPECIFIED,UNSPECIFIED,UNSPECIFIED,DEFECT_REPORT,CHARGING.POWERSHARE,INTERMITTENT,폰 잔량이 낮을 때 배터리 공유가 자동 종료,HIGH_TEMP,LOW_BATTERY,GRADUAL,FREQUENT,NOT_TESTED,TRAVEL_DISRUPTION,S2,UNKNOWN,UNKNOWN,WIRELESS_COIL|CASE|CHARGER|ALIGNMENT,USER_GUESS,조치 정보 없음,UNSPECIFIED,CAUSE_CHECK_OR_REPAIR,FALSE,NONE,MEDIUM,SYNTHETIC_SCENARIO,FALSE,SRC004,CATEGORY_ANCHOR_NOT_ROW_EVIDENCE,SURVEY_FREE_TEXT,EN,NONE,TRAIN,GVS-0038,GALAXY_Z_FOLD에서 HIGH_TEMP/LOW_BATTERY 조건에 폰 잔량이 낮을 때 배터리 공유가 자동 종료,관찰 사실과 원인 추정을 분리; 모델 기능 호환성 검사
GVS-0039,T04,무선 충전과 PowerShare,CHARGING,PHONE,Z_FLIP,GALAXY_Z_FLIP,UNSPECIFIED,UNSPECIFIED,UNSPECIFIED,UNSPECIFIED,DEFECT_REPORT,CHARGING.WIRELESS,OVERHEAT,화면을 켜고 쓰면 무선 충전 중 발열이 심함,PLUG_IN,SCREEN_ON,AFTER_AGING,ALWAYS,ALWAYS,FINANCIAL_OR_TIME_COST,S1,ACCESSORY_RELATED,ACCESSORY,WIRELESS_COIL|CASE|CHARGER|ALIGNMENT,USER_GUESS,다른 액세서리로 교차 확인,UNSPECIFIED,CAUSE_CHECK_OR_REPAIR,FALSE,NONE,LOW,SYNTHETIC_SCENARIO,FALSE,SRC004,CATEGORY_ANCHOR_NOT_ROW_EVIDENCE,STORE_REVIEW,EN,CONTEXT,TRAIN,GVS-0039,GALAXY_Z_FLIP에서 PLUG_IN/SCREEN_ON 조건에 화면을 켜고 쓰면 무선 충전 중 발열이 심함,관찰 사실과 원인 추정을 분리; 모델 기능 호환성 검사
GVS-0040,T04,무선 충전과 PowerShare,CHARGING,PHONE,A_SERIES,GALAXY_A,UNSPECIFIED,UNSPECIFIED,UNSPECIFIED,UNSPECIFIED,DEFECT_REPORT,CHARGING.WIRELESS,INCOMPATIBLE,A시리즈에서 무선충전 메뉴를 찾을 수 없음,UNKNOWN,A_SERIES_UNVERIFIED,UNKNOWN,RARE,UNKNOWN,USER_CONFUSION,S2,ENVIRONMENT_RELATED,ENVIRONMENTAL_CONDITION,WIRELESS_COIL|CASE|CHARGER|ALIGNMENT,USER_GUESS,환경 조건 제거 후 재시험,UNSPECIFIED,CAUSE_CHECK_OR_REPAIR,TRUE,NONE,HIGH,SYNTHETIC_SCENARIO,FALSE,SRC004,CATEGORY_ANCHOR_NOT_ROW_EVIDENCE,EMAIL_COMPLAINT,KO_EN_MIXED,MULTIPLE_FIELDS,TRAIN,GVS-0040,GALAXY_A에서 UNKNOWN/A_SERIES_UNVERIFIED 조건에 A시리즈에서 무선충전 메뉴를 찾을 수 없음,불량 확정 금지; 정상·설정·외부 요인을 원문에서 확정하지 말 것
GVS-0041,T05,발열,THERMAL,PHONE,S_BASE_PLUS,GALAXY_S_BASE_PLUS,UNSPECIFIED,UNSPECIFIED,UNSPECIFIED,UNSPECIFIED,DEFECT_REPORT,THERMAL.DEVICE,OVERHEAT,기기 이전 중 손에 들기 어려울 만큼 뜨거움,INITIAL_SETUP,DATA_RESTORE,AFTER_EVENT,INTERMITTENT,CONDITIONAL,BATTERY_ANXIETY,S1,SOFTWARE_POSSIBLE,SOFTWARE_UPDATE_OR_APP,AP|MODEM|BATTERY|THERMAL_MANAGEMENT,USER_GUESS,재부팅·업데이트·안전모드 중 일부 시도,UNSPECIFIED,CAUSE_CHECK_OR_REPAIR,FALSE,NONE,LOW,SYNTHETIC_SCENARIO,FALSE,SRC015,CATEGORY_ANCHOR_NOT_ROW_EVIDENCE,SAMSUNG_MEMBERS,KO,NONE,VALID,GVS-0041,GALAXY_S_BASE_PLUS에서 INITIAL_SETUP/DATA_RESTORE 조건에 기기 이전 중 손에 들기 어려울 만큼 뜨거움,관찰 사실과 원인 추정을 분리; 모델 기능 호환성 검사
GVS-0042,T05,발열,THERMAL,PHONE,S_ULTRA,GALAXY_S_ULTRA,UNSPECIFIED,UNSPECIFIED,UNSPECIFIED,UNSPECIFIED,DEFECT_REPORT,THERMAL.DEVICE,DEGRADED,5G 약전계에서 상단부가 계속 뜨거움,FIVE_G,WEAK_SIGNAL,IMMEDIATE,DAILY,REPRODUCIBLE,PRIMARY_FUNCTION_DEGRADED,S2,ENVIRONMENT_RELATED,ENVIRONMENTAL_CONDITION,AP|MODEM|BATTERY|THERMAL_MANAGEMENT,USER_GUESS,환경 조건 제거 후 재시험,UNSPECIFIED,CAUSE_CHECK_OR_REPAIR,FALSE,NONE,MEDIUM,SYNTHETIC_SCENARIO,FALSE,SRC015,CATEGORY_ANCHOR_NOT_ROW_EVIDENCE,ECOMMERCE_REVIEW,KO,MODEL_VERSION,TRAIN,GVS-0042,GALAXY_S_ULTRA에서 FIVE_G/WEAK_SIGNAL 조건에 5G 약전계에서 상단부가 계속 뜨거움,관찰 사실과 원인 추정을 분리; 모델 기능 호환성 검사
GVS-0043,T05,발열,THERMAL,PHONE,S_FE,GALAXY_S_FE,UNSPECIFIED,UNSPECIFIED,UNSPECIFIED,UNSPECIFIED,DEFECT_REPORT,THERMAL.DEVICE,OVERHEAT,4K 촬영 몇 분 뒤 밝기와 성능이 제한됨,CAMERA_USE,4K_VIDEO,GRADUAL,FREQUENT,NOT_TESTED,TASK_DELAY,S3,PRODUCT_DEFECT_POSSIBLE,HARDWARE_OR_COMPONENT,AP|MODEM|BATTERY|THERMAL_MANAGEMENT,USER_GUESS,자가진단 또는 서비스센터 점검,UNSPECIFIED,CAUSE_CHECK_OR_REPAIR,FALSE,NONE,MEDIUM,SYNTHETIC_SCENARIO,FALSE,SRC015,CATEGORY_ANCHOR_NOT_ROW_EVIDENCE,CALL_CENTER_TRANSCRIPT,KO,FREQUENCY,TRAIN,GVS-0043,GALAXY_S_FE에서 CAMERA_USE/4K_VIDEO 조건에 4K 촬영 몇 분 뒤 밝기와 성능이 제한됨,관찰 사실과 원인 추정을 분리; 모델 기능 호환성 검사
GVS-0044,T05,발열,THERMAL,PHONE,Z_FOLD,GALAXY_Z_FOLD,UNSPECIFIED,UNSPECIFIED,UNSPECIFIED,UNSPECIFIED,DEFECT_REPORT,THERMAL.DEVICE,DEGRADED,영상통화 중 과열 알림으로 통화가 종료,VIDEO_CALL,LONG_CALL,AFTER_AGING,ALWAYS,ALWAYS,MISSED_MOMENT,S1,NETWORK_PROVIDER_RELATED,NETWORK_OR_EXTERNAL_SERVICE,AP|MODEM|BATTERY|THERMAL_MANAGEMENT,USER_GUESS,다른 망·장소·기기로 교차 확인,UNSPECIFIED,CAUSE_CHECK_OR_REPAIR,FALSE,NONE,LOW,SYNTHETIC_SCENARIO,FALSE,SRC015,CATEGORY_ANCHOR_NOT_ROW_EVIDENCE,SERVICE_INTAKE,KO,TRIGGER,TRAIN,GVS-0044,GALAXY_Z_FOLD에서 VIDEO_CALL/LONG_CALL 조건에 영상통화 중 과열 알림으로 통화가 종료,관찰 사실과 원인 추정을 분리; 모델 기능 호환성 검사
GVS-0045,T05,발열,THERMAL,PHONE,Z_FLIP,GALAXY_Z_FLIP,UNSPECIFIED,UNSPECIFIED,UNSPECIFIED,UNSPECIFIED,DEFECT_REPORT,THERMAL.DEVICE,OVERHEAT,차량 거치대에서 내비게이션 중 과열,NAVIGATION,CAR_DASH,UNKNOWN,RARE,UNKNOWN,WORK_INTERRUPTED,S2,SOFTWARE_POSSIBLE,SOFTWARE_UPDATE_OR_APP,AP|MODEM|BATTERY|THERMAL_MANAGEMENT,USER_GUESS,재부팅·업데이트·안전모드 중 일부 시도,UNSPECIFIED,CAUSE_CHECK_OR_REPAIR,FALSE,NONE,HIGH,SYNTHETIC_SCENARIO,FALSE,SRC015,CATEGORY_ANCHOR_NOT_ROW_EVIDENCE,SNS_POST,KO,ATTEMPTED_ACTION,TRAIN,GVS-0045,GALAXY_Z_FLIP에서 NAVIGATION/CAR_DASH 조건에 차량 거치대에서 내비게이션 중 과열,관찰 사실과 원인 추정을 분리; 모델 기능 호환성 검사
GVS-0046,T05,발열,THERMAL,PHONE,A_SERIES,GALAXY_A,UNSPECIFIED,UNSPECIFIED,UNSPECIFIED,UNSPECIFIED,DEFECT_REPORT,THERMAL.DEVICE,DEGRADED,고속 충전 중 프레임까지 뜨거워짐,CHARGING,FAST_CHARGE,AFTER_EVENT,INTERMITTENT,CONDITIONAL,REPEATED_RETRY,S3,ENVIRONMENT_RELATED,ENVIRONMENTAL_CONDITION,AP|MODEM|BATTERY|THERMAL_MANAGEMENT,USER_GUESS,환경 조건 제거 후 재시험,UNSPECIFIED,CAUSE_CHECK_OR_REPAIR,FALSE,NONE,LOW,SYNTHETIC_SCENARIO,FALSE,SRC015,CATEGORY_ANCHOR_NOT_ROW_EVIDENCE,COMMUNITY_POST,KO,MODEL_AND_VERSION,TRAIN,GVS-0046,GALAXY_A에서 CHARGING/FAST_CHARGE 조건에 고속 충전 중 프레임까지 뜨거워짐,관찰 사실과 원인 추정을 분리; 모델 기능 호환성 검사
GVS-0047,T05,발열,THERMAL,TABLET,TAB_S,GALAXY_TAB_S,UNSPECIFIED,UNSPECIFIED,UNSPECIFIED,UNSPECIFIED,DEFECT_REPORT,THERMAL.DEVICE,OVERHEAT,게임 중 쓰로틀링으로 프레임이 급락,GAMING,HIGH_GRAPHICS,IMMEDIATE,DAILY,REPRODUCIBLE,DATA_OR_SERVICE_UNAVAILABLE,S1,PRODUCT_DEFECT_POSSIBLE,HARDWARE_OR_COMPONENT,AP|MODEM|BATTERY|THERMAL_MANAGEMENT,USER_GUESS,자가진단 또는 서비스센터 점검,UNSPECIFIED,CAUSE_CHECK_OR_REPAIR,FALSE,NONE,MEDIUM,SYNTHETIC_SCENARIO,FALSE,SRC015,CATEGORY_ANCHOR_NOT_ROW_EVIDENCE,CHAT_SUPPORT,KO,TIME_PATTERN,TRAIN,GVS-0047,GALAXY_TAB_S에서 GAMING/HIGH_GRAPHICS 조건에 게임 중 쓰로틀링으로 프레임이 급락,관찰 사실과 원인 추정을 분리; 모델 기능 호환성 검사
GVS-0048,T05,발열,THERMAL,PHONE,S_BASE_PLUS,GALAXY_S_BASE_PLUS,UNSPECIFIED,UNSPECIFIED,UNSPECIFIED,UNSPECIFIED,DEFECT_REPORT,THERMAL.DEVICE,DEGRADED,업데이트 직후 며칠간 유휴 상태에서도 발열,OS_UPDATE,BACKGROUND_OPTIMIZATION,GRADUAL,FREQUENT,NOT_TESTED,TRAVEL_DISRUPTION,S2,NETWORK_PROVIDER_RELATED,NETWORK_OR_EXTERNAL_SERVICE,AP|MODEM|BATTERY|THERMAL_MANAGEMENT,USER_GUESS,다른 망·장소·기기로 교차 확인,UNSPECIFIED,CAUSE_CHECK_OR_REPAIR,FALSE,NONE,MEDIUM,SYNTHETIC_SCENARIO,FALSE,SRC015,CATEGORY_ANCHOR_NOT_ROW_EVIDENCE,SURVEY_FREE_TEXT,EN,NONE,VALID,GVS-0048,GALAXY_S_BASE_PLUS에서 OS_UPDATE/BACKGROUND_OPTIMIZATION 조건에 업데이트 직후 며칠간 유휴 상태에서도 발열,관찰 사실과 원인 추정을 분리; 모델 기능 호환성 검사
GVS-0049,T05,발열,THERMAL,PHONE,S_ULTRA,GALAXY_S_ULTRA,UNSPECIFIED,UNSPECIFIED,UNSPECIFIED,UNSPECIFIED,DEFECT_REPORT,THERMAL.DEVICE,OVERHEAT,여름 야외에서 카메라가 실행되지 않음,HIGH_TEMP,SUMMER_OUTDOOR,AFTER_AGING,ALWAYS,ALWAYS,FINANCIAL_OR_TIME_COST,S3,SOFTWARE_POSSIBLE,SOFTWARE_UPDATE_OR_APP,AP|MODEM|BATTERY|THERMAL_MANAGEMENT,USER_GUESS,재부팅·업데이트·안전모드 중 일부 시도,UNSPECIFIED,CAUSE_CHECK_OR_REPAIR,FALSE,NONE,LOW,SYNTHETIC_SCENARIO,FALSE,SRC015,CATEGORY_ANCHOR_NOT_ROW_EVIDENCE,STORE_REVIEW,EN,CONTEXT,TRAIN,GVS-0049,GALAXY_S_ULTRA에서 HIGH_TEMP/SUMMER_OUTDOOR 조건에 여름 야외에서 카메라가 실행되지 않음,관찰 사실과 원인 추정을 분리; 모델 기능 호환성 검사
GVS-0050,T05,발열,THERMAL,PHONE,S_FE,GALAXY_S_FE,UNSPECIFIED,UNSPECIFIED,UNSPECIFIED,UNSPECIFIED,DEFECT_REPORT,THERMAL.DEVICE,DEGRADED,화면을 끈 상태에서도 비정상 발열,IDLE,SCREEN_OFF,UNKNOWN,RARE,UNKNOWN,USER_CONFUSION,S1,ENVIRONMENT_RELATED,ENVIRONMENTAL_CONDITION,AP|MODEM|BATTERY|THERMAL_MANAGEMENT,USER_GUESS,환경 조건 제거 후 재시험,UNSPECIFIED,CAUSE_CHECK_OR_REPAIR,FALSE,NONE,HIGH,SYNTHETIC_SCENARIO,FALSE,SRC015,CATEGORY_ANCHOR_NOT_ROW_EVIDENCE,EMAIL_COMPLAINT,KO_EN_MIXED,MULTIPLE_FIELDS,TRAIN,GVS-0050,GALAXY_S_FE에서 IDLE/SCREEN_OFF 조건에 화면을 끈 상태에서도 비정상 발열,관찰 사실과 원인 추정을 분리; 모델 기능 호환성 검사
GVS-0051,T06,UI 성능과 OS 안정성,PERFORMANCE,PHONE,S_BASE_PLUS,GALAXY_S_BASE_PLUS,UNSPECIFIED,UNSPECIFIED,UNSPECIFIED,UNSPECIFIED,PERFORMANCE_COMPLAINT,PERFORMANCE.UI,SLOW,스크롤이 일정 간격으로 끊김,OS_UPDATE,SCROLLING,AFTER_EVENT,INTERMITTENT,CONDITIONAL,BATTERY_ANXIETY,S1,SOFTWARE_POSSIBLE,SOFTWARE_UPDATE_OR_APP,ONE_UI|AP|RAM|STORAGE|APP,USER_GUESS,재부팅·업데이트·안전모드 중 일부 시도,UNSPECIFIED,SOFTWARE_FIX_OR_OPTIMIZATION,FALSE,NONE,LOW,SYNTHETIC_SCENARIO,FALSE,SRC025,CATEGORY_ANCHOR_NOT_ROW_EVIDENCE,SAMSUNG_MEMBERS,KO,NONE,TRAIN,GVS-0051,GALAXY_S_BASE_PLUS에서 OS_UPDATE/SCROLLING 조건에 스크롤이 일정 간격으로 끊김,관찰 사실과 원인 추정을 분리; 모델 기능 호환성 검사
GVS-0052,T06,UI 성능과 OS 안정성,PERFORMANCE,PHONE,S_ULTRA,GALAXY_S_ULTRA,UNSPECIFIED,UNSPECIFIED,UNSPECIFIED,UNSPECIFIED,PERFORMANCE_COMPLAINT,PERFORMANCE.APP,DELAY,앱 전환 때 빈 화면이 오래 보임,APP_UPDATE,APP_SWITCH,IMMEDIATE,DAILY,REPRODUCIBLE,PRIMARY_FUNCTION_DEGRADED,S2,UNKNOWN,UNKNOWN,ONE_UI|AP|RAM|STORAGE|APP,USER_GUESS,조치 정보 없음,UNSPECIFIED,SOFTWARE_FIX_OR_OPTIMIZATION,FALSE,NONE,MEDIUM,SYNTHETIC_SCENARIO,FALSE,SRC025,CATEGORY_ANCHOR_NOT_ROW_EVIDENCE,ECOMMERCE_REVIEW,KO,MODEL_VERSION,TEST,GVS-0052,GALAXY_S_ULTRA에서 APP_UPDATE/APP_SWITCH 조건에 앱 전환 때 빈 화면이 오래 보임,관찰 사실과 원인 추정을 분리; 모델 기능 호환성 검사
GVS-0053,T06,UI 성능과 OS 안정성,PERFORMANCE,PHONE,S_FE,GALAXY_S_FE,UNSPECIFIED,UNSPECIFIED,UNSPECIFIED,UNSPECIFIED,PERFORMANCE_COMPLAINT,STABILITY.OS,FREEZE,사진 촬영 후 갤러리 전환에서 멈춤,GAMING,CAMERA_TO_GALLERY,GRADUAL,FREQUENT,NOT_TESTED,TASK_DELAY,S3,SETTINGS_RELATED,USER_SETTING,ONE_UI|AP|RAM|STORAGE|APP,USER_GUESS,설정 확인 또는 기본값 복원,UNSPECIFIED,SOFTWARE_FIX_OR_OPTIMIZATION,FALSE,NONE,MEDIUM,SYNTHETIC_SCENARIO,FALSE,SRC025,CATEGORY_ANCHOR_NOT_ROW_EVIDENCE,CALL_CENTER_TRANSCRIPT,KO,FREQUENCY,TRAIN,GVS-0053,GALAXY_S_FE에서 GAMING/CAMERA_TO_GALLERY 조건에 사진 촬영 후 갤러리 전환에서 멈춤,관찰 사실과 원인 추정을 분리; 모델 기능 호환성 검사
GVS-0054,T06,UI 성능과 OS 안정성,PERFORMANCE,PHONE,Z_FOLD,GALAXY_Z_FOLD,UNSPECIFIED,UNSPECIFIED,UNSPECIFIED,UNSPECIFIED,PERFORMANCE_COMPLAINT,PERFORMANCE.UI,CRASH,저장공간 부족 경고 뒤 전체적으로 느려짐,SETTINGS_CHANGE,LOW_STORAGE,AFTER_AGING,ALWAYS,ALWAYS,MISSED_MOMENT,S1,SOFTWARE_POSSIBLE,SOFTWARE_UPDATE_OR_APP,ONE_UI|AP|RAM|STORAGE|APP,USER_GUESS,재부팅·업데이트·안전모드 중 일부 시도,UNSPECIFIED,SOFTWARE_FIX_OR_OPTIMIZATION,FALSE,NONE,LOW,SYNTHETIC_SCENARIO,FALSE,SRC025,CATEGORY_ANCHOR_NOT_ROW_EVIDENCE,SERVICE_INTAKE,KO,TRIGGER,TRAIN,GVS-0054,GALAXY_Z_FOLD에서 SETTINGS_CHANGE/LOW_STORAGE 조건에 저장공간 부족 경고 뒤 전체적으로 느려짐,관찰 사실과 원인 추정을 분리; 모델 기능 호환성 검사
GVS-0055,T06,UI 성능과 OS 안정성,PERFORMANCE,PHONE,Z_FLIP,GALAXY_Z_FLIP,UNSPECIFIED,UNSPECIFIED,UNSPECIFIED,UNSPECIFIED,PERFORMANCE_COMPLAINT,PERFORMANCE.APP,RESTART,Good Lock 적용 후 홈 화면이 반복 종료,INITIAL_SETUP,GOOD_LOCK,UNKNOWN,RARE,UNKNOWN,WORK_INTERRUPTED,S2,UNKNOWN,UNKNOWN,ONE_UI|AP|RAM|STORAGE|APP,USER_GUESS,조치 정보 없음,UNSPECIFIED,SOFTWARE_FIX_OR_OPTIMIZATION,FALSE,NONE,HIGH,SYNTHETIC_SCENARIO,FALSE,SRC025,CATEGORY_ANCHOR_NOT_ROW_EVIDENCE,SNS_POST,KO,ATTEMPTED_ACTION,VALID,GVS-0055,GALAXY_Z_FLIP에서 INITIAL_SETUP/GOOD_LOCK 조건에 Good Lock 적용 후 홈 화면이 반복 종료,관찰 사실과 원인 추정을 분리; 모델 기능 호환성 검사
GVS-0056,T06,UI 성능과 OS 안정성,PERFORMANCE,PHONE,A_SERIES,GALAXY_A,UNSPECIFIED,UNSPECIFIED,UNSPECIFIED,UNSPECIFIED,PERFORMANCE_COMPLAINT,STABILITY.OS,SLOW,분할화면에서 앱 두 개가 동시에 멈춤,OS_UPDATE,MULTIWINDOW,AFTER_EVENT,INTERMITTENT,CONDITIONAL,REPEATED_RETRY,S3,SETTINGS_RELATED,USER_SETTING,ONE_UI|AP|RAM|STORAGE|APP,USER_GUESS,설정 확인 또는 기본값 복원,UNSPECIFIED,SOFTWARE_FIX_OR_OPTIMIZATION,FALSE,NONE,LOW,SYNTHETIC_SCENARIO,FALSE,SRC025,CATEGORY_ANCHOR_NOT_ROW_EVIDENCE,COMMUNITY_POST,KO,MODEL_AND_VERSION,TRAIN,GVS-0056,GALAXY_A에서 OS_UPDATE/MULTIWINDOW 조건에 분할화면에서 앱 두 개가 동시에 멈춤,관찰 사실과 원인 추정을 분리; 모델 기능 호환성 검사
GVS-0057,T06,UI 성능과 OS 안정성,PERFORMANCE,TABLET,TAB_S,GALAXY_TAB_S,UNSPECIFIED,UNSPECIFIED,UNSPECIFIED,UNSPECIFIED,PERFORMANCE_COMPLAINT,PERFORMANCE.UI,DELAY,고주사율인데 터치와 애니메이션이 어긋남,APP_UPDATE,HIGH_REFRESH_RATE,IMMEDIATE,DAILY,REPRODUCIBLE,DATA_OR_SERVICE_UNAVAILABLE,S1,SOFTWARE_POSSIBLE,SOFTWARE_UPDATE_OR_APP,ONE_UI|AP|RAM|STORAGE|APP,USER_GUESS,재부팅·업데이트·안전모드 중 일부 시도,UNSPECIFIED,SOFTWARE_FIX_OR_OPTIMIZATION,FALSE,NONE,MEDIUM,SYNTHETIC_SCENARIO,FALSE,SRC025,CATEGORY_ANCHOR_NOT_ROW_EVIDENCE,CHAT_SUPPORT,KO,TIME_PATTERN,TRAIN,GVS-0057,GALAXY_TAB_S에서 APP_UPDATE/HIGH_REFRESH_RATE 조건에 고주사율인데 터치와 애니메이션이 어긋남,관찰 사실과 원인 추정을 분리; 모델 기능 호환성 검사
GVS-0058,T06,UI 성능과 OS 안정성,PERFORMANCE,TABLET,TAB_A,GALAXY_TAB_A,UNSPECIFIED,UNSPECIFIED,UNSPECIFIED,UNSPECIFIED,PERFORMANCE_COMPLAINT,PERFORMANCE.APP,FREEZE,백그라운드 앱이 많을 때 키보드 입력 지연,GAMING,BACKGROUND_APPS,GRADUAL,FREQUENT,NOT_TESTED,TRAVEL_DISRUPTION,S2,UNKNOWN,UNKNOWN,ONE_UI|AP|RAM|STORAGE|APP,USER_GUESS,조치 정보 없음,UNSPECIFIED,SOFTWARE_FIX_OR_OPTIMIZATION,FALSE,NONE,MEDIUM,SYNTHETIC_SCENARIO,FALSE,SRC025,CATEGORY_ANCHOR_NOT_ROW_EVIDENCE,SURVEY_FREE_TEXT,EN,NONE,TEST,GVS-0058,GALAXY_TAB_A에서 GAMING/BACKGROUND_APPS 조건에 백그라운드 앱이 많을 때 키보드 입력 지연,관찰 사실과 원인 추정을 분리; 모델 기능 호환성 검사
GVS-0059,T06,UI 성능과 OS 안정성,PERFORMANCE,PHONE,S_BASE_PLUS,GALAXY_S_BASE_PLUS,UNSPECIFIED,UNSPECIFIED,UNSPECIFIED,UNSPECIFIED,PERFORMANCE_COMPLAINT,STABILITY.OS,CRASH,홈 화면이 재로딩되며 아이콘이 늦게 나타남,SETTINGS_CHANGE,HOME_SCREEN,AFTER_AGING,ALWAYS,ALWAYS,FINANCIAL_OR_TIME_COST,S3,SETTINGS_RELATED,USER_SETTING,ONE_UI|AP|RAM|STORAGE|APP,USER_GUESS,설정 확인 또는 기본값 복원,UNSPECIFIED,SOFTWARE_FIX_OR_OPTIMIZATION,FALSE,NONE,LOW,SYNTHETIC_SCENARIO,FALSE,SRC025,CATEGORY_ANCHOR_NOT_ROW_EVIDENCE,STORE_REVIEW,EN,CONTEXT,TRAIN,GVS-0059,GALAXY_S_BASE_PLUS에서 SETTINGS_CHANGE/HOME_SCREEN 조건에 홈 화면이 재로딩되며 아이콘이 늦게 나타남,관찰 사실과 원인 추정을 분리; 모델 기능 호환성 검사
GVS-0060,T06,UI 성능과 OS 안정성,PERFORMANCE,PHONE,S_ULTRA,GALAXY_S_ULTRA,UNSPECIFIED,UNSPECIFIED,UNSPECIFIED,UNSPECIFIED,PERFORMANCE_COMPLAINT,PERFORMANCE.UI,RESTART,부팅 로고에서 멈추거나 반복 재부팅,INITIAL_SETUP,BOOT,UNKNOWN,RARE,UNKNOWN,USER_CONFUSION,S1,SOFTWARE_POSSIBLE,SOFTWARE_UPDATE_OR_APP,ONE_UI|AP|RAM|STORAGE|APP,USER_GUESS,재부팅·업데이트·안전모드 중 일부 시도,UNSPECIFIED,SOFTWARE_FIX_OR_OPTIMIZATION,FALSE,NONE,HIGH,SYNTHETIC_SCENARIO,FALSE,SRC025,CATEGORY_ANCHOR_NOT_ROW_EVIDENCE,EMAIL_COMPLAINT,KO_EN_MIXED,MULTIPLE_FIELDS,TRAIN,GVS-0060,GALAXY_S_ULTRA에서 INITIAL_SETUP/BOOT 조건에 부팅 로고에서 멈추거나 반복 재부팅,관찰 사실과 원인 추정을 분리; 모델 기능 호환성 검사
GVS-0061,T07,일반 디스플레이 이상,DISPLAY,PHONE,S_BASE_PLUS,GALAXY_S_BASE_PLUS,UNSPECIFIED,UNSPECIFIED,UNSPECIFIED,UNSPECIFIED,DEFECT_REPORT,DISPLAY.MAIN,VISUAL_ARTIFACT,낮은 밝기의 회색 화면에서 자글거리는 그레인,LOW_LIGHT,LOW_BRIGHTNESS_GRAY,AFTER_EVENT,INTERMITTENT,CONDITIONAL,BATTERY_ANXIETY,S1,PRODUCT_DEFECT_POSSIBLE,HARDWARE_OR_COMPONENT,OLED_LCD_PANEL|DISPLAY_DRIVER|FLEX_CABLE,USER_GUESS,자가진단 또는 서비스센터 점검,UNSPECIFIED,CAUSE_CHECK_OR_REPAIR,FALSE,NONE,LOW,SYNTHETIC_SCENARIO,FALSE,SRC001,CATEGORY_ANCHOR_NOT_ROW_EVIDENCE,SAMSUNG_MEMBERS,KO,NONE,TRAIN,GVS-0061,GALAXY_S_BASE_PLUS에서 LOW_LIGHT/LOW_BRIGHTNESS_GRAY 조건에 낮은 밝기의 회색 화면에서 자글거리는 그레인,관찰 사실과 원인 추정을 분리; 모델 기능 호환성 검사
GVS-0062,T07,일반 디스플레이 이상,DISPLAY,PHONE,S_ULTRA,GALAXY_S_ULTRA,UNSPECIFIED,UNSPECIFIED,UNSPECIFIED,UNSPECIFIED,DEFECT_REPORT,DISPLAY.MAIN,NO_FUNCTION,다크모드에서 녹색 빛이 도는 얼룩,OS_UPDATE,DARK_MODE,IMMEDIATE,DAILY,REPRODUCIBLE,PRIMARY_FUNCTION_DEGRADED,S2,SOFTWARE_POSSIBLE,SOFTWARE_UPDATE_OR_APP,OLED_LCD_PANEL|DISPLAY_DRIVER|FLEX_CABLE,USER_GUESS,재부팅·업데이트·안전모드 중 일부 시도,UNSPECIFIED,CAUSE_CHECK_OR_REPAIR,FALSE,NONE,MEDIUM,SYNTHETIC_SCENARIO,FALSE,SRC001,CATEGORY_ANCHOR_NOT_ROW_EVIDENCE,ECOMMERCE_REVIEW,KO,MODEL_VERSION,TRAIN,GVS-0062,GALAXY_S_ULTRA에서 OS_UPDATE/DARK_MODE 조건에 다크모드에서 녹색 빛이 도는 얼룩,관찰 사실과 원인 추정을 분리; 모델 기능 호환성 검사
GVS-0063,T07,일반 디스플레이 이상,DISPLAY,PHONE,S_FE,GALAXY_S_FE,UNSPECIFIED,UNSPECIFIED,UNSPECIFIED,UNSPECIFIED,DEFECT_REPORT,DISPLAY.MAIN,INTERMITTENT,충격 후 화면에 세로줄이 생김,IMPACT,AFTER_DROP,GRADUAL,FREQUENT,NOT_TESTED,TASK_DELAY,S3,USER_CAUSE_POSSIBLE,DROP_LIQUID_OR_WEAR,OLED_LCD_PANEL|DISPLAY_DRIVER|FLEX_CABLE,USER_GUESS,손상 이력 확인,UNSPECIFIED,CAUSE_CHECK_OR_REPAIR,FALSE,NONE,MEDIUM,SYNTHETIC_SCENARIO,FALSE,SRC001,CATEGORY_ANCHOR_NOT_ROW_EVIDENCE,CALL_CENTER_TRANSCRIPT,KO,FREQUENCY,VALID,GVS-0063,GALAXY_S_FE에서 IMPACT/AFTER_DROP 조건에 충격 후 화면에 세로줄이 생김,관찰 사실과 원인 추정을 분리; 모델 기능 호환성 검사
GVS-0064,T07,일반 디스플레이 이상,DISPLAY,PHONE,A_SERIES,GALAXY_A,UNSPECIFIED,UNSPECIFIED,UNSPECIFIED,UNSPECIFIED,DEFECT_REPORT,DISPLAY.MAIN,DEGRADED,야외에서 자동 밝기가 갑자기 낮아짐,HIGH_TEMP,OUTDOOR,AFTER_AGING,ALWAYS,ALWAYS,MISSED_MOMENT,S1,PRODUCT_DEFECT_POSSIBLE,HARDWARE_OR_COMPONENT,OLED_LCD_PANEL|DISPLAY_DRIVER|FLEX_CABLE,USER_GUESS,자가진단 또는 서비스센터 점검,UNSPECIFIED,CAUSE_CHECK_OR_REPAIR,FALSE,NONE,LOW,SYNTHETIC_SCENARIO,FALSE,SRC001,CATEGORY_ANCHOR_NOT_ROW_EVIDENCE,SERVICE_INTAKE,KO,TRIGGER,TRAIN,GVS-0064,GALAXY_A에서 HIGH_TEMP/OUTDOOR 조건에 야외에서 자동 밝기가 갑자기 낮아짐,관찰 사실과 원인 추정을 분리; 모델 기능 호환성 검사
GVS-0065,T07,일반 디스플레이 이상,DISPLAY,PHONE,XCOVER,GALAXY_XCOVER,UNSPECIFIED,UNSPECIFIED,UNSPECIFIED,UNSPECIFIED,DEFECT_REPORT,DISPLAY.MAIN,VISUAL_ARTIFACT,영상 재생 중 검은 장면에 밴딩이 두드러짐,UNKNOWN,VIDEO_PLAYBACK,UNKNOWN,RARE,UNKNOWN,WORK_INTERRUPTED,S2,SOFTWARE_POSSIBLE,SOFTWARE_UPDATE_OR_APP,OLED_LCD_PANEL|DISPLAY_DRIVER|FLEX_CABLE,USER_GUESS,재부팅·업데이트·안전모드 중 일부 시도,UNSPECIFIED,CAUSE_CHECK_OR_REPAIR,FALSE,NONE,HIGH,SYNTHETIC_SCENARIO,FALSE,SRC001,CATEGORY_ANCHOR_NOT_ROW_EVIDENCE,SNS_POST,KO,ATTEMPTED_ACTION,TRAIN,GVS-0065,GALAXY_XCOVER에서 UNKNOWN/VIDEO_PLAYBACK 조건에 영상 재생 중 검은 장면에 밴딩이 두드러짐,관찰 사실과 원인 추정을 분리; 모델 기능 호환성 검사
GVS-0066,T07,일반 디스플레이 이상,DISPLAY,TABLET,TAB_S,GALAXY_TAB_S,UNSPECIFIED,UNSPECIFIED,UNSPECIFIED,UNSPECIFIED,DEFECT_REPORT,DISPLAY.MAIN,NO_FUNCTION,AOD 잔상이 일반 화면에도 남음,LOW_LIGHT,ALWAYS_ON_DISPLAY,AFTER_EVENT,INTERMITTENT,CONDITIONAL,REPEATED_RETRY,S3,USER_CAUSE_POSSIBLE,DROP_LIQUID_OR_WEAR,OLED_LCD_PANEL|DISPLAY_DRIVER|FLEX_CABLE,USER_GUESS,손상 이력 확인,UNSPECIFIED,CAUSE_CHECK_OR_REPAIR,FALSE,NONE,LOW,SYNTHETIC_SCENARIO,FALSE,SRC001,CATEGORY_ANCHOR_NOT_ROW_EVIDENCE,COMMUNITY_POST,KO,MODEL_AND_VERSION,TRAIN,GVS-0066,GALAXY_TAB_S에서 LOW_LIGHT/ALWAYS_ON_DISPLAY 조건에 AOD 잔상이 일반 화면에도 남음,관찰 사실과 원인 추정을 분리; 모델 기능 호환성 검사
GVS-0067,T07,일반 디스플레이 이상,DISPLAY,TABLET,TAB_A,GALAXY_TAB_A,UNSPECIFIED,UNSPECIFIED,UNSPECIFIED,UNSPECIFIED,DEFECT_REPORT,DISPLAY.MAIN,INTERMITTENT,흰 화면에서 붉은색 편차가 보임,OS_UPDATE,WHITE_SCREEN,IMMEDIATE,DAILY,REPRODUCIBLE,DATA_OR_SERVICE_UNAVAILABLE,S1,PRODUCT_DEFECT_POSSIBLE,HARDWARE_OR_COMPONENT,OLED_LCD_PANEL|DISPLAY_DRIVER|FLEX_CABLE,USER_GUESS,자가진단 또는 서비스센터 점검,UNSPECIFIED,CAUSE_CHECK_OR_REPAIR,FALSE,NONE,MEDIUM,SYNTHETIC_SCENARIO,FALSE,SRC001,CATEGORY_ANCHOR_NOT_ROW_EVIDENCE,CHAT_SUPPORT,KO,TIME_PATTERN,TRAIN,GVS-0067,GALAXY_TAB_A에서 OS_UPDATE/WHITE_SCREEN 조건에 흰 화면에서 붉은색 편차가 보임,관찰 사실과 원인 추정을 분리; 모델 기능 호환성 검사
GVS-0068,T07,일반 디스플레이 이상,DISPLAY,PHONE,S_BASE_PLUS,GALAXY_S_BASE_PLUS,UNSPECIFIED,UNSPECIFIED,UNSPECIFIED,UNSPECIFIED,DEFECT_REPORT,DISPLAY.MAIN,DEGRADED,회전할 때 화면이 깜빡임,IMPACT,ROTATION,GRADUAL,FREQUENT,NOT_TESTED,TRAVEL_DISRUPTION,S2,SOFTWARE_POSSIBLE,SOFTWARE_UPDATE_OR_APP,OLED_LCD_PANEL|DISPLAY_DRIVER|FLEX_CABLE,USER_GUESS,재부팅·업데이트·안전모드 중 일부 시도,UNSPECIFIED,CAUSE_CHECK_OR_REPAIR,FALSE,NONE,MEDIUM,SYNTHETIC_SCENARIO,FALSE,SRC001,CATEGORY_ANCHOR_NOT_ROW_EVIDENCE,SURVEY_FREE_TEXT,EN,NONE,TRAIN,GVS-0068,GALAXY_S_BASE_PLUS에서 IMPACT/ROTATION 조건에 회전할 때 화면이 깜빡임,관찰 사실과 원인 추정을 분리; 모델 기능 호환성 검사
GVS-0069,T07,일반 디스플레이 이상,DISPLAY,PHONE,S_ULTRA,GALAXY_S_ULTRA,UNSPECIFIED,UNSPECIFIED,UNSPECIFIED,UNSPECIFIED,DEFECT_REPORT,DISPLAY.MAIN,VISUAL_ARTIFACT,충전 중 화면 색온도가 반복 변함,HIGH_TEMP,CHARGING,AFTER_AGING,ALWAYS,ALWAYS,FINANCIAL_OR_TIME_COST,S3,USER_CAUSE_POSSIBLE,DROP_LIQUID_OR_WEAR,OLED_LCD_PANEL|DISPLAY_DRIVER|FLEX_CABLE,USER_GUESS,손상 이력 확인,UNSPECIFIED,CAUSE_CHECK_OR_REPAIR,FALSE,NONE,LOW,SYNTHETIC_SCENARIO,FALSE,SRC001,CATEGORY_ANCHOR_NOT_ROW_EVIDENCE,STORE_REVIEW,EN,CONTEXT,TRAIN,GVS-0069,GALAXY_S_ULTRA에서 HIGH_TEMP/CHARGING 조건에 충전 중 화면 색온도가 반복 변함,관찰 사실과 원인 추정을 분리; 모델 기능 호환성 검사
GVS-0070,T07,일반 디스플레이 이상,DISPLAY,PHONE,S_FE,GALAXY_S_FE,UNSPECIFIED,UNSPECIFIED,UNSPECIFIED,UNSPECIFIED,DEFECT_REPORT,DISPLAY.MAIN,NO_FUNCTION,간헐적으로 화면은 검지만 진동과 소리는 남음,UNKNOWN,RANDOM,UNKNOWN,RARE,UNKNOWN,USER_CONFUSION,S1,PRODUCT_DEFECT_POSSIBLE,HARDWARE_OR_COMPONENT,OLED_LCD_PANEL|DISPLAY_DRIVER|FLEX_CABLE,USER_GUESS,자가진단 또는 서비스센터 점검,UNSPECIFIED,CAUSE_CHECK_OR_REPAIR,FALSE,NONE,HIGH,SYNTHETIC_SCENARIO,FALSE,SRC001,CATEGORY_ANCHOR_NOT_ROW_EVIDENCE,EMAIL_COMPLAINT,KO_EN_MIXED,MULTIPLE_FIELDS,TRAIN,GVS-0070,GALAXY_S_FE에서 UNKNOWN/RANDOM 조건에 간헐적으로 화면은 검지만 진동과 소리는 남음,관찰 사실과 원인 추정을 분리; 모델 기능 호환성 검사
GVS-0071,T08,폴더블 내부 화면과 보호필름,FOLDABLE_DISPLAY,PHONE,Z_FOLD,GALAXY_Z_FOLD,UNSPECIFIED,UNSPECIFIED,UNSPECIFIED,UNSPECIFIED,DEFECT_REPORT,DISPLAY.INNER,PHYSICAL_DAMAGE,접힘부 중앙에서 보호필름이 들뜨기 시작,FOLD_CYCLES,CREASE,AFTER_EVENT,INTERMITTENT,CONDITIONAL,BATTERY_ANXIETY,S2,PRODUCT_DEFECT_POSSIBLE,HARDWARE_OR_COMPONENT,INNER_OLED|UTG|PROTECTOR|FLEX_CABLE,USER_GUESS,자가진단 또는 서비스센터 점검,UNSPECIFIED,CAUSE_CHECK_OR_REPAIR,FALSE,DAMAGE_PROGRESSION,LOW,SYNTHETIC_SCENARIO,FALSE,SRC006,CATEGORY_ANCHOR_NOT_ROW_EVIDENCE,SAMSUNG_MEMBERS,KO,NONE,TRAIN,GVS-0071,GALAXY_Z_FOLD에서 FOLD_CYCLES/CREASE 조건에 접힘부 중앙에서 보호필름이 들뜨기 시작,관찰 사실과 원인 추정을 분리; 모델 기능 호환성 검사
GVS-0072,T08,폴더블 내부 화면과 보호필름,FOLDABLE_DISPLAY,PHONE,Z_FLIP,GALAXY_Z_FLIP,UNSPECIFIED,UNSPECIFIED,UNSPECIFIED,UNSPECIFIED,DEFECT_REPORT,DISPLAY.PROTECTOR,VISUAL_ARTIFACT,접을 때 중앙에 기포가 길게 생김,FOLD,CENTER_LINE,IMMEDIATE,DAILY,REPRODUCIBLE,PRIMARY_FUNCTION_DEGRADED,S3,USER_CAUSE_POSSIBLE,DROP_LIQUID_OR_WEAR,INNER_OLED|UTG|PROTECTOR|FLEX_CABLE,USER_GUESS,손상 이력 확인,UNSPECIFIED,CAUSE_CHECK_OR_REPAIR,FALSE,DAMAGE_PROGRESSION,MEDIUM,SYNTHETIC_SCENARIO,FALSE,SRC007,CATEGORY_ANCHOR_NOT_ROW_EVIDENCE,ECOMMERCE_REVIEW,KO,MODEL_VERSION,TRAIN,GVS-0072,GALAXY_Z_FLIP에서 FOLD/CENTER_LINE 조건에 접을 때 중앙에 기포가 길게 생김,관찰 사실과 원인 추정을 분리; 모델 기능 호환성 검사
GVS-0073,T08,폴더블 내부 화면과 보호필름,FOLDABLE_DISPLAY,PHONE,Z_FOLD,GALAXY_Z_FOLD,UNSPECIFIED,UNSPECIFIED,UNSPECIFIED,UNSPECIFIED,DEFECT_REPORT,DISPLAY.INNER,NO_FUNCTION,내부 화면 가운데 검은 점이 점차 커짐,UNFOLD,AFTER_MONTHS,GRADUAL,FREQUENT,NOT_TESTED,TASK_DELAY,S2,UNKNOWN,UNKNOWN,INNER_OLED|UTG|PROTECTOR|FLEX_CABLE,USER_GUESS,조치 정보 없음,UNSPECIFIED,CAUSE_CHECK_OR_REPAIR,FALSE,DAMAGE_PROGRESSION,MEDIUM,SYNTHETIC_SCENARIO,FALSE,SRC016,CATEGORY_ANCHOR_NOT_ROW_EVIDENCE,CALL_CENTER_TRANSCRIPT,KO,FREQUENCY,TRAIN,GVS-0073,GALAXY_Z_FOLD에서 UNFOLD/AFTER_MONTHS 조건에 내부 화면 가운데 검은 점이 점차 커짐,관찰 사실과 원인 추정을 분리; 모델 기능 호환성 검사
GVS-0074,T08,폴더블 내부 화면과 보호필름,FOLDABLE_DISPLAY,PHONE,Z_FLIP,GALAXY_Z_FLIP,UNSPECIFIED,UNSPECIFIED,UNSPECIFIED,UNSPECIFIED,DEFECT_REPORT,DISPLAY.PROTECTOR,INTERMITTENT,추운 날 펼친 뒤 접힘부에 선이 생김,LOW_TEMP,COLD_OUTDOOR,AFTER_AGING,ALWAYS,ALWAYS,MISSED_MOMENT,S3,PRODUCT_DEFECT_POSSIBLE,HARDWARE_OR_COMPONENT,INNER_OLED|UTG|PROTECTOR|FLEX_CABLE,USER_GUESS,자가진단 또는 서비스센터 점검,UNSPECIFIED,CAUSE_CHECK_OR_REPAIR,FALSE,DAMAGE_PROGRESSION,LOW,SYNTHETIC_SCENARIO,FALSE,SRC017,CATEGORY_ANCHOR_NOT_ROW_EVIDENCE,SERVICE_INTAKE,KO,TRIGGER,TEST,GVS-0074,GALAXY_Z_FLIP에서 LOW_TEMP/COLD_OUTDOOR 조건에 추운 날 펼친 뒤 접힘부에 선이 생김,관찰 사실과 원인 추정을 분리; 모델 기능 호환성 검사
GVS-0075,T08,폴더블 내부 화면과 보호필름,FOLDABLE_DISPLAY,PHONE,Z_FOLD,GALAXY_Z_FOLD,UNSPECIFIED,UNSPECIFIED,UNSPECIFIED,UNSPECIFIED,DEFECT_REPORT,DISPLAY.INNER,PHYSICAL_DAMAGE,필름 가장자리가 뜨고 먼지가 들어감,DUST,EDGE_LIFT,UNKNOWN,RARE,UNKNOWN,WORK_INTERRUPTED,S2,USER_CAUSE_POSSIBLE,DROP_LIQUID_OR_WEAR,INNER_OLED|UTG|PROTECTOR|FLEX_CABLE,USER_GUESS,손상 이력 확인,UNSPECIFIED,CAUSE_CHECK_OR_REPAIR,FALSE,NONE,HIGH,SYNTHETIC_SCENARIO,FALSE,SRC006,CATEGORY_ANCHOR_NOT_ROW_EVIDENCE,SNS_POST,KO,ATTEMPTED_ACTION,TRAIN,GVS-0075,GALAXY_Z_FOLD에서 DUST/EDGE_LIFT 조건에 필름 가장자리가 뜨고 먼지가 들어감,관찰 사실과 원인 추정을 분리; 모델 기능 호환성 검사
GVS-0076,T08,폴더블 내부 화면과 보호필름,FOLDABLE_DISPLAY,PHONE,Z_FLIP,GALAXY_Z_FLIP,UNSPECIFIED,UNSPECIFIED,UNSPECIFIED,UNSPECIFIED,DEFECT_REPORT,DISPLAY.PROTECTOR,VISUAL_ARTIFACT,개폐할 때 바스락 소리와 함께 기포 발생,FOLD_CYCLES,BUBBLE,AFTER_EVENT,INTERMITTENT,CONDITIONAL,REPEATED_RETRY,S3,UNKNOWN,UNKNOWN,INNER_OLED|UTG|PROTECTOR|FLEX_CABLE,USER_GUESS,조치 정보 없음,UNSPECIFIED,CAUSE_CHECK_OR_REPAIR,FALSE,DAMAGE_PROGRESSION,LOW,SYNTHETIC_SCENARIO,FALSE,SRC007,CATEGORY_ANCHOR_NOT_ROW_EVIDENCE,COMMUNITY_POST,KO,MODEL_AND_VERSION,TRAIN,GVS-0076,GALAXY_Z_FLIP에서 FOLD_CYCLES/BUBBLE 조건에 개폐할 때 바스락 소리와 함께 기포 발생,관찰 사실과 원인 추정을 분리; 모델 기능 호환성 검사
GVS-0077,T08,폴더블 내부 화면과 보호필름,FOLDABLE_DISPLAY,PHONE,Z_FOLD,GALAXY_Z_FOLD,UNSPECIFIED,UNSPECIFIED,UNSPECIFIED,UNSPECIFIED,DEFECT_REPORT,DISPLAY.INNER,NO_FUNCTION,화면 중앙 검은 줄과 한쪽 터치 불가,FOLD,BLACK_SPOT,IMMEDIATE,DAILY,REPRODUCIBLE,DATA_OR_SERVICE_UNAVAILABLE,S2,PRODUCT_DEFECT_POSSIBLE,HARDWARE_OR_COMPONENT,INNER_OLED|UTG|PROTECTOR|FLEX_CABLE,USER_GUESS,자가진단 또는 서비스센터 점검,UNSPECIFIED,CAUSE_CHECK_OR_REPAIR,FALSE,DAMAGE_PROGRESSION,MEDIUM,SYNTHETIC_SCENARIO,FALSE,SRC016,CATEGORY_ANCHOR_NOT_ROW_EVIDENCE,CHAT_SUPPORT,KO,TIME_PATTERN,TRAIN,GVS-0077,GALAXY_Z_FOLD에서 FOLD/BLACK_SPOT 조건에 화면 중앙 검은 줄과 한쪽 터치 불가,관찰 사실과 원인 추정을 분리; 모델 기능 호환성 검사
GVS-0078,T08,폴더블 내부 화면과 보호필름,FOLDABLE_DISPLAY,PHONE,Z_FLIP,GALAXY_Z_FLIP,UNSPECIFIED,UNSPECIFIED,UNSPECIFIED,UNSPECIFIED,DEFECT_REPORT,DISPLAY.PROTECTOR,INTERMITTENT,내부 화면 일부만 깜빡이고 꺼짐,UNFOLD,TOUCH_LOSS,GRADUAL,FREQUENT,NOT_TESTED,TRAVEL_DISRUPTION,S3,USER_CAUSE_POSSIBLE,DROP_LIQUID_OR_WEAR,INNER_OLED|UTG|PROTECTOR|FLEX_CABLE,USER_GUESS,손상 이력 확인,UNSPECIFIED,CAUSE_CHECK_OR_REPAIR,FALSE,DAMAGE_PROGRESSION,MEDIUM,SYNTHETIC_SCENARIO,FALSE,SRC017,CATEGORY_ANCHOR_NOT_ROW_EVIDENCE,SURVEY_FREE_TEXT,EN,NONE,TRAIN,GVS-0078,GALAXY_Z_FLIP에서 UNFOLD/TOUCH_LOSS 조건에 내부 화면 일부만 깜빡이고 꺼짐,관찰 사실과 원인 추정을 분리; 모델 기능 호환성 검사
GVS-0079,T08,폴더블 내부 화면과 보호필름,FOLDABLE_DISPLAY,PHONE,Z_FOLD,GALAXY_Z_FOLD,UNSPECIFIED,UNSPECIFIED,UNSPECIFIED,UNSPECIFIED,DEFECT_REPORT,DISPLAY.INNER,PHYSICAL_DAMAGE,완전히 펼쳤을 때만 내부 화면이 켜짐,LOW_TEMP,OPEN_ONLY,AFTER_AGING,ALWAYS,ALWAYS,FINANCIAL_OR_TIME_COST,S2,UNKNOWN,UNKNOWN,INNER_OLED|UTG|PROTECTOR|FLEX_CABLE,USER_GUESS,조치 정보 없음,UNSPECIFIED,CAUSE_CHECK_OR_REPAIR,FALSE,DAMAGE_PROGRESSION,LOW,SYNTHETIC_SCENARIO,FALSE,SRC006,CATEGORY_ANCHOR_NOT_ROW_EVIDENCE,STORE_REVIEW,EN,CONTEXT,TEST,GVS-0079,GALAXY_Z_FOLD에서 LOW_TEMP/OPEN_ONLY 조건에 완전히 펼쳤을 때만 내부 화면이 켜짐,관찰 사실과 원인 추정을 분리; 모델 기능 호환성 검사
GVS-0080,T08,폴더블 내부 화면과 보호필름,FOLDABLE_DISPLAY,PHONE,Z_FLIP,GALAXY_Z_FLIP,UNSPECIFIED,UNSPECIFIED,UNSPECIFIED,UNSPECIFIED,DEFECT_REPORT,DISPLAY.PROTECTOR,VISUAL_ARTIFACT,보호필름 제거 후 표면 흠집과 불안감 증가,DUST,PROTECTOR_REMOVED,UNKNOWN,RARE,UNKNOWN,USER_CONFUSION,S3,PRODUCT_DEFECT_POSSIBLE,HARDWARE_OR_COMPONENT,INNER_OLED|UTG|PROTECTOR|FLEX_CABLE,USER_GUESS,자가진단 또는 서비스센터 점검,UNSPECIFIED,CAUSE_CHECK_OR_REPAIR,FALSE,NONE,HIGH,SYNTHETIC_SCENARIO,FALSE,SRC007,CATEGORY_ANCHOR_NOT_ROW_EVIDENCE,EMAIL_COMPLAINT,KO_EN_MIXED,MULTIPLE_FIELDS,TRAIN,GVS-0080,GALAXY_Z_FLIP에서 DUST/PROTECTOR_REMOVED 조건에 보호필름 제거 후 표면 흠집과 불안감 증가,관찰 사실과 원인 추정을 분리; 모델 기능 호환성 검사
GVS-0081,T09,폴더블 힌지와 구조,MECHANICAL,PHONE,Z_FOLD,GALAXY_Z_FOLD,UNSPECIFIED,UNSPECIFIED,UNSPECIFIED,UNSPECIFIED,DEFECT_REPORT,MECHANICAL.HINGE,PHYSICAL_DAMAGE,완전히 펼쳐지지 않고 각도가 남음,FOLD_CYCLES,NOT_FULLY_OPEN,AFTER_EVENT,INTERMITTENT,CONDITIONAL,BATTERY_ANXIETY,S1,PRODUCT_DEFECT_POSSIBLE,HARDWARE_OR_COMPONENT,HINGE|SWEEPER|FRAME|FLEX_CABLE,USER_GUESS,자가진단 또는 서비스센터 점검,UNSPECIFIED,CAUSE_CHECK_OR_REPAIR,FALSE,NONE,LOW,SYNTHETIC_SCENARIO,FALSE,SRC006,CATEGORY_ANCHOR_NOT_ROW_EVIDENCE,SAMSUNG_MEMBERS,KO,NONE,TRAIN,GVS-0081,GALAXY_Z_FOLD에서 FOLD_CYCLES/NOT_FULLY_OPEN 조건에 완전히 펼쳐지지 않고 각도가 남음,관찰 사실과 원인 추정을 분리; 모델 기능 호환성 검사
GVS-0082,T09,폴더블 힌지와 구조,MECHANICAL,PHONE,Z_FLIP,GALAXY_Z_FLIP,UNSPECIFIED,UNSPECIFIED,UNSPECIFIED,UNSPECIFIED,DEFECT_REPORT,MECHANICAL.HINGE,DEGRADED,개폐 때 모래 씹히는 듯한 소리,DUST,CRUNCH_SOUND,IMMEDIATE,DAILY,REPRODUCIBLE,PRIMARY_FUNCTION_DEGRADED,S2,USER_CAUSE_POSSIBLE,DROP_LIQUID_OR_WEAR,HINGE|SWEEPER|FRAME|FLEX_CABLE,USER_GUESS,손상 이력 확인,UNSPECIFIED,CAUSE_CHECK_OR_REPAIR,FALSE,NONE,MEDIUM,SYNTHETIC_SCENARIO,FALSE,SRC006,CATEGORY_ANCHOR_NOT_ROW_EVIDENCE,ECOMMERCE_REVIEW,KO,MODEL_VERSION,TRAIN,GVS-0082,GALAXY_Z_FLIP에서 DUST/CRUNCH_SOUND 조건에 개폐 때 모래 씹히는 듯한 소리,관찰 사실과 원인 추정을 분리; 모델 기능 호환성 검사
GVS-0083,T09,폴더블 힌지와 구조,MECHANICAL,PHONE,Z_FOLD,GALAXY_Z_FOLD,UNSPECIFIED,UNSPECIFIED,UNSPECIFIED,UNSPECIFIED,DEFECT_REPORT,MECHANICAL.HINGE,AUDIO_ARTIFACT,힌지가 헐거워 원하는 각도를 유지하지 못함,DROP,LOOSE_HINGE,GRADUAL,FREQUENT,NOT_TESTED,TASK_DELAY,S3,ENVIRONMENT_RELATED,ENVIRONMENTAL_CONDITION,HINGE|SWEEPER|FRAME|FLEX_CABLE,USER_GUESS,환경 조건 제거 후 재시험,UNSPECIFIED,CAUSE_CHECK_OR_REPAIR,FALSE,NONE,MEDIUM,SYNTHETIC_SCENARIO,FALSE,SRC006,CATEGORY_ANCHOR_NOT_ROW_EVIDENCE,CALL_CENTER_TRANSCRIPT,KO,FREQUENCY,TRAIN,GVS-0083,GALAXY_Z_FOLD에서 DROP/LOOSE_HINGE 조건에 힌지가 헐거워 원하는 각도를 유지하지 못함,관찰 사실과 원인 추정을 분리; 모델 기능 호환성 검사
GVS-0084,T09,폴더블 힌지와 구조,MECHANICAL,PHONE,Z_FLIP,GALAXY_Z_FLIP,UNSPECIFIED,UNSPECIFIED,UNSPECIFIED,UNSPECIFIED,DEFECT_REPORT,MECHANICAL.HINGE,NO_FUNCTION,처음보다 힌지가 매우 뻑뻑해짐,LOW_TEMP,STIFF_HINGE,AFTER_AGING,ALWAYS,ALWAYS,MISSED_MOMENT,S1,UNKNOWN,UNKNOWN,HINGE|SWEEPER|FRAME|FLEX_CABLE,USER_GUESS,조치 정보 없음,UNSPECIFIED,CAUSE_CHECK_OR_REPAIR,FALSE,NONE,LOW,SYNTHETIC_SCENARIO,FALSE,SRC006,CATEGORY_ANCHOR_NOT_ROW_EVIDENCE,SERVICE_INTAKE,KO,TRIGGER,VALID,GVS-0084,GALAXY_Z_FLIP에서 LOW_TEMP/STIFF_HINGE 조건에 처음보다 힌지가 매우 뻑뻑해짐,관찰 사실과 원인 추정을 분리; 모델 기능 호환성 검사
GVS-0085,T09,폴더블 힌지와 구조,MECHANICAL,PHONE,Z_FOLD,GALAXY_Z_FOLD,UNSPECIFIED,UNSPECIFIED,UNSPECIFIED,UNSPECIFIED,DEFECT_REPORT,MECHANICAL.HINGE,PHYSICAL_DAMAGE,모래가 있는 환경 사용 후 개폐감이 거칠어짐,UNKNOWN,SAND_EXPOSURE,UNKNOWN,RARE,UNKNOWN,WORK_INTERRUPTED,S2,PRODUCT_DEFECT_POSSIBLE,HARDWARE_OR_COMPONENT,HINGE|SWEEPER|FRAME|FLEX_CABLE,USER_GUESS,자가진단 또는 서비스센터 점검,UNSPECIFIED,CAUSE_CHECK_OR_REPAIR,FALSE,NONE,HIGH,SYNTHETIC_SCENARIO,FALSE,SRC006,CATEGORY_ANCHOR_NOT_ROW_EVIDENCE,SNS_POST,KO,ATTEMPTED_ACTION,TRAIN,GVS-0085,GALAXY_Z_FOLD에서 UNKNOWN/SAND_EXPOSURE 조건에 모래가 있는 환경 사용 후 개폐감이 거칠어짐,관찰 사실과 원인 추정을 분리; 모델 기능 호환성 검사
GVS-0086,T09,폴더블 힌지와 구조,MECHANICAL,PHONE,Z_FLIP,GALAXY_Z_FLIP,UNSPECIFIED,UNSPECIFIED,UNSPECIFIED,UNSPECIFIED,DEFECT_REPORT,MECHANICAL.HINGE,DEGRADED,낙하 뒤 한쪽 힌지 간격이 달라짐,FOLD_CYCLES,AFTER_DROP,AFTER_EVENT,INTERMITTENT,CONDITIONAL,REPEATED_RETRY,S3,USER_CAUSE_POSSIBLE,DROP_LIQUID_OR_WEAR,HINGE|SWEEPER|FRAME|FLEX_CABLE,USER_GUESS,손상 이력 확인,UNSPECIFIED,CAUSE_CHECK_OR_REPAIR,FALSE,NONE,LOW,SYNTHETIC_SCENARIO,FALSE,SRC006,CATEGORY_ANCHOR_NOT_ROW_EVIDENCE,COMMUNITY_POST,KO,MODEL_AND_VERSION,TRAIN,GVS-0086,GALAXY_Z_FLIP에서 FOLD_CYCLES/AFTER_DROP 조건에 낙하 뒤 한쪽 힌지 간격이 달라짐,관찰 사실과 원인 추정을 분리; 모델 기능 호환성 검사
GVS-0087,T09,폴더블 힌지와 구조,MECHANICAL,PHONE,Z_FOLD,GALAXY_Z_FOLD,UNSPECIFIED,UNSPECIFIED,UNSPECIFIED,UNSPECIFIED,DEFECT_REPORT,MECHANICAL.HINGE,AUDIO_ARTIFACT,접었을 때 양쪽 프레임 틈이 비대칭,DUST,ASYMMETRIC_GAP,IMMEDIATE,DAILY,REPRODUCIBLE,DATA_OR_SERVICE_UNAVAILABLE,S1,ENVIRONMENT_RELATED,ENVIRONMENTAL_CONDITION,HINGE|SWEEPER|FRAME|FLEX_CABLE,USER_GUESS,환경 조건 제거 후 재시험,UNSPECIFIED,CAUSE_CHECK_OR_REPAIR,FALSE,NONE,MEDIUM,SYNTHETIC_SCENARIO,FALSE,SRC006,CATEGORY_ANCHOR_NOT_ROW_EVIDENCE,CHAT_SUPPORT,KO,TIME_PATTERN,VALID,GVS-0087,GALAXY_Z_FOLD에서 DUST/ASYMMETRIC_GAP 조건에 접었을 때 양쪽 프레임 틈이 비대칭,관찰 사실과 원인 추정을 분리; 모델 기능 호환성 검사
GVS-0088,T09,폴더블 힌지와 구조,MECHANICAL,PHONE,Z_FLIP,GALAXY_Z_FLIP,UNSPECIFIED,UNSPECIFIED,UNSPECIFIED,UNSPECIFIED,DEFECT_REPORT,MECHANICAL.HINGE,NO_FUNCTION,펼칠 때 내부 화면이 켜지지 않음,DROP,SCREEN_WAKE,GRADUAL,FREQUENT,NOT_TESTED,TRAVEL_DISRUPTION,S2,UNKNOWN,UNKNOWN,HINGE|SWEEPER|FRAME|FLEX_CABLE,USER_GUESS,조치 정보 없음,UNSPECIFIED,CAUSE_CHECK_OR_REPAIR,FALSE,NONE,MEDIUM,SYNTHETIC_SCENARIO,FALSE,SRC006,CATEGORY_ANCHOR_NOT_ROW_EVIDENCE,SURVEY_FREE_TEXT,EN,NONE,VALID,GVS-0088,GALAXY_Z_FLIP에서 DROP/SCREEN_WAKE 조건에 펼칠 때 내부 화면이 켜지지 않음,관찰 사실과 원인 추정을 분리; 모델 기능 호환성 검사
GVS-0089,T09,폴더블 힌지와 구조,MECHANICAL,PHONE,Z_FOLD,GALAXY_Z_FOLD,UNSPECIFIED,UNSPECIFIED,UNSPECIFIED,UNSPECIFIED,DEFECT_REPORT,MECHANICAL.HINGE,PHYSICAL_DAMAGE,Flex 모드 각도가 자꾸 풀림,LOW_TEMP,FLEX_MODE,AFTER_AGING,ALWAYS,ALWAYS,FINANCIAL_OR_TIME_COST,S3,PRODUCT_DEFECT_POSSIBLE,HARDWARE_OR_COMPONENT,HINGE|SWEEPER|FRAME|FLEX_CABLE,USER_GUESS,자가진단 또는 서비스센터 점검,UNSPECIFIED,CAUSE_CHECK_OR_REPAIR,FALSE,NONE,LOW,SYNTHETIC_SCENARIO,FALSE,SRC006,CATEGORY_ANCHOR_NOT_ROW_EVIDENCE,STORE_REVIEW,EN,CONTEXT,TRAIN,GVS-0089,GALAXY_Z_FOLD에서 LOW_TEMP/FLEX_MODE 조건에 Flex 모드 각도가 자꾸 풀림,관찰 사실과 원인 추정을 분리; 모델 기능 호환성 검사
GVS-0090,T09,폴더블 힌지와 구조,MECHANICAL,PHONE,Z_FLIP,GALAXY_Z_FLIP,UNSPECIFIED,UNSPECIFIED,UNSPECIFIED,UNSPECIFIED,DEFECT_REPORT,MECHANICAL.HINGE,DEGRADED,사용 개월 수가 늘며 개폐 소리가 커짐,UNKNOWN,AGING,UNKNOWN,RARE,UNKNOWN,USER_CONFUSION,S1,USER_CAUSE_POSSIBLE,DROP_LIQUID_OR_WEAR,HINGE|SWEEPER|FRAME|FLEX_CABLE,USER_GUESS,손상 이력 확인,UNSPECIFIED,CAUSE_CHECK_OR_REPAIR,FALSE,NONE,HIGH,SYNTHETIC_SCENARIO,FALSE,SRC006,CATEGORY_ANCHOR_NOT_ROW_EVIDENCE,EMAIL_COMPLAINT,KO_EN_MIXED,MULTIPLE_FIELDS,TRAIN,GVS-0090,GALAXY_Z_FLIP에서 UNKNOWN/AGING 조건에 사용 개월 수가 늘며 개폐 소리가 커짐,관찰 사실과 원인 추정을 분리; 모델 기능 호환성 검사
GVS-0091,T10,터치 입력,INPUT,PHONE,S_BASE_PLUS,GALAXY_S_BASE_PLUS,UNSPECIFIED,UNSPECIFIED,UNSPECIFIED,UNSPECIFIED,DEFECT_REPORT,TOUCH.INPUT,NO_FUNCTION,화면 하단 특정 구역만 터치가 안 됨,CHARGING,BOTTOM_EDGE,AFTER_EVENT,INTERMITTENT,CONDITIONAL,BATTERY_ANXIETY,S1,PRODUCT_DEFECT_POSSIBLE,HARDWARE_OR_COMPONENT,TOUCH_DIGITIZER|DISPLAY|CHARGER_GROUND|PROTECTOR,USER_GUESS,자가진단 또는 서비스센터 점검,UNSPECIFIED,CAUSE_CHECK_OR_REPAIR,FALSE,NONE,LOW,SYNTHETIC_SCENARIO,FALSE,SRC001,CATEGORY_ANCHOR_NOT_ROW_EVIDENCE,SAMSUNG_MEMBERS,KO,NONE,TRAIN,GVS-0091,GALAXY_S_BASE_PLUS에서 CHARGING/BOTTOM_EDGE 조건에 화면 하단 특정 구역만 터치가 안 됨,관찰 사실과 원인 추정을 분리; 모델 기능 호환성 검사
GVS-0092,T10,터치 입력,INPUT,PHONE,S_ULTRA,GALAXY_S_ULTRA,UNSPECIFIED,UNSPECIFIED,UNSPECIFIED,UNSPECIFIED,DEFECT_REPORT,TOUCH.INPUT,INTERMITTENT,키보드 입력 중 누르지 않은 글자가 입력됨,SCREEN_PROTECTOR,KEYBOARD,IMMEDIATE,DAILY,REPRODUCIBLE,PRIMARY_FUNCTION_DEGRADED,S2,ACCESSORY_RELATED,ACCESSORY,TOUCH_DIGITIZER|DISPLAY|CHARGER_GROUND|PROTECTOR,USER_GUESS,다른 액세서리로 교차 확인,UNSPECIFIED,CAUSE_CHECK_OR_REPAIR,FALSE,NONE,MEDIUM,SYNTHETIC_SCENARIO,FALSE,SRC001,CATEGORY_ANCHOR_NOT_ROW_EVIDENCE,ECOMMERCE_REVIEW,KO,MODEL_VERSION,TRAIN,GVS-0092,GALAXY_S_ULTRA에서 SCREEN_PROTECTOR/KEYBOARD 조건에 키보드 입력 중 누르지 않은 글자가 입력됨,관찰 사실과 원인 추정을 분리; 모델 기능 호환성 검사
GVS-0093,T10,터치 입력,INPUT,PHONE,S_FE,GALAXY_S_FE,UNSPECIFIED,UNSPECIFIED,UNSPECIFIED,UNSPECIFIED,DEFECT_REPORT,TOUCH.INPUT,FALSE_DETECTION,타사 충전기 연결 시 고스트 터치 발생,WATER,THIRD_PARTY_CHARGER,GRADUAL,FREQUENT,NOT_TESTED,TASK_DELAY,S3,ENVIRONMENT_RELATED,ENVIRONMENTAL_CONDITION,TOUCH_DIGITIZER|DISPLAY|CHARGER_GROUND|PROTECTOR,USER_GUESS,환경 조건 제거 후 재시험,UNSPECIFIED,CAUSE_CHECK_OR_REPAIR,FALSE,NONE,MEDIUM,SYNTHETIC_SCENARIO,FALSE,SRC001,CATEGORY_ANCHOR_NOT_ROW_EVIDENCE,CALL_CENTER_TRANSCRIPT,KO,FREQUENCY,TRAIN,GVS-0093,GALAXY_S_FE에서 WATER/THIRD_PARTY_CHARGER 조건에 타사 충전기 연결 시 고스트 터치 발생,관찰 사실과 원인 추정을 분리; 모델 기능 호환성 검사
GVS-0094,T10,터치 입력,INPUT,PHONE,Z_FOLD,GALAXY_Z_FOLD,UNSPECIFIED,UNSPECIFIED,UNSPECIFIED,UNSPECIFIED,DEFECT_REPORT,TOUCH.INPUT,DELAY,젖은 손으로 사용할 때 오입력이 반복,LOW_TEMP,WET_FINGER,AFTER_AGING,ALWAYS,ALWAYS,MISSED_MOMENT,S1,SOFTWARE_POSSIBLE,SOFTWARE_UPDATE_OR_APP,TOUCH_DIGITIZER|DISPLAY|CHARGER_GROUND|PROTECTOR,USER_GUESS,재부팅·업데이트·안전모드 중 일부 시도,UNSPECIFIED,CAUSE_CHECK_OR_REPAIR,FALSE,NONE,LOW,SYNTHETIC_SCENARIO,FALSE,SRC001,CATEGORY_ANCHOR_NOT_ROW_EVIDENCE,SERVICE_INTAKE,KO,TRIGGER,TRAIN,GVS-0094,GALAXY_Z_FOLD에서 LOW_TEMP/WET_FINGER 조건에 젖은 손으로 사용할 때 오입력이 반복,관찰 사실과 원인 추정을 분리; 모델 기능 호환성 검사
GVS-0095,T10,터치 입력,INPUT,PHONE,Z_FLIP,GALAXY_Z_FLIP,UNSPECIFIED,UNSPECIFIED,UNSPECIFIED,UNSPECIFIED,DEFECT_REPORT,TOUCH.INPUT,NO_FUNCTION,장갑 모드에서도 겨울철 입력이 잘 안 됨,OS_UPDATE,GLOVE,UNKNOWN,RARE,UNKNOWN,WORK_INTERRUPTED,S2,PRODUCT_DEFECT_POSSIBLE,HARDWARE_OR_COMPONENT,TOUCH_DIGITIZER|DISPLAY|CHARGER_GROUND|PROTECTOR,USER_GUESS,자가진단 또는 서비스센터 점검,UNSPECIFIED,CAUSE_CHECK_OR_REPAIR,FALSE,NONE,HIGH,SYNTHETIC_SCENARIO,FALSE,SRC001,CATEGORY_ANCHOR_NOT_ROW_EVIDENCE,SNS_POST,KO,ATTEMPTED_ACTION,TRAIN,GVS-0095,GALAXY_Z_FLIP에서 OS_UPDATE/GLOVE 조건에 장갑 모드에서도 겨울철 입력이 잘 안 됨,관찰 사실과 원인 추정을 분리; 모델 기능 호환성 검사
GVS-0096,T10,터치 입력,INPUT,PHONE,A_SERIES,GALAXY_A,UNSPECIFIED,UNSPECIFIED,UNSPECIFIED,UNSPECIFIED,DEFECT_REPORT,TOUCH.INPUT,INTERMITTENT,게임 중 멀티터치가 풀림,CHARGING,GAME,AFTER_EVENT,INTERMITTENT,CONDITIONAL,REPEATED_RETRY,S3,ACCESSORY_RELATED,ACCESSORY,TOUCH_DIGITIZER|DISPLAY|CHARGER_GROUND|PROTECTOR,USER_GUESS,다른 액세서리로 교차 확인,UNSPECIFIED,CAUSE_CHECK_OR_REPAIR,FALSE,NONE,LOW,SYNTHETIC_SCENARIO,FALSE,SRC001,CATEGORY_ANCHOR_NOT_ROW_EVIDENCE,COMMUNITY_POST,KO,MODEL_AND_VERSION,VALID,GVS-0096,GALAXY_A에서 CHARGING/GAME 조건에 게임 중 멀티터치가 풀림,관찰 사실과 원인 추정을 분리; 모델 기능 호환성 검사
GVS-0097,T10,터치 입력,INPUT,TABLET,TAB_S,GALAXY_TAB_S,UNSPECIFIED,UNSPECIFIED,UNSPECIFIED,UNSPECIFIED,DEFECT_REPORT,TOUCH.INPUT,FALSE_DETECTION,폴더블 내부 화면 접힘부 터치가 간헐 누락,SCREEN_PROTECTOR,INNER_SCREEN,IMMEDIATE,DAILY,REPRODUCIBLE,DATA_OR_SERVICE_UNAVAILABLE,S1,ENVIRONMENT_RELATED,ENVIRONMENTAL_CONDITION,TOUCH_DIGITIZER|DISPLAY|CHARGER_GROUND|PROTECTOR,USER_GUESS,환경 조건 제거 후 재시험,UNSPECIFIED,CAUSE_CHECK_OR_REPAIR,FALSE,NONE,MEDIUM,SYNTHETIC_SCENARIO,FALSE,SRC001,CATEGORY_ANCHOR_NOT_ROW_EVIDENCE,CHAT_SUPPORT,KO,TIME_PATTERN,TRAIN,GVS-0097,GALAXY_TAB_S에서 SCREEN_PROTECTOR/INNER_SCREEN 조건에 폴더블 내부 화면 접힘부 터치가 간헐 누락,관찰 사실과 원인 추정을 분리; 모델 기능 호환성 검사
GVS-0098,T10,터치 입력,INPUT,TABLET,TAB_A,GALAXY_TAB_A,UNSPECIFIED,UNSPECIFIED,UNSPECIFIED,UNSPECIFIED,DEFECT_REPORT,TOUCH.INPUT,DELAY,업데이트 후 스크롤 시작 반응이 늦음,WATER,AFTER_UPDATE,GRADUAL,FREQUENT,NOT_TESTED,TRAVEL_DISRUPTION,S2,SOFTWARE_POSSIBLE,SOFTWARE_UPDATE_OR_APP,TOUCH_DIGITIZER|DISPLAY|CHARGER_GROUND|PROTECTOR,USER_GUESS,재부팅·업데이트·안전모드 중 일부 시도,UNSPECIFIED,CAUSE_CHECK_OR_REPAIR,FALSE,NONE,MEDIUM,SYNTHETIC_SCENARIO,FALSE,SRC001,CATEGORY_ANCHOR_NOT_ROW_EVIDENCE,SURVEY_FREE_TEXT,EN,NONE,TRAIN,GVS-0098,GALAXY_TAB_A에서 WATER/AFTER_UPDATE 조건에 업데이트 후 스크롤 시작 반응이 늦음,관찰 사실과 원인 추정을 분리; 모델 기능 호환성 검사
GVS-0099,T10,터치 입력,INPUT,PHONE,S_BASE_PLUS,GALAXY_S_BASE_PLUS,UNSPECIFIED,UNSPECIFIED,UNSPECIFIED,UNSPECIFIED,DEFECT_REPORT,TOUCH.INPUT,NO_FUNCTION,태블릿 필기 중 손바닥이 터치로 인식,LOW_TEMP,PALM_REJECTION,AFTER_AGING,ALWAYS,ALWAYS,FINANCIAL_OR_TIME_COST,S3,PRODUCT_DEFECT_POSSIBLE,HARDWARE_OR_COMPONENT,TOUCH_DIGITIZER|DISPLAY|CHARGER_GROUND|PROTECTOR,USER_GUESS,자가진단 또는 서비스센터 점검,UNSPECIFIED,CAUSE_CHECK_OR_REPAIR,FALSE,NONE,LOW,SYNTHETIC_SCENARIO,FALSE,SRC001,CATEGORY_ANCHOR_NOT_ROW_EVIDENCE,STORE_REVIEW,EN,CONTEXT,TRAIN,GVS-0099,GALAXY_S_BASE_PLUS에서 LOW_TEMP/PALM_REJECTION 조건에 태블릿 필기 중 손바닥이 터치로 인식,관찰 사실과 원인 추정을 분리; 모델 기능 호환성 검사
GVS-0100,T10,터치 입력,INPUT,PHONE,S_ULTRA,GALAXY_S_ULTRA,UNSPECIFIED,UNSPECIFIED,UNSPECIFIED,UNSPECIFIED,DEFECT_REPORT,TOUCH.INPUT,INTERMITTENT,조건 없이 화면이 임의로 눌리는 현상,OS_UPDATE,RANDOM,UNKNOWN,RARE,UNKNOWN,USER_CONFUSION,S1,ACCESSORY_RELATED,ACCESSORY,TOUCH_DIGITIZER|DISPLAY|CHARGER_GROUND|PROTECTOR,USER_GUESS,다른 액세서리로 교차 확인,UNSPECIFIED,CAUSE_CHECK_OR_REPAIR,FALSE,NONE,HIGH,SYNTHETIC_SCENARIO,FALSE,SRC001,CATEGORY_ANCHOR_NOT_ROW_EVIDENCE,EMAIL_COMPLAINT,KO_EN_MIXED,MULTIPLE_FIELDS,TEST,GVS-0100,GALAXY_S_ULTRA에서 OS_UPDATE/RANDOM 조건에 조건 없이 화면이 임의로 눌리는 현상,관찰 사실과 원인 추정을 분리; 모델 기능 호환성 검사
GVS-0101,T11,생체인식,BIOMETRIC,PHONE,S_BASE_PLUS,GALAXY_S_BASE_PLUS,UNSPECIFIED,UNSPECIFIED,UNSPECIFIED,UNSPECIFIED,DEFECT_REPORT,BIOMETRIC.FINGERPRINT,DEGRADED,손이 건조하면 지문을 여러 번 대야 함,SCREEN_PROTECTOR,DRY_FINGER,AFTER_EVENT,INTERMITTENT,CONDITIONAL,BATTERY_ANXIETY,S1,ENVIRONMENT_RELATED,ENVIRONMENTAL_CONDITION,FINGERPRINT_SENSOR|FRONT_CAMERA|BIOMETRIC_SOFTWARE,USER_GUESS,환경 조건 제거 후 재시험,UNSPECIFIED,CAUSE_CHECK_OR_REPAIR,FALSE,NONE,LOW,SYNTHETIC_SCENARIO,FALSE,SRC012,CATEGORY_ANCHOR_NOT_ROW_EVIDENCE,SAMSUNG_MEMBERS,KO,NONE,TRAIN,GVS-0101,GALAXY_S_BASE_PLUS에서 SCREEN_PROTECTOR/DRY_FINGER 조건에 손이 건조하면 지문을 여러 번 대야 함,관찰 사실과 원인 추정을 분리; 모델 기능 호환성 검사
GVS-0102,T11,생체인식,BIOMETRIC,PHONE,S_ULTRA,GALAXY_S_ULTRA,UNSPECIFIED,UNSPECIFIED,UNSPECIFIED,UNSPECIFIED,DEFECT_REPORT,BIOMETRIC.FACE,NO_FUNCTION,젖은 손에서는 지문 인식이 거의 안 됨,LOW_LIGHT,WET_FINGER,IMMEDIATE,DAILY,REPRODUCIBLE,PRIMARY_FUNCTION_DEGRADED,S2,ACCESSORY_RELATED,ACCESSORY,FINGERPRINT_SENSOR|FRONT_CAMERA|BIOMETRIC_SOFTWARE,USER_GUESS,다른 액세서리로 교차 확인,UNSPECIFIED,CAUSE_CHECK_OR_REPAIR,FALSE,NONE,MEDIUM,SYNTHETIC_SCENARIO,FALSE,SRC012,CATEGORY_ANCHOR_NOT_ROW_EVIDENCE,ECOMMERCE_REVIEW,KO,MODEL_VERSION,TRAIN,GVS-0102,GALAXY_S_ULTRA에서 LOW_LIGHT/WET_FINGER 조건에 젖은 손에서는 지문 인식이 거의 안 됨,관찰 사실과 원인 추정을 분리; 모델 기능 호환성 검사
GVS-0103,T11,생체인식,BIOMETRIC,PHONE,S_FE,GALAXY_S_FE,UNSPECIFIED,UNSPECIFIED,UNSPECIFIED,UNSPECIFIED,DEFECT_REPORT,BIOMETRIC.FINGERPRINT,DELAY,보호필름 교체 후 인식률이 크게 떨어짐,LOW_TEMP,THICK_FILM,GRADUAL,FREQUENT,NOT_TESTED,TASK_DELAY,S1,SOFTWARE_POSSIBLE,SOFTWARE_UPDATE_OR_APP,FINGERPRINT_SENSOR|FRONT_CAMERA|BIOMETRIC_SOFTWARE,USER_GUESS,재부팅·업데이트·안전모드 중 일부 시도,UNSPECIFIED,CAUSE_CHECK_OR_REPAIR,FALSE,NONE,MEDIUM,SYNTHETIC_SCENARIO,FALSE,SRC012,CATEGORY_ANCHOR_NOT_ROW_EVIDENCE,CALL_CENTER_TRANSCRIPT,KO,FREQUENCY,TRAIN,GVS-0103,GALAXY_S_FE에서 LOW_TEMP/THICK_FILM 조건에 보호필름 교체 후 인식률이 크게 떨어짐,관찰 사실과 원인 추정을 분리; 모델 기능 호환성 검사
GVS-0104,T11,생체인식,BIOMETRIC,PHONE,Z_FOLD,GALAXY_Z_FOLD,UNSPECIFIED,UNSPECIFIED,UNSPECIFIED,UNSPECIFIED,DEFECT_REPORT,BIOMETRIC.FACE,INACCURATE,어두운 곳에서 얼굴인식이 실패,WATER,NIGHT,AFTER_AGING,ALWAYS,ALWAYS,MISSED_MOMENT,S2,PRODUCT_DEFECT_POSSIBLE,HARDWARE_OR_COMPONENT,FINGERPRINT_SENSOR|FRONT_CAMERA|BIOMETRIC_SOFTWARE,USER_GUESS,자가진단 또는 서비스센터 점검,UNSPECIFIED,CAUSE_CHECK_OR_REPAIR,FALSE,NONE,LOW,SYNTHETIC_SCENARIO,FALSE,SRC012,CATEGORY_ANCHOR_NOT_ROW_EVIDENCE,SERVICE_INTAKE,KO,TRIGGER,TRAIN,GVS-0104,GALAXY_Z_FOLD에서 WATER/NIGHT 조건에 어두운 곳에서 얼굴인식이 실패,관찰 사실과 원인 추정을 분리; 모델 기능 호환성 검사
GVS-0105,T11,생체인식,BIOMETRIC,PHONE,Z_FLIP,GALAXY_Z_FLIP,UNSPECIFIED,UNSPECIFIED,UNSPECIFIED,UNSPECIFIED,DEFECT_REPORT,BIOMETRIC.FINGERPRINT,DEGRADED,마스크나 안경 착용 시 얼굴 인식 지연,OS_UPDATE,MASK,UNKNOWN,RARE,UNKNOWN,WORK_INTERRUPTED,S1,ENVIRONMENT_RELATED,ENVIRONMENTAL_CONDITION,FINGERPRINT_SENSOR|FRONT_CAMERA|BIOMETRIC_SOFTWARE,USER_GUESS,환경 조건 제거 후 재시험,UNSPECIFIED,CAUSE_CHECK_OR_REPAIR,FALSE,NONE,HIGH,SYNTHETIC_SCENARIO,FALSE,SRC012,CATEGORY_ANCHOR_NOT_ROW_EVIDENCE,SNS_POST,KO,ATTEMPTED_ACTION,TEST,GVS-0105,GALAXY_Z_FLIP에서 OS_UPDATE/MASK 조건에 마스크나 안경 착용 시 얼굴 인식 지연,관찰 사실과 원인 추정을 분리; 모델 기능 호환성 검사
GVS-0106,T11,생체인식,BIOMETRIC,PHONE,A_SERIES,GALAXY_A,UNSPECIFIED,UNSPECIFIED,UNSPECIFIED,UNSPECIFIED,DEFECT_REPORT,BIOMETRIC.FACE,NO_FUNCTION,측면 센서가 주머니에서 반복 오인식,SCREEN_PROTECTOR,SIDE_SENSOR,AFTER_EVENT,INTERMITTENT,CONDITIONAL,REPEATED_RETRY,S2,ACCESSORY_RELATED,ACCESSORY,FINGERPRINT_SENSOR|FRONT_CAMERA|BIOMETRIC_SOFTWARE,USER_GUESS,다른 액세서리로 교차 확인,UNSPECIFIED,CAUSE_CHECK_OR_REPAIR,FALSE,NONE,LOW,SYNTHETIC_SCENARIO,FALSE,SRC012,CATEGORY_ANCHOR_NOT_ROW_EVIDENCE,COMMUNITY_POST,KO,MODEL_AND_VERSION,TRAIN,GVS-0106,GALAXY_A에서 SCREEN_PROTECTOR/SIDE_SENSOR 조건에 측면 센서가 주머니에서 반복 오인식,관찰 사실과 원인 추정을 분리; 모델 기능 호환성 검사
GVS-0107,T11,생체인식,BIOMETRIC,PHONE,XCOVER,GALAXY_XCOVER,UNSPECIFIED,UNSPECIFIED,UNSPECIFIED,UNSPECIFIED,DEFECT_REPORT,BIOMETRIC.FINGERPRINT,DELAY,화면 수리 후 지문 등록 자체가 실패,LOW_LIGHT,AFTER_REPAIR,IMMEDIATE,DAILY,REPRODUCIBLE,DATA_OR_SERVICE_UNAVAILABLE,S1,SOFTWARE_POSSIBLE,SOFTWARE_UPDATE_OR_APP,FINGERPRINT_SENSOR|FRONT_CAMERA|BIOMETRIC_SOFTWARE,USER_GUESS,재부팅·업데이트·안전모드 중 일부 시도,UNSPECIFIED,CAUSE_CHECK_OR_REPAIR,FALSE,NONE,MEDIUM,SYNTHETIC_SCENARIO,FALSE,SRC012,CATEGORY_ANCHOR_NOT_ROW_EVIDENCE,CHAT_SUPPORT,KO,TIME_PATTERN,TRAIN,GVS-0107,GALAXY_XCOVER에서 LOW_LIGHT/AFTER_REPAIR 조건에 화면 수리 후 지문 등록 자체가 실패,관찰 사실과 원인 추정을 분리; 모델 기능 호환성 검사
GVS-0108,T11,생체인식,BIOMETRIC,TABLET,TAB_S,GALAXY_TAB_S,UNSPECIFIED,UNSPECIFIED,UNSPECIFIED,UNSPECIFIED,DEFECT_REPORT,BIOMETRIC.FACE,INACCURATE,강한 햇빛에서 얼굴인식이 불안정,LOW_TEMP,OUTDOOR,GRADUAL,FREQUENT,NOT_TESTED,TRAVEL_DISRUPTION,S2,PRODUCT_DEFECT_POSSIBLE,HARDWARE_OR_COMPONENT,FINGERPRINT_SENSOR|FRONT_CAMERA|BIOMETRIC_SOFTWARE,USER_GUESS,자가진단 또는 서비스센터 점검,UNSPECIFIED,CAUSE_CHECK_OR_REPAIR,FALSE,NONE,MEDIUM,SYNTHETIC_SCENARIO,FALSE,SRC012,CATEGORY_ANCHOR_NOT_ROW_EVIDENCE,SURVEY_FREE_TEXT,EN,NONE,TRAIN,GVS-0108,GALAXY_TAB_S에서 LOW_TEMP/OUTDOOR 조건에 강한 햇빛에서 얼굴인식이 불안정,관찰 사실과 원인 추정을 분리; 모델 기능 호환성 검사
GVS-0109,T11,생체인식,BIOMETRIC,PHONE,S_BASE_PLUS,GALAXY_S_BASE_PLUS,UNSPECIFIED,UNSPECIFIED,UNSPECIFIED,UNSPECIFIED,DEFECT_REPORT,BIOMETRIC.FINGERPRINT,DEGRADED,같은 손가락도 여러 번 시도해야 해제,WATER,MULTIPLE_ATTEMPTS,AFTER_AGING,ALWAYS,ALWAYS,FINANCIAL_OR_TIME_COST,S1,ENVIRONMENT_RELATED,ENVIRONMENTAL_CONDITION,FINGERPRINT_SENSOR|FRONT_CAMERA|BIOMETRIC_SOFTWARE,USER_GUESS,환경 조건 제거 후 재시험,UNSPECIFIED,CAUSE_CHECK_OR_REPAIR,FALSE,NONE,LOW,SYNTHETIC_SCENARIO,FALSE,SRC012,CATEGORY_ANCHOR_NOT_ROW_EVIDENCE,STORE_REVIEW,EN,CONTEXT,TEST,GVS-0109,GALAXY_S_BASE_PLUS에서 WATER/MULTIPLE_ATTEMPTS 조건에 같은 손가락도 여러 번 시도해야 해제,관찰 사실과 원인 추정을 분리; 모델 기능 호환성 검사
GVS-0110,T11,생체인식,BIOMETRIC,PHONE,S_ULTRA,GALAXY_S_ULTRA,UNSPECIFIED,UNSPECIFIED,UNSPECIFIED,UNSPECIFIED,DEFECT_REPORT,BIOMETRIC.FACE,NO_FUNCTION,잠금 해제는 되지만 금융 앱 지문 인증 실패,OS_UPDATE,BANKING_APP,UNKNOWN,RARE,UNKNOWN,USER_CONFUSION,S2,ACCESSORY_RELATED,ACCESSORY,FINGERPRINT_SENSOR|FRONT_CAMERA|BIOMETRIC_SOFTWARE,USER_GUESS,다른 액세서리로 교차 확인,UNSPECIFIED,CAUSE_CHECK_OR_REPAIR,FALSE,NONE,HIGH,SYNTHETIC_SCENARIO,FALSE,SRC012,CATEGORY_ANCHOR_NOT_ROW_EVIDENCE,EMAIL_COMPLAINT,KO_EN_MIXED,MULTIPLE_FIELDS,TRAIN,GVS-0110,GALAXY_S_ULTRA에서 OS_UPDATE/BANKING_APP 조건에 잠금 해제는 되지만 금융 앱 지문 인증 실패,관찰 사실과 원인 추정을 분리; 모델 기능 호환성 검사
GVS-0111,T12,S펜,SPEN,PHONE,S_ULTRA,GALAXY_S_ULTRA,UNSPECIFIED,UNSPECIFIED,UNSPECIFIED,UNSPECIFIED,DEFECT_REPORT,SPEN.INPUT,NO_FUNCTION,자석 케이스 부근에서 필기 선이 끊김,CASE,MAGNET_CASE,AFTER_EVENT,INTERMITTENT,CONDITIONAL,BATTERY_ANXIETY,S0,ACCESSORY_RELATED,ACCESSORY,SPEN|DIGITIZER|BLE|MAGNETIC_ACCESSORY,USER_GUESS,다른 액세서리로 교차 확인,UNSPECIFIED,CAUSE_CHECK_OR_REPAIR,FALSE,NONE,LOW,SYNTHETIC_SCENARIO,FALSE,SRC005,CATEGORY_ANCHOR_NOT_ROW_EVIDENCE,SAMSUNG_MEMBERS,KO,NONE,TRAIN,GVS-0111,GALAXY_S_ULTRA에서 CASE/MAGNET_CASE 조건에 자석 케이스 부근에서 필기 선이 끊김,관찰 사실과 원인 추정을 분리; 모델 기능 호환성 검사
GVS-0112,T12,S펜,SPEN,PHONE,Z_FOLD,GALAXY_Z_FOLD,UNSPECIFIED,UNSPECIFIED,UNSPECIFIED,UNSPECIFIED,DEFECT_REPORT,SPEN.INPUT,INTERMITTENT,화면 가장자리 특정 구역만 펜이 안 써짐,OS_UPDATE,SCREEN_EDGE,IMMEDIATE,DAILY,REPRODUCIBLE,PRIMARY_FUNCTION_DEGRADED,S1,SOFTWARE_POSSIBLE,SOFTWARE_UPDATE_OR_APP,SPEN|DIGITIZER|BLE|MAGNETIC_ACCESSORY,USER_GUESS,재부팅·업데이트·안전모드 중 일부 시도,UNSPECIFIED,CAUSE_CHECK_OR_REPAIR,FALSE,NONE,MEDIUM,SYNTHETIC_SCENARIO,FALSE,SRC005,CATEGORY_ANCHOR_NOT_ROW_EVIDENCE,ECOMMERCE_REVIEW,KO,MODEL_VERSION,TRAIN,GVS-0112,GALAXY_Z_FOLD에서 OS_UPDATE/SCREEN_EDGE 조건에 화면 가장자리 특정 구역만 펜이 안 써짐,관찰 사실과 원인 추정을 분리; 모델 기능 호환성 검사
GVS-0113,T12,S펜,SPEN,PHONE,S_ULTRA,GALAXY_S_ULTRA,UNSPECIFIED,UNSPECIFIED,UNSPECIFIED,UNSPECIFIED,DEFECT_REPORT,SPEN.BLE,DELAY,업데이트 후 Air Actions 연결이 끊김,UNKNOWN,AIR_ACTION,GRADUAL,FREQUENT,NOT_TESTED,TASK_DELAY,S2,PRODUCT_DEFECT_POSSIBLE,HARDWARE_OR_COMPONENT,SPEN|DIGITIZER|BLE|MAGNETIC_ACCESSORY,USER_GUESS,자가진단 또는 서비스센터 점검,UNSPECIFIED,CAUSE_CHECK_OR_REPAIR,FALSE,NONE,MEDIUM,SYNTHETIC_SCENARIO,FALSE,SRC005,CATEGORY_ANCHOR_NOT_ROW_EVIDENCE,CALL_CENTER_TRANSCRIPT,KO,FREQUENCY,TRAIN,GVS-0113,GALAXY_S_ULTRA에서 UNKNOWN/AIR_ACTION 조건에 업데이트 후 Air Actions 연결이 끊김,관찰 사실과 원인 추정을 분리; 모델 기능 호환성 검사
GVS-0114,T12,S펜,SPEN,TABLET,TAB_S,GALAXY_TAB_S,UNSPECIFIED,UNSPECIFIED,UNSPECIFIED,UNSPECIFIED,DEFECT_REPORT,SPEN.INPUT,INACCURATE,호버 포인터와 실제 펜촉 위치가 어긋남,CHARGING,HOVER,AFTER_AGING,ALWAYS,ALWAYS,MISSED_MOMENT,S0,UNKNOWN,UNKNOWN,SPEN|DIGITIZER|BLE|MAGNETIC_ACCESSORY,USER_GUESS,조치 정보 없음,UNSPECIFIED,CAUSE_CHECK_OR_REPAIR,FALSE,NONE,LOW,SYNTHETIC_SCENARIO,FALSE,SRC005,CATEGORY_ANCHOR_NOT_ROW_EVIDENCE,SERVICE_INTAKE,KO,TRIGGER,TRAIN,GVS-0114,GALAXY_TAB_S에서 CHARGING/HOVER 조건에 호버 포인터와 실제 펜촉 위치가 어긋남,관찰 사실과 원인 추정을 분리; 모델 기능 호환성 검사
GVS-0115,T12,S펜,SPEN,PHONE,S_ULTRA,GALAXY_S_ULTRA,UNSPECIFIED,UNSPECIFIED,UNSPECIFIED,UNSPECIFIED,DEFECT_REPORT,SPEN.INPUT,FEATURE_MISSING,마모된 펜촉으로 획이 튀거나 늦게 입력,IMPACT,WORN_NIB,UNKNOWN,RARE,UNKNOWN,WORK_INTERRUPTED,S1,ACCESSORY_RELATED,ACCESSORY,SPEN|DIGITIZER|BLE|MAGNETIC_ACCESSORY,USER_GUESS,다른 액세서리로 교차 확인,UNSPECIFIED,CAUSE_CHECK_OR_REPAIR,FALSE,NONE,HIGH,SYNTHETIC_SCENARIO,FALSE,SRC005,CATEGORY_ANCHOR_NOT_ROW_EVIDENCE,SNS_POST,KO,ATTEMPTED_ACTION,TRAIN,GVS-0115,GALAXY_S_ULTRA에서 IMPACT/WORN_NIB 조건에 마모된 펜촉으로 획이 튀거나 늦게 입력,관찰 사실과 원인 추정을 분리; 모델 기능 호환성 검사
GVS-0116,T12,S펜,SPEN,PHONE,Z_FOLD,GALAXY_Z_FOLD,UNSPECIFIED,UNSPECIFIED,UNSPECIFIED,UNSPECIFIED,DEFECT_REPORT,SPEN.INPUT,NO_FUNCTION,Fold 커버 화면에서 S펜이 동작하지 않음,CASE,FOLD_COVER_SCREEN,AFTER_EVENT,INTERMITTENT,CONDITIONAL,REPEATED_RETRY,S2,SOFTWARE_POSSIBLE,SOFTWARE_UPDATE_OR_APP,SPEN|DIGITIZER|BLE|MAGNETIC_ACCESSORY,USER_GUESS,재부팅·업데이트·안전모드 중 일부 시도,UNSPECIFIED,CAUSE_CHECK_OR_REPAIR,TRUE,NONE,LOW,SYNTHETIC_SCENARIO,FALSE,SRC005,CATEGORY_ANCHOR_NOT_ROW_EVIDENCE,COMMUNITY_POST,KO,MODEL_AND_VERSION,TRAIN,GVS-0116,GALAXY_Z_FOLD에서 CASE/FOLD_COVER_SCREEN 조건에 Fold 커버 화면에서 S펜이 동작하지 않음,불량 확정 금지; 정상·설정·외부 요인을 원문에서 확정하지 말 것
GVS-0117,T12,S펜,SPEN,TABLET,TAB_S_FE,GALAXY_TAB_S_FE,UNSPECIFIED,UNSPECIFIED,UNSPECIFIED,UNSPECIFIED,DEFECT_REPORT,SPEN.BLE,INTERMITTENT,Tab FE 기본 S펜에서 Air Actions 메뉴가 없음,OS_UPDATE,TAB_FE_PEN,IMMEDIATE,DAILY,REPRODUCIBLE,DATA_OR_SERVICE_UNAVAILABLE,S0,PRODUCT_DEFECT_POSSIBLE,HARDWARE_OR_COMPONENT,SPEN|DIGITIZER|BLE|MAGNETIC_ACCESSORY,USER_GUESS,자가진단 또는 서비스센터 점검,UNSPECIFIED,CAUSE_CHECK_OR_REPAIR,TRUE,NONE,MEDIUM,SYNTHETIC_SCENARIO,FALSE,SRC005,CATEGORY_ANCHOR_NOT_ROW_EVIDENCE,CHAT_SUPPORT,KO,TIME_PATTERN,TRAIN,GVS-0117,GALAXY_TAB_S_FE에서 OS_UPDATE/TAB_FE_PEN 조건에 Tab FE 기본 S펜에서 Air Actions 메뉴가 없음,불량 확정 금지; 정상·설정·외부 요인을 원문에서 확정하지 말 것
GVS-0118,T12,S펜,SPEN,PHONE,S_ULTRA,GALAXY_S_ULTRA,UNSPECIFIED,UNSPECIFIED,UNSPECIFIED,UNSPECIFIED,DEFECT_REPORT,SPEN.BLE,DELAY,S펜 배터리가 낮을 때 원격 제어 실패,UNKNOWN,LOW_BATTERY,GRADUAL,FREQUENT,NOT_TESTED,TRAVEL_DISRUPTION,S1,UNKNOWN,UNKNOWN,SPEN|DIGITIZER|BLE|MAGNETIC_ACCESSORY,USER_GUESS,조치 정보 없음,UNSPECIFIED,CAUSE_CHECK_OR_REPAIR,FALSE,NONE,MEDIUM,SYNTHETIC_SCENARIO,FALSE,SRC005,CATEGORY_ANCHOR_NOT_ROW_EVIDENCE,SURVEY_FREE_TEXT,EN,NONE,TRAIN,GVS-0118,GALAXY_S_ULTRA에서 UNKNOWN/LOW_BATTERY 조건에 S펜 배터리가 낮을 때 원격 제어 실패,관찰 사실과 원인 추정을 분리; 모델 기능 호환성 검사
GVS-0119,T12,S펜,SPEN,TABLET,TAB_S,GALAXY_TAB_S,UNSPECIFIED,UNSPECIFIED,UNSPECIFIED,UNSPECIFIED,DEFECT_REPORT,SPEN.INPUT,INACCURATE,화면 수리 후 디지타이저 일부 영역 무반응,CHARGING,AFTER_REPAIR,AFTER_AGING,ALWAYS,ALWAYS,FINANCIAL_OR_TIME_COST,S2,ACCESSORY_RELATED,ACCESSORY,SPEN|DIGITIZER|BLE|MAGNETIC_ACCESSORY,USER_GUESS,다른 액세서리로 교차 확인,UNSPECIFIED,CAUSE_CHECK_OR_REPAIR,FALSE,NONE,LOW,SYNTHETIC_SCENARIO,FALSE,SRC005,CATEGORY_ANCHOR_NOT_ROW_EVIDENCE,STORE_REVIEW,EN,CONTEXT,TRAIN,GVS-0119,GALAXY_TAB_S에서 CHARGING/AFTER_REPAIR 조건에 화면 수리 후 디지타이저 일부 영역 무반응,관찰 사실과 원인 추정을 분리; 모델 기능 호환성 검사
GVS-0120,T12,S펜,SPEN,TABLET,TAB_S,GALAXY_TAB_S,UNSPECIFIED,UNSPECIFIED,UNSPECIFIED,UNSPECIFIED,DEFECT_REPORT,SPEN.INPUT,FEATURE_MISSING,타사 펜에서 필압과 버튼 기능이 지원되지 않음,IMPACT,THIRD_PARTY_PEN,UNKNOWN,RARE,UNKNOWN,USER_CONFUSION,S0,SOFTWARE_POSSIBLE,SOFTWARE_UPDATE_OR_APP,SPEN|DIGITIZER|BLE|MAGNETIC_ACCESSORY,USER_GUESS,재부팅·업데이트·안전모드 중 일부 시도,UNSPECIFIED,CAUSE_CHECK_OR_REPAIR,TRUE,NONE,HIGH,SYNTHETIC_SCENARIO,FALSE,SRC005,CATEGORY_ANCHOR_NOT_ROW_EVIDENCE,EMAIL_COMPLAINT,KO_EN_MIXED,MULTIPLE_FIELDS,TRAIN,GVS-0120,GALAXY_TAB_S에서 IMPACT/THIRD_PARTY_PEN 조건에 타사 펜에서 필압과 버튼 기능이 지원되지 않음,불량 확정 금지; 정상·설정·외부 요인을 원문에서 확정하지 말 것
GVS-0121,T13,카메라 촬영과 초점,CAMERA,PHONE,S_BASE_PLUS,GALAXY_S_BASE_PLUS,UNSPECIFIED,UNSPECIFIED,UNSPECIFIED,UNSPECIFIED,DEFECT_REPORT,CAMERA.CAPTURE,DELAY,실내에서 움직이는 아이를 찍으면 셔터가 한 박자 늦음,TAKE_PHOTO,MOVING_CHILD,AFTER_EVENT,INTERMITTENT,CONDITIONAL,BATTERY_ANXIETY,S1,SOFTWARE_POSSIBLE,SOFTWARE_UPDATE_OR_APP,CAMERA_APP|AF|OIS|ISP|SENSOR,USER_GUESS,재부팅·업데이트·안전모드 중 일부 시도,UNSPECIFIED,CAUSE_CHECK_OR_REPAIR,FALSE,NONE,LOW,SYNTHETIC_SCENARIO,FALSE,SRC015,CATEGORY_ANCHOR_NOT_ROW_EVIDENCE,SAMSUNG_MEMBERS,KO,NONE,TRAIN,GVS-0121,GALAXY_S_BASE_PLUS에서 TAKE_PHOTO/MOVING_CHILD 조건에 실내에서 움직이는 아이를 찍으면 셔터가 한 박자 늦음,관찰 사실과 원인 추정을 분리; 모델 기능 호환성 검사
GVS-0122,T13,카메라 촬영과 초점,CAMERA,PHONE,S_ULTRA,GALAXY_S_ULTRA,UNSPECIFIED,UNSPECIFIED,UNSPECIFIED,UNSPECIFIED,DEFECT_REPORT,CAMERA.FOCUS,NO_FUNCTION,저조도에서 초점을 잡는 동안 피사체를 놓침,LOW_LIGHT,INDOOR,IMMEDIATE,DAILY,REPRODUCIBLE,PRIMARY_FUNCTION_DEGRADED,S2,PRODUCT_DEFECT_POSSIBLE,HARDWARE_OR_COMPONENT,CAMERA_APP|AF|OIS|ISP|SENSOR,USER_GUESS,자가진단 또는 서비스센터 점검,UNSPECIFIED,CAUSE_CHECK_OR_REPAIR,FALSE,NONE,MEDIUM,SYNTHETIC_SCENARIO,FALSE,SRC015,CATEGORY_ANCHOR_NOT_ROW_EVIDENCE,ECOMMERCE_REVIEW,KO,MODEL_VERSION,TRAIN,GVS-0122,GALAXY_S_ULTRA에서 LOW_LIGHT/INDOOR 조건에 저조도에서 초점을 잡는 동안 피사체를 놓침,관찰 사실과 원인 추정을 분리; 모델 기능 호환성 검사
GVS-0123,T13,카메라 촬영과 초점,CAMERA,PHONE,S_FE,GALAXY_S_FE,UNSPECIFIED,UNSPECIFIED,UNSPECIFIED,UNSPECIFIED,DEFECT_REPORT,CAMERA.CAPTURE,INACCURATE,반려동물 촬영 시 초점이 배경으로 이동,HIGH_TEMP,PET,GRADUAL,FREQUENT,NOT_TESTED,TASK_DELAY,S1,ENVIRONMENT_RELATED,ENVIRONMENTAL_CONDITION,CAMERA_APP|AF|OIS|ISP|SENSOR,USER_GUESS,환경 조건 제거 후 재시험,UNSPECIFIED,CAUSE_CHECK_OR_REPAIR,FALSE,NONE,MEDIUM,SYNTHETIC_SCENARIO,FALSE,SRC015,CATEGORY_ANCHOR_NOT_ROW_EVIDENCE,CALL_CENTER_TRANSCRIPT,KO,FREQUENCY,TEST,GVS-0123,GALAXY_S_FE에서 HIGH_TEMP/PET 조건에 반려동물 촬영 시 초점이 배경으로 이동,관찰 사실과 원인 추정을 분리; 모델 기능 호환성 검사
GVS-0124,T13,카메라 촬영과 초점,CAMERA,PHONE,Z_FOLD,GALAXY_Z_FOLD,UNSPECIFIED,UNSPECIFIED,UNSPECIFIED,UNSPECIFIED,DEFECT_REPORT,CAMERA.FOCUS,DEGRADED,근접 촬영에서 초점 전환이 반복됨,CAMERA_USE,CLOSE_UP,AFTER_AGING,ALWAYS,ALWAYS,MISSED_MOMENT,S2,SOFTWARE_POSSIBLE,SOFTWARE_UPDATE_OR_APP,CAMERA_APP|AF|OIS|ISP|SENSOR,USER_GUESS,재부팅·업데이트·안전모드 중 일부 시도,UNSPECIFIED,CAUSE_CHECK_OR_REPAIR,FALSE,NONE,LOW,SYNTHETIC_SCENARIO,FALSE,SRC015,CATEGORY_ANCHOR_NOT_ROW_EVIDENCE,SERVICE_INTAKE,KO,TRIGGER,TRAIN,GVS-0124,GALAXY_Z_FOLD에서 CAMERA_USE/CLOSE_UP 조건에 근접 촬영에서 초점 전환이 반복됨,관찰 사실과 원인 추정을 분리; 모델 기능 호환성 검사
GVS-0125,T13,카메라 촬영과 초점,CAMERA,PHONE,Z_FLIP,GALAXY_Z_FLIP,UNSPECIFIED,UNSPECIFIED,UNSPECIFIED,UNSPECIFIED,DEFECT_REPORT,CAMERA.CAPTURE,DELAY,줌 배율을 바꾸면 프리뷰가 잠시 멈춤,OS_UPDATE,ZOOM_SWITCH,UNKNOWN,RARE,UNKNOWN,WORK_INTERRUPTED,S1,PRODUCT_DEFECT_POSSIBLE,HARDWARE_OR_COMPONENT,CAMERA_APP|AF|OIS|ISP|SENSOR,USER_GUESS,자가진단 또는 서비스센터 점검,UNSPECIFIED,CAUSE_CHECK_OR_REPAIR,FALSE,NONE,HIGH,SYNTHETIC_SCENARIO,FALSE,SRC015,CATEGORY_ANCHOR_NOT_ROW_EVIDENCE,SNS_POST,KO,ATTEMPTED_ACTION,TRAIN,GVS-0125,GALAXY_Z_FLIP에서 OS_UPDATE/ZOOM_SWITCH 조건에 줌 배율을 바꾸면 프리뷰가 잠시 멈춤,관찰 사실과 원인 추정을 분리; 모델 기능 호환성 검사
GVS-0126,T13,카메라 촬영과 초점,CAMERA,PHONE,A_SERIES,GALAXY_A,UNSPECIFIED,UNSPECIFIED,UNSPECIFIED,UNSPECIFIED,DEFECT_REPORT,CAMERA.FOCUS,NO_FUNCTION,전원 버튼 두 번으로 실행해도 촬영 버튼이 늦게 반응,TAKE_PHOTO,QUICK_LAUNCH,AFTER_EVENT,INTERMITTENT,CONDITIONAL,REPEATED_RETRY,S2,ENVIRONMENT_RELATED,ENVIRONMENTAL_CONDITION,CAMERA_APP|AF|OIS|ISP|SENSOR,USER_GUESS,환경 조건 제거 후 재시험,UNSPECIFIED,CAUSE_CHECK_OR_REPAIR,FALSE,NONE,LOW,SYNTHETIC_SCENARIO,FALSE,SRC015,CATEGORY_ANCHOR_NOT_ROW_EVIDENCE,COMMUNITY_POST,KO,MODEL_AND_VERSION,TRAIN,GVS-0126,GALAXY_A에서 TAKE_PHOTO/QUICK_LAUNCH 조건에 전원 버튼 두 번으로 실행해도 촬영 버튼이 늦게 반응,관찰 사실과 원인 추정을 분리; 모델 기능 호환성 검사
GVS-0127,T13,카메라 촬영과 초점,CAMERA,TABLET,TAB_S,GALAXY_TAB_S,UNSPECIFIED,UNSPECIFIED,UNSPECIFIED,UNSPECIFIED,DEFECT_REPORT,CAMERA.CAPTURE,INACCURATE,인물모드 경계 인식이 머리카락을 잘라냄,LOW_LIGHT,PORTRAIT,IMMEDIATE,DAILY,REPRODUCIBLE,DATA_OR_SERVICE_UNAVAILABLE,S1,SOFTWARE_POSSIBLE,SOFTWARE_UPDATE_OR_APP,CAMERA_APP|AF|OIS|ISP|SENSOR,USER_GUESS,재부팅·업데이트·안전모드 중 일부 시도,UNSPECIFIED,CAUSE_CHECK_OR_REPAIR,FALSE,NONE,MEDIUM,SYNTHETIC_SCENARIO,FALSE,SRC015,CATEGORY_ANCHOR_NOT_ROW_EVIDENCE,CHAT_SUPPORT,KO,TIME_PATTERN,TRAIN,GVS-0127,GALAXY_TAB_S에서 LOW_LIGHT/PORTRAIT 조건에 인물모드 경계 인식이 머리카락을 잘라냄,관찰 사실과 원인 추정을 분리; 모델 기능 호환성 검사
GVS-0128,T13,카메라 촬영과 초점,CAMERA,PHONE,S_BASE_PLUS,GALAXY_S_BASE_PLUS,UNSPECIFIED,UNSPECIFIED,UNSPECIFIED,UNSPECIFIED,DEFECT_REPORT,CAMERA.FOCUS,DEGRADED,문서 촬영 시 모서리 자동 인식이 틀림,HIGH_TEMP,DOCUMENT,GRADUAL,FREQUENT,NOT_TESTED,TRAVEL_DISRUPTION,S2,PRODUCT_DEFECT_POSSIBLE,HARDWARE_OR_COMPONENT,CAMERA_APP|AF|OIS|ISP|SENSOR,USER_GUESS,자가진단 또는 서비스센터 점검,UNSPECIFIED,CAUSE_CHECK_OR_REPAIR,FALSE,NONE,MEDIUM,SYNTHETIC_SCENARIO,FALSE,SRC015,CATEGORY_ANCHOR_NOT_ROW_EVIDENCE,SURVEY_FREE_TEXT,EN,NONE,TRAIN,GVS-0128,GALAXY_S_BASE_PLUS에서 HIGH_TEMP/DOCUMENT 조건에 문서 촬영 시 모서리 자동 인식이 틀림,관찰 사실과 원인 추정을 분리; 모델 기능 호환성 검사
GVS-0129,T13,카메라 촬영과 초점,CAMERA,PHONE,S_ULTRA,GALAXY_S_ULTRA,UNSPECIFIED,UNSPECIFIED,UNSPECIFIED,UNSPECIFIED,DEFECT_REPORT,CAMERA.CAPTURE,DELAY,연속 촬영 중 일부 프레임이 저장되지 않음,CAMERA_USE,MULTIPLE_SHOTS,AFTER_AGING,ALWAYS,ALWAYS,FINANCIAL_OR_TIME_COST,S1,ENVIRONMENT_RELATED,ENVIRONMENTAL_CONDITION,CAMERA_APP|AF|OIS|ISP|SENSOR,USER_GUESS,환경 조건 제거 후 재시험,UNSPECIFIED,CAUSE_CHECK_OR_REPAIR,FALSE,NONE,LOW,SYNTHETIC_SCENARIO,FALSE,SRC015,CATEGORY_ANCHOR_NOT_ROW_EVIDENCE,STORE_REVIEW,EN,CONTEXT,TRAIN,GVS-0129,GALAXY_S_ULTRA에서 CAMERA_USE/MULTIPLE_SHOTS 조건에 연속 촬영 중 일부 프레임이 저장되지 않음,관찰 사실과 원인 추정을 분리; 모델 기능 호환성 검사
GVS-0130,T13,카메라 촬영과 초점,CAMERA,PHONE,S_FE,GALAXY_S_FE,UNSPECIFIED,UNSPECIFIED,UNSPECIFIED,UNSPECIFIED,DEFECT_REPORT,CAMERA.FOCUS,NO_FUNCTION,업데이트 후 카메라 첫 실행이 현저히 느려짐,OS_UPDATE,AFTER_UPDATE,UNKNOWN,RARE,UNKNOWN,USER_CONFUSION,S2,SOFTWARE_POSSIBLE,SOFTWARE_UPDATE_OR_APP,CAMERA_APP|AF|OIS|ISP|SENSOR,USER_GUESS,재부팅·업데이트·안전모드 중 일부 시도,UNSPECIFIED,CAUSE_CHECK_OR_REPAIR,FALSE,NONE,HIGH,SYNTHETIC_SCENARIO,FALSE,SRC015,CATEGORY_ANCHOR_NOT_ROW_EVIDENCE,EMAIL_COMPLAINT,KO_EN_MIXED,MULTIPLE_FIELDS,TRAIN,GVS-0130,GALAXY_S_FE에서 OS_UPDATE/AFTER_UPDATE 조건에 업데이트 후 카메라 첫 실행이 현저히 느려짐,관찰 사실과 원인 추정을 분리; 모델 기능 호환성 검사
GVS-0131,T14,사진 품질,CAMERA,PHONE,S_BASE_PLUS,GALAXY_S_BASE_PLUS,UNSPECIFIED,UNSPECIFIED,UNSPECIFIED,UNSPECIFIED,DEFECT_REPORT,CAMERA.IMAGE_QUALITY,DEGRADED,인물 사진 피부색이 실제보다 노랗게 보임,LOW_LIGHT,SKIN_TONE,AFTER_EVENT,INTERMITTENT,CONDITIONAL,BATTERY_ANXIETY,S1,SOFTWARE_POSSIBLE,SOFTWARE_UPDATE_OR_APP,SENSOR|LENS|ISP|IMAGE_PROCESSING,USER_GUESS,재부팅·업데이트·안전모드 중 일부 시도,UNSPECIFIED,CAUSE_CHECK_OR_REPAIR,FALSE,NONE,LOW,SYNTHETIC_SCENARIO,FALSE,SRC018,CATEGORY_ANCHOR_NOT_ROW_EVIDENCE,SAMSUNG_MEMBERS,KO,NONE,TRAIN,GVS-0131,GALAXY_S_BASE_PLUS에서 LOW_LIGHT/SKIN_TONE 조건에 인물 사진 피부색이 실제보다 노랗게 보임,관찰 사실과 원인 추정을 분리; 모델 기능 호환성 검사
GVS-0132,T14,사진 품질,CAMERA,PHONE,S_ULTRA,GALAXY_S_ULTRA,UNSPECIFIED,UNSPECIFIED,UNSPECIFIED,UNSPECIFIED,DEFECT_REPORT,CAMERA.IMAGE_QUALITY,VISUAL_ARTIFACT,야간 사진이 과도하게 밝아져 분위기가 사라짐,TAKE_PHOTO,NIGHT_MODE,IMMEDIATE,DAILY,REPRODUCIBLE,PRIMARY_FUNCTION_DEGRADED,S2,ENVIRONMENT_RELATED,ENVIRONMENTAL_CONDITION,SENSOR|LENS|ISP|IMAGE_PROCESSING,USER_GUESS,환경 조건 제거 후 재시험,UNSPECIFIED,CAUSE_CHECK_OR_REPAIR,FALSE,NONE,MEDIUM,SYNTHETIC_SCENARIO,FALSE,SRC018,CATEGORY_ANCHOR_NOT_ROW_EVIDENCE,ECOMMERCE_REVIEW,KO,MODEL_VERSION,TRAIN,GVS-0132,GALAXY_S_ULTRA에서 TAKE_PHOTO/NIGHT_MODE 조건에 야간 사진이 과도하게 밝아져 분위기가 사라짐,관찰 사실과 원인 추정을 분리; 모델 기능 호환성 검사
GVS-0133,T14,사진 품질,CAMERA,PHONE,S_FE,GALAXY_S_FE,UNSPECIFIED,UNSPECIFIED,UNSPECIFIED,UNSPECIFIED,DEFECT_REPORT,CAMERA.IMAGE_QUALITY,INACCURATE,역광에서 얼굴이 뭉개지고 배경만 선명,OS_UPDATE,BACKLIGHT,GRADUAL,FREQUENT,NOT_TESTED,TASK_DELAY,S1,PRODUCT_DEFECT_POSSIBLE,HARDWARE_OR_COMPONENT,SENSOR|LENS|ISP|IMAGE_PROCESSING,USER_GUESS,자가진단 또는 서비스센터 점검,UNSPECIFIED,CAUSE_CHECK_OR_REPAIR,FALSE,NONE,MEDIUM,SYNTHETIC_SCENARIO,FALSE,SRC018,CATEGORY_ANCHOR_NOT_ROW_EVIDENCE,CALL_CENTER_TRANSCRIPT,KO,FREQUENCY,TRAIN,GVS-0133,GALAXY_S_FE에서 OS_UPDATE/BACKLIGHT 조건에 역광에서 얼굴이 뭉개지고 배경만 선명,관찰 사실과 원인 추정을 분리; 모델 기능 호환성 검사
GVS-0134,T14,사진 품질,CAMERA,PHONE,Z_FOLD,GALAXY_Z_FOLD,UNSPECIFIED,UNSPECIFIED,UNSPECIFIED,UNSPECIFIED,DEFECT_REPORT,CAMERA.IMAGE_QUALITY,DEGRADED,LED 조명 아래 줄무늬가 생김,UNKNOWN,LED_LIGHT,AFTER_AGING,ALWAYS,ALWAYS,MISSED_MOMENT,S2,SOFTWARE_POSSIBLE,SOFTWARE_UPDATE_OR_APP,SENSOR|LENS|ISP|IMAGE_PROCESSING,USER_GUESS,재부팅·업데이트·안전모드 중 일부 시도,UNSPECIFIED,CAUSE_CHECK_OR_REPAIR,FALSE,NONE,LOW,SYNTHETIC_SCENARIO,FALSE,SRC018,CATEGORY_ANCHOR_NOT_ROW_EVIDENCE,SERVICE_INTAKE,KO,TRIGGER,TRAIN,GVS-0134,GALAXY_Z_FOLD에서 UNKNOWN/LED_LIGHT 조건에 LED 조명 아래 줄무늬가 생김,관찰 사실과 원인 추정을 분리; 모델 기능 호환성 검사
GVS-0135,T14,사진 품질,CAMERA,PHONE,Z_FLIP,GALAXY_Z_FLIP,UNSPECIFIED,UNSPECIFIED,UNSPECIFIED,UNSPECIFIED,DEFECT_REPORT,CAMERA.IMAGE_QUALITY,VISUAL_ARTIFACT,초광각과 기본 카메라 색감 차이가 큼,LOW_LIGHT,ULTRAWIDE,UNKNOWN,RARE,UNKNOWN,WORK_INTERRUPTED,S1,ENVIRONMENT_RELATED,ENVIRONMENTAL_CONDITION,SENSOR|LENS|ISP|IMAGE_PROCESSING,USER_GUESS,환경 조건 제거 후 재시험,UNSPECIFIED,CAUSE_CHECK_OR_REPAIR,FALSE,NONE,HIGH,SYNTHETIC_SCENARIO,FALSE,SRC018,CATEGORY_ANCHOR_NOT_ROW_EVIDENCE,SNS_POST,KO,ATTEMPTED_ACTION,VALID,GVS-0135,GALAXY_Z_FLIP에서 LOW_LIGHT/ULTRAWIDE 조건에 초광각과 기본 카메라 색감 차이가 큼,관찰 사실과 원인 추정을 분리; 모델 기능 호환성 검사
GVS-0136,T14,사진 품질,CAMERA,PHONE,A_SERIES,GALAXY_A,UNSPECIFIED,UNSPECIFIED,UNSPECIFIED,UNSPECIFIED,DEFECT_REPORT,CAMERA.IMAGE_QUALITY,INACCURATE,망원 전환 순간 색온도와 노출이 달라짐,TAKE_PHOTO,TELEPHOTO,AFTER_EVENT,INTERMITTENT,CONDITIONAL,REPEATED_RETRY,S2,PRODUCT_DEFECT_POSSIBLE,HARDWARE_OR_COMPONENT,SENSOR|LENS|ISP|IMAGE_PROCESSING,USER_GUESS,자가진단 또는 서비스센터 점검,UNSPECIFIED,CAUSE_CHECK_OR_REPAIR,FALSE,NONE,LOW,SYNTHETIC_SCENARIO,FALSE,SRC018,CATEGORY_ANCHOR_NOT_ROW_EVIDENCE,COMMUNITY_POST,KO,MODEL_AND_VERSION,TRAIN,GVS-0136,GALAXY_A에서 TAKE_PHOTO/TELEPHOTO 조건에 망원 전환 순간 색온도와 노출이 달라짐,관찰 사실과 원인 추정을 분리; 모델 기능 호환성 검사
GVS-0137,T14,사진 품질,CAMERA,PHONE,S_BASE_PLUS,GALAXY_S_BASE_PLUS,UNSPECIFIED,UNSPECIFIED,UNSPECIFIED,UNSPECIFIED,DEFECT_REPORT,CAMERA.IMAGE_QUALITY,DEGRADED,음식 사진 보정이 과해 색이 부자연스러움,OS_UPDATE,FOOD,IMMEDIATE,DAILY,REPRODUCIBLE,DATA_OR_SERVICE_UNAVAILABLE,S1,SOFTWARE_POSSIBLE,SOFTWARE_UPDATE_OR_APP,SENSOR|LENS|ISP|IMAGE_PROCESSING,USER_GUESS,재부팅·업데이트·안전모드 중 일부 시도,UNSPECIFIED,CAUSE_CHECK_OR_REPAIR,FALSE,NONE,MEDIUM,SYNTHETIC_SCENARIO,FALSE,SRC018,CATEGORY_ANCHOR_NOT_ROW_EVIDENCE,CHAT_SUPPORT,KO,TIME_PATTERN,TRAIN,GVS-0137,GALAXY_S_BASE_PLUS에서 OS_UPDATE/FOOD 조건에 음식 사진 보정이 과해 색이 부자연스러움,관찰 사실과 원인 추정을 분리; 모델 기능 호환성 검사
GVS-0138,T14,사진 품질,CAMERA,PHONE,S_ULTRA,GALAXY_S_ULTRA,UNSPECIFIED,UNSPECIFIED,UNSPECIFIED,UNSPECIFIED,DEFECT_REPORT,CAMERA.IMAGE_QUALITY,VISUAL_ARTIFACT,셀카가 촬영 후 자동으로 얼굴을 바꿈,UNKNOWN,SELFIE,GRADUAL,FREQUENT,NOT_TESTED,TRAVEL_DISRUPTION,S2,ENVIRONMENT_RELATED,ENVIRONMENTAL_CONDITION,SENSOR|LENS|ISP|IMAGE_PROCESSING,USER_GUESS,환경 조건 제거 후 재시험,UNSPECIFIED,CAUSE_CHECK_OR_REPAIR,FALSE,NONE,MEDIUM,SYNTHETIC_SCENARIO,FALSE,SRC018,CATEGORY_ANCHOR_NOT_ROW_EVIDENCE,SURVEY_FREE_TEXT,EN,NONE,TRAIN,GVS-0138,GALAXY_S_ULTRA에서 UNKNOWN/SELFIE 조건에 셀카가 촬영 후 자동으로 얼굴을 바꿈,관찰 사실과 원인 추정을 분리; 모델 기능 호환성 검사
GVS-0139,T14,사진 품질,CAMERA,PHONE,S_FE,GALAXY_S_FE,UNSPECIFIED,UNSPECIFIED,UNSPECIFIED,UNSPECIFIED,DEFECT_REPORT,CAMERA.IMAGE_QUALITY,INACCURATE,RAW와 자동 사진의 디테일 차이가 과도함,LOW_LIGHT,RAW_VS_AUTO,AFTER_AGING,ALWAYS,ALWAYS,FINANCIAL_OR_TIME_COST,S1,PRODUCT_DEFECT_POSSIBLE,HARDWARE_OR_COMPONENT,SENSOR|LENS|ISP|IMAGE_PROCESSING,USER_GUESS,자가진단 또는 서비스센터 점검,UNSPECIFIED,CAUSE_CHECK_OR_REPAIR,FALSE,NONE,LOW,SYNTHETIC_SCENARIO,FALSE,SRC018,CATEGORY_ANCHOR_NOT_ROW_EVIDENCE,STORE_REVIEW,EN,CONTEXT,TRAIN,GVS-0139,GALAXY_S_FE에서 LOW_LIGHT/RAW_VS_AUTO 조건에 RAW와 자동 사진의 디테일 차이가 과도함,관찰 사실과 원인 추정을 분리; 모델 기능 호환성 검사
GVS-0140,T14,사진 품질,CAMERA,PHONE,Z_FOLD,GALAXY_Z_FOLD,UNSPECIFIED,UNSPECIFIED,UNSPECIFIED,UNSPECIFIED,DEFECT_REPORT,CAMERA.IMAGE_QUALITY,DEGRADED,밤에 광원 주변 플레어가 크게 번짐,TAKE_PHOTO,LENS_FLARE,UNKNOWN,RARE,UNKNOWN,USER_CONFUSION,S2,SOFTWARE_POSSIBLE,SOFTWARE_UPDATE_OR_APP,SENSOR|LENS|ISP|IMAGE_PROCESSING,USER_GUESS,재부팅·업데이트·안전모드 중 일부 시도,UNSPECIFIED,CAUSE_CHECK_OR_REPAIR,FALSE,NONE,HIGH,SYNTHETIC_SCENARIO,FALSE,SRC018,CATEGORY_ANCHOR_NOT_ROW_EVIDENCE,EMAIL_COMPLAINT,KO_EN_MIXED,MULTIPLE_FIELDS,TRAIN,GVS-0140,GALAXY_Z_FOLD에서 TAKE_PHOTO/LENS_FLARE 조건에 밤에 광원 주변 플레어가 크게 번짐,관찰 사실과 원인 추정을 분리; 모델 기능 호환성 검사
GVS-0141,T15,동영상과 OIS,CAMERA,PHONE,S_BASE_PLUS,GALAXY_S_BASE_PLUS,UNSPECIFIED,UNSPECIFIED,UNSPECIFIED,UNSPECIFIED,DEFECT_REPORT,CAMERA.VIDEO,DEGRADED,4K60 녹화에서 프레임이 주기적으로 끊김,RECORD_VIDEO,4K60,AFTER_EVENT,INTERMITTENT,CONDITIONAL,BATTERY_ANXIETY,S1,SOFTWARE_POSSIBLE,SOFTWARE_UPDATE_OR_APP,OIS|MIC|ENCODER|STORAGE|CAMERA_APP,USER_GUESS,재부팅·업데이트·안전모드 중 일부 시도,UNSPECIFIED,CAUSE_CHECK_OR_REPAIR,FALSE,NONE,LOW,SYNTHETIC_SCENARIO,FALSE,SRC009,CATEGORY_ANCHOR_NOT_ROW_EVIDENCE,SAMSUNG_MEMBERS,KO,NONE,TEST,GVS-0141,GALAXY_S_BASE_PLUS에서 RECORD_VIDEO/4K60 조건에 4K60 녹화에서 프레임이 주기적으로 끊김,관찰 사실과 원인 추정을 분리; 모델 기능 호환성 검사
GVS-0142,T15,동영상과 OIS,CAMERA,PHONE,S_ULTRA,GALAXY_S_ULTRA,UNSPECIFIED,UNSPECIFIED,UNSPECIFIED,UNSPECIFIED,DEFECT_REPORT,CAMERA.OIS,AUDIO_ARTIFACT,8K 촬영 몇 분 뒤 녹화가 종료,NAVIGATION,8K,IMMEDIATE,DAILY,REPRODUCIBLE,PRIMARY_FUNCTION_DEGRADED,S2,ENVIRONMENT_RELATED,ENVIRONMENTAL_CONDITION,OIS|MIC|ENCODER|STORAGE|CAMERA_APP,USER_GUESS,환경 조건 제거 후 재시험,UNSPECIFIED,CAUSE_CHECK_OR_REPAIR,FALSE,NONE,MEDIUM,SYNTHETIC_SCENARIO,FALSE,SRC009,CATEGORY_ANCHOR_NOT_ROW_EVIDENCE,ECOMMERCE_REVIEW,KO,MODEL_VERSION,VALID,GVS-0142,GALAXY_S_ULTRA에서 NAVIGATION/8K 조건에 8K 촬영 몇 분 뒤 녹화가 종료,관찰 사실과 원인 추정을 분리; 모델 기능 호환성 검사
GVS-0143,T15,동영상과 OIS,CAMERA,PHONE,S_FE,GALAXY_S_FE,UNSPECIFIED,UNSPECIFIED,UNSPECIFIED,UNSPECIFIED,DEFECT_REPORT,CAMERA.VIDEO,FREEZE,걸으면서 촬영할 때 화면이 미세하게 튐,HIGH_TEMP,WALKING,GRADUAL,FREQUENT,NOT_TESTED,TASK_DELAY,S1,PRODUCT_DEFECT_POSSIBLE,HARDWARE_OR_COMPONENT,OIS|MIC|ENCODER|STORAGE|CAMERA_APP,USER_GUESS,자가진단 또는 서비스센터 점검,UNSPECIFIED,CAUSE_CHECK_OR_REPAIR,FALSE,NONE,MEDIUM,SYNTHETIC_SCENARIO,FALSE,SRC009,CATEGORY_ANCHOR_NOT_ROW_EVIDENCE,CALL_CENTER_TRANSCRIPT,KO,FREQUENCY,VALID,GVS-0143,GALAXY_S_FE에서 HIGH_TEMP/WALKING 조건에 걸으면서 촬영할 때 화면이 미세하게 튐,관찰 사실과 원인 추정을 분리; 모델 기능 호환성 검사
GVS-0144,T15,동영상과 OIS,CAMERA,PHONE,Z_FOLD,GALAXY_Z_FOLD,UNSPECIFIED,UNSPECIFIED,UNSPECIFIED,UNSPECIFIED,DEFECT_REPORT,CAMERA.OIS,DELAY,줌 전환 시 영상 밝기와 초점이 튐,OS_UPDATE,ZOOM_SWITCH,AFTER_AGING,ALWAYS,ALWAYS,MISSED_MOMENT,S2,SOFTWARE_POSSIBLE,SOFTWARE_UPDATE_OR_APP,OIS|MIC|ENCODER|STORAGE|CAMERA_APP,USER_GUESS,재부팅·업데이트·안전모드 중 일부 시도,UNSPECIFIED,CAUSE_CHECK_OR_REPAIR,FALSE,NONE,LOW,SYNTHETIC_SCENARIO,FALSE,SRC009,CATEGORY_ANCHOR_NOT_ROW_EVIDENCE,SERVICE_INTAKE,KO,TRIGGER,TRAIN,GVS-0144,GALAXY_Z_FOLD에서 OS_UPDATE/ZOOM_SWITCH 조건에 줌 전환 시 영상 밝기와 초점이 튐,관찰 사실과 원인 추정을 분리; 모델 기능 호환성 검사
GVS-0145,T15,동영상과 OIS,CAMERA,PHONE,Z_FLIP,GALAXY_Z_FLIP,UNSPECIFIED,UNSPECIFIED,UNSPECIFIED,UNSPECIFIED,DEFECT_REPORT,CAMERA.VIDEO,VISUAL_ARTIFACT,장시간 녹화 후 음성과 영상 싱크가 어긋남,IMPACT,LONG_RECORDING,UNKNOWN,RARE,UNKNOWN,WORK_INTERRUPTED,S1,ENVIRONMENT_RELATED,ENVIRONMENTAL_CONDITION,OIS|MIC|ENCODER|STORAGE|CAMERA_APP,USER_GUESS,환경 조건 제거 후 재시험,UNSPECIFIED,CAUSE_CHECK_OR_REPAIR,FALSE,NONE,HIGH,SYNTHETIC_SCENARIO,FALSE,SRC009,CATEGORY_ANCHOR_NOT_ROW_EVIDENCE,SNS_POST,KO,ATTEMPTED_ACTION,TRAIN,GVS-0145,GALAXY_Z_FLIP에서 IMPACT/LONG_RECORDING 조건에 장시간 녹화 후 음성과 영상 싱크가 어긋남,관찰 사실과 원인 추정을 분리; 모델 기능 호환성 검사
GVS-0146,T15,동영상과 OIS,CAMERA,PHONE,A_SERIES,GALAXY_A,UNSPECIFIED,UNSPECIFIED,UNSPECIFIED,UNSPECIFIED,DEFECT_REPORT,CAMERA.OIS,DEGRADED,바람 소리가 음성을 완전히 덮음,RECORD_VIDEO,WIND,AFTER_EVENT,INTERMITTENT,CONDITIONAL,REPEATED_RETRY,S2,PRODUCT_DEFECT_POSSIBLE,HARDWARE_OR_COMPONENT,OIS|MIC|ENCODER|STORAGE|CAMERA_APP,USER_GUESS,자가진단 또는 서비스센터 점검,UNSPECIFIED,CAUSE_CHECK_OR_REPAIR,FALSE,NONE,LOW,SYNTHETIC_SCENARIO,FALSE,SRC009,CATEGORY_ANCHOR_NOT_ROW_EVIDENCE,COMMUNITY_POST,KO,MODEL_AND_VERSION,TRAIN,GVS-0146,GALAXY_A에서 RECORD_VIDEO/WIND 조건에 바람 소리가 음성을 완전히 덮음,관찰 사실과 원인 추정을 분리; 모델 기능 호환성 검사
GVS-0147,T15,동영상과 OIS,CAMERA,PHONE,S_BASE_PLUS,GALAXY_S_BASE_PLUS,UNSPECIFIED,UNSPECIFIED,UNSPECIFIED,UNSPECIFIED,DEFECT_REPORT,CAMERA.VIDEO,AUDIO_ARTIFACT,저조도 영상에서 잔상이 길게 남음,NAVIGATION,LOW_LIGHT,IMMEDIATE,DAILY,REPRODUCIBLE,DATA_OR_SERVICE_UNAVAILABLE,S1,SOFTWARE_POSSIBLE,SOFTWARE_UPDATE_OR_APP,OIS|MIC|ENCODER|STORAGE|CAMERA_APP,USER_GUESS,재부팅·업데이트·안전모드 중 일부 시도,UNSPECIFIED,CAUSE_CHECK_OR_REPAIR,FALSE,NONE,MEDIUM,SYNTHETIC_SCENARIO,FALSE,SRC009,CATEGORY_ANCHOR_NOT_ROW_EVIDENCE,CHAT_SUPPORT,KO,TIME_PATTERN,TRAIN,GVS-0147,GALAXY_S_BASE_PLUS에서 NAVIGATION/LOW_LIGHT 조건에 저조도 영상에서 잔상이 길게 남음,관찰 사실과 원인 추정을 분리; 모델 기능 호환성 검사
GVS-0148,T15,동영상과 OIS,CAMERA,PHONE,S_ULTRA,GALAXY_S_ULTRA,UNSPECIFIED,UNSPECIFIED,UNSPECIFIED,UNSPECIFIED,DEFECT_REPORT,CAMERA.OIS,FREEZE,USB 마이크 연결 시 내부 마이크로 되돌아감,HIGH_TEMP,EXTERNAL_MIC,GRADUAL,FREQUENT,NOT_TESTED,TRAVEL_DISRUPTION,S2,ENVIRONMENT_RELATED,ENVIRONMENTAL_CONDITION,OIS|MIC|ENCODER|STORAGE|CAMERA_APP,USER_GUESS,환경 조건 제거 후 재시험,UNSPECIFIED,CAUSE_CHECK_OR_REPAIR,FALSE,NONE,MEDIUM,SYNTHETIC_SCENARIO,FALSE,SRC009,CATEGORY_ANCHOR_NOT_ROW_EVIDENCE,SURVEY_FREE_TEXT,EN,NONE,TRAIN,GVS-0148,GALAXY_S_ULTRA에서 HIGH_TEMP/EXTERNAL_MIC 조건에 USB 마이크 연결 시 내부 마이크로 되돌아감,관찰 사실과 원인 추정을 분리; 모델 기능 호환성 검사
GVS-0149,T15,동영상과 OIS,CAMERA,PHONE,S_FE,GALAXY_S_FE,UNSPECIFIED,UNSPECIFIED,UNSPECIFIED,UNSPECIFIED,DEFECT_REPORT,CAMERA.VIDEO,DELAY,강한 손떨림 보정에서 화면 가장자리가 왜곡,OS_UPDATE,STABILIZATION,AFTER_AGING,ALWAYS,ALWAYS,FINANCIAL_OR_TIME_COST,S1,PRODUCT_DEFECT_POSSIBLE,HARDWARE_OR_COMPONENT,OIS|MIC|ENCODER|STORAGE|CAMERA_APP,USER_GUESS,자가진단 또는 서비스센터 점검,UNSPECIFIED,CAUSE_CHECK_OR_REPAIR,FALSE,NONE,LOW,SYNTHETIC_SCENARIO,FALSE,SRC009,CATEGORY_ANCHOR_NOT_ROW_EVIDENCE,STORE_REVIEW,EN,CONTEXT,TEST,GVS-0149,GALAXY_S_FE에서 OS_UPDATE/STABILIZATION 조건에 강한 손떨림 보정에서 화면 가장자리가 왜곡,관찰 사실과 원인 추정을 분리; 모델 기능 호환성 검사
GVS-0150,T15,동영상과 OIS,CAMERA,PHONE,Z_FOLD,GALAXY_Z_FOLD,UNSPECIFIED,UNSPECIFIED,UNSPECIFIED,UNSPECIFIED,DEFECT_REPORT,CAMERA.OIS,VISUAL_ARTIFACT,낙하 뒤 영상 촬영에서 비정상 진동과 떨림,IMPACT,AFTER_DROP,UNKNOWN,RARE,UNKNOWN,USER_CONFUSION,S2,SOFTWARE_POSSIBLE,SOFTWARE_UPDATE_OR_APP,OIS|MIC|ENCODER|STORAGE|CAMERA_APP,USER_GUESS,재부팅·업데이트·안전모드 중 일부 시도,UNSPECIFIED,CAUSE_CHECK_OR_REPAIR,FALSE,NONE,HIGH,SYNTHETIC_SCENARIO,FALSE,SRC009,CATEGORY_ANCHOR_NOT_ROW_EVIDENCE,EMAIL_COMPLAINT,KO_EN_MIXED,MULTIPLE_FIELDS,TEST,GVS-0150,GALAXY_Z_FOLD에서 IMPACT/AFTER_DROP 조건에 낙하 뒤 영상 촬영에서 비정상 진동과 떨림,관찰 사실과 원인 추정을 분리; 모델 기능 호환성 검사
GVS-0151,T16,스피커·수화부·마이크,AUDIO,PHONE,S_BASE_PLUS,GALAXY_S_BASE_PLUS,UNSPECIFIED,UNSPECIFIED,UNSPECIFIED,UNSPECIFIED,DEFECT_REPORT,AUDIO.SPEAKER,LOW_VOLUME,비에 젖은 뒤 스피커 소리가 먹먹함,WATER,AFTER_RAIN,AFTER_EVENT,INTERMITTENT,CONDITIONAL,BATTERY_ANXIETY,S1,ENVIRONMENT_RELATED,ENVIRONMENTAL_CONDITION,SPEAKER|EARPIECE|MIC|AUDIO_ROUTING,USER_GUESS,환경 조건 제거 후 재시험,UNSPECIFIED,CAUSE_CHECK_OR_REPAIR,FALSE,NONE,LOW,SYNTHETIC_SCENARIO,FALSE,SRC013,CATEGORY_ANCHOR_NOT_ROW_EVIDENCE,SAMSUNG_MEMBERS,KO,NONE,TRAIN,GVS-0151,GALAXY_S_BASE_PLUS에서 WATER/AFTER_RAIN 조건에 비에 젖은 뒤 스피커 소리가 먹먹함,관찰 사실과 원인 추정을 분리; 모델 기능 호환성 검사
GVS-0152,T16,스피커·수화부·마이크,AUDIO,PHONE,S_ULTRA,GALAXY_S_ULTRA,UNSPECIFIED,UNSPECIFIED,UNSPECIFIED,UNSPECIFIED,DEFECT_REPORT,AUDIO.EARPIECE,AUDIO_ARTIFACT,스피커폰에서 상대 음성이 찢어져 들림,DUST,SPEAKERPHONE,IMMEDIATE,DAILY,REPRODUCIBLE,PRIMARY_FUNCTION_DEGRADED,S2,SETTINGS_RELATED,USER_SETTING,SPEAKER|EARPIECE|MIC|AUDIO_ROUTING,USER_GUESS,설정 확인 또는 기본값 복원,UNSPECIFIED,CAUSE_CHECK_OR_REPAIR,FALSE,NONE,MEDIUM,SYNTHETIC_SCENARIO,FALSE,SRC013,CATEGORY_ANCHOR_NOT_ROW_EVIDENCE,ECOMMERCE_REVIEW,KO,MODEL_VERSION,TEST,GVS-0152,GALAXY_S_ULTRA에서 DUST/SPEAKERPHONE 조건에 스피커폰에서 상대 음성이 찢어져 들림,관찰 사실과 원인 추정을 분리; 모델 기능 호환성 검사
GVS-0153,T16,스피커·수화부·마이크,AUDIO,PHONE,S_FE,GALAXY_S_FE,UNSPECIFIED,UNSPECIFIED,UNSPECIFIED,UNSPECIFIED,DEFECT_REPORT,AUDIO.MIC,NO_FUNCTION,녹음 파일에 지지직 잡음이 섞임,CASE,VOICE_RECORDING,GRADUAL,FREQUENT,NOT_TESTED,TASK_DELAY,S3,PRODUCT_DEFECT_POSSIBLE,HARDWARE_OR_COMPONENT,SPEAKER|EARPIECE|MIC|AUDIO_ROUTING,USER_GUESS,자가진단 또는 서비스센터 점검,UNSPECIFIED,CAUSE_CHECK_OR_REPAIR,FALSE,NONE,MEDIUM,SYNTHETIC_SCENARIO,FALSE,SRC013,CATEGORY_ANCHOR_NOT_ROW_EVIDENCE,CALL_CENTER_TRANSCRIPT,KO,FREQUENCY,TRAIN,GVS-0153,GALAXY_S_FE에서 CASE/VOICE_RECORDING 조건에 녹음 파일에 지지직 잡음이 섞임,관찰 사실과 원인 추정을 분리; 모델 기능 호환성 검사
GVS-0154,T16,스피커·수화부·마이크,AUDIO,PHONE,Z_FOLD,GALAXY_Z_FOLD,UNSPECIFIED,UNSPECIFIED,UNSPECIFIED,UNSPECIFIED,DEFECT_REPORT,AUDIO.SPEAKER,INTERMITTENT,영상통화에서 상대가 내 목소리를 못 들음,RECEIVE_CALL,VIDEO_CALL,AFTER_AGING,ALWAYS,ALWAYS,MISSED_MOMENT,S1,SOFTWARE_POSSIBLE,SOFTWARE_UPDATE_OR_APP,SPEAKER|EARPIECE|MIC|AUDIO_ROUTING,USER_GUESS,재부팅·업데이트·안전모드 중 일부 시도,UNSPECIFIED,CAUSE_CHECK_OR_REPAIR,FALSE,NONE,LOW,SYNTHETIC_SCENARIO,FALSE,SRC013,CATEGORY_ANCHOR_NOT_ROW_EVIDENCE,SERVICE_INTAKE,KO,TRIGGER,TRAIN,GVS-0154,GALAXY_Z_FOLD에서 RECEIVE_CALL/VIDEO_CALL 조건에 영상통화에서 상대가 내 목소리를 못 들음,관찰 사실과 원인 추정을 분리; 모델 기능 호환성 검사
GVS-0155,T16,스피커·수화부·마이크,AUDIO,PHONE,Z_FLIP,GALAXY_Z_FLIP,UNSPECIFIED,UNSPECIFIED,UNSPECIFIED,UNSPECIFIED,DEFECT_REPORT,AUDIO.EARPIECE,LOW_VOLUME,최대 음량에서 특정 주파수가 떨림,OS_UPDATE,HIGH_VOLUME,UNKNOWN,RARE,UNKNOWN,WORK_INTERRUPTED,S2,ENVIRONMENT_RELATED,ENVIRONMENTAL_CONDITION,SPEAKER|EARPIECE|MIC|AUDIO_ROUTING,USER_GUESS,환경 조건 제거 후 재시험,UNSPECIFIED,CAUSE_CHECK_OR_REPAIR,FALSE,NONE,HIGH,SYNTHETIC_SCENARIO,FALSE,SRC013,CATEGORY_ANCHOR_NOT_ROW_EVIDENCE,SNS_POST,KO,ATTEMPTED_ACTION,TRAIN,GVS-0155,GALAXY_Z_FLIP에서 OS_UPDATE/HIGH_VOLUME 조건에 최대 음량에서 특정 주파수가 떨림,관찰 사실과 원인 추정을 분리; 모델 기능 호환성 검사
GVS-0156,T16,스피커·수화부·마이크,AUDIO,PHONE,A_SERIES,GALAXY_A,UNSPECIFIED,UNSPECIFIED,UNSPECIFIED,UNSPECIFIED,DEFECT_REPORT,AUDIO.MIC,AUDIO_ARTIFACT,가로모드에서 손으로 스피커를 쉽게 가림,WATER,LANDSCAPE,AFTER_EVENT,INTERMITTENT,CONDITIONAL,REPEATED_RETRY,S3,SETTINGS_RELATED,USER_SETTING,SPEAKER|EARPIECE|MIC|AUDIO_ROUTING,USER_GUESS,설정 확인 또는 기본값 복원,UNSPECIFIED,CAUSE_CHECK_OR_REPAIR,FALSE,NONE,LOW,SYNTHETIC_SCENARIO,FALSE,SRC013,CATEGORY_ANCHOR_NOT_ROW_EVIDENCE,COMMUNITY_POST,KO,MODEL_AND_VERSION,TRAIN,GVS-0156,GALAXY_A에서 WATER/LANDSCAPE 조건에 가로모드에서 손으로 스피커를 쉽게 가림,관찰 사실과 원인 추정을 분리; 모델 기능 호환성 검사
GVS-0157,T16,스피커·수화부·마이크,AUDIO,PHONE,XCOVER,GALAXY_XCOVER,UNSPECIFIED,UNSPECIFIED,UNSPECIFIED,UNSPECIFIED,DEFECT_REPORT,AUDIO.SPEAKER,NO_FUNCTION,바람 부는 야외에서 마이크가 포화됨,DUST,WIND,IMMEDIATE,DAILY,REPRODUCIBLE,DATA_OR_SERVICE_UNAVAILABLE,S1,PRODUCT_DEFECT_POSSIBLE,HARDWARE_OR_COMPONENT,SPEAKER|EARPIECE|MIC|AUDIO_ROUTING,USER_GUESS,자가진단 또는 서비스센터 점검,UNSPECIFIED,CAUSE_CHECK_OR_REPAIR,FALSE,NONE,MEDIUM,SYNTHETIC_SCENARIO,FALSE,SRC013,CATEGORY_ANCHOR_NOT_ROW_EVIDENCE,CHAT_SUPPORT,KO,TIME_PATTERN,TRAIN,GVS-0157,GALAXY_XCOVER에서 DUST/WIND 조건에 바람 부는 야외에서 마이크가 포화됨,관찰 사실과 원인 추정을 분리; 모델 기능 호환성 검사
GVS-0158,T16,스피커·수화부·마이크,AUDIO,TABLET,TAB_S,GALAXY_TAB_S,UNSPECIFIED,UNSPECIFIED,UNSPECIFIED,UNSPECIFIED,DEFECT_REPORT,AUDIO.EARPIECE,INTERMITTENT,이어폰 해제 후에도 오디오가 Bluetooth로 남음,CASE,BLUETOOTH_CONNECTED,GRADUAL,FREQUENT,NOT_TESTED,TRAVEL_DISRUPTION,S2,SOFTWARE_POSSIBLE,SOFTWARE_UPDATE_OR_APP,SPEAKER|EARPIECE|MIC|AUDIO_ROUTING,USER_GUESS,재부팅·업데이트·안전모드 중 일부 시도,UNSPECIFIED,CAUSE_CHECK_OR_REPAIR,FALSE,NONE,MEDIUM,SYNTHETIC_SCENARIO,FALSE,SRC013,CATEGORY_ANCHOR_NOT_ROW_EVIDENCE,SURVEY_FREE_TEXT,EN,NONE,TRAIN,GVS-0158,GALAXY_TAB_S에서 CASE/BLUETOOTH_CONNECTED 조건에 이어폰 해제 후에도 오디오가 Bluetooth로 남음,관찰 사실과 원인 추정을 분리; 모델 기능 호환성 검사
GVS-0159,T16,스피커·수화부·마이크,AUDIO,PHONE,S_BASE_PLUS,GALAXY_S_BASE_PLUS,UNSPECIFIED,UNSPECIFIED,UNSPECIFIED,UNSPECIFIED,DEFECT_REPORT,AUDIO.MIC,LOW_VOLUME,모든 소리 음소거 설정 때문에 소리가 안 남,RECEIVE_CALL,ACCESSIBILITY_SETTING,AFTER_AGING,ALWAYS,ALWAYS,FINANCIAL_OR_TIME_COST,S3,ENVIRONMENT_RELATED,ENVIRONMENTAL_CONDITION,SPEAKER|EARPIECE|MIC|AUDIO_ROUTING,USER_GUESS,환경 조건 제거 후 재시험,UNSPECIFIED,CAUSE_CHECK_OR_REPAIR,FALSE,NONE,LOW,SYNTHETIC_SCENARIO,FALSE,SRC013,CATEGORY_ANCHOR_NOT_ROW_EVIDENCE,STORE_REVIEW,EN,CONTEXT,TRAIN,GVS-0159,GALAXY_S_BASE_PLUS에서 RECEIVE_CALL/ACCESSIBILITY_SETTING 조건에 모든 소리 음소거 설정 때문에 소리가 안 남,관찰 사실과 원인 추정을 분리; 모델 기능 호환성 검사
GVS-0160,T16,스피커·수화부·마이크,AUDIO,PHONE,S_ULTRA,GALAXY_S_ULTRA,UNSPECIFIED,UNSPECIFIED,UNSPECIFIED,UNSPECIFIED,DEFECT_REPORT,AUDIO.SPEAKER,AUDIO_ARTIFACT,조건 없이 수화부 음량이 간헐적으로 작아짐,OS_UPDATE,RANDOM,UNKNOWN,RARE,UNKNOWN,USER_CONFUSION,S1,SETTINGS_RELATED,USER_SETTING,SPEAKER|EARPIECE|MIC|AUDIO_ROUTING,USER_GUESS,설정 확인 또는 기본값 복원,UNSPECIFIED,CAUSE_CHECK_OR_REPAIR,FALSE,NONE,HIGH,SYNTHETIC_SCENARIO,FALSE,SRC013,CATEGORY_ANCHOR_NOT_ROW_EVIDENCE,EMAIL_COMPLAINT,KO_EN_MIXED,MULTIPLE_FIELDS,VALID,GVS-0160,GALAXY_S_ULTRA에서 OS_UPDATE/RANDOM 조건에 조건 없이 수화부 음량이 간헐적으로 작아짐,관찰 사실과 원인 추정을 분리; 모델 기능 호환성 검사
GVS-0161,T17,통화와 모바일 데이터,NETWORK,PHONE,S_BASE_PLUS,GALAXY_S_BASE_PLUS,UNSPECIFIED,UNSPECIFIED,UNSPECIFIED,UNSPECIFIED,DEFECT_REPORT,CALL.VOICE,DISCONNECT,이동 중 통화가 반복 끊김,WEAK_SIGNAL,MOVING_TRAIN,AFTER_EVENT,INTERMITTENT,CONDITIONAL,BATTERY_ANXIETY,S2,NETWORK_PROVIDER_RELATED,NETWORK_OR_EXTERNAL_SERVICE,MODEM|ANTENNA|SIM_ESIM|CARRIER,USER_GUESS,다른 망·장소·기기로 교차 확인,UNSPECIFIED,CAUSE_CHECK_OR_REPAIR,FALSE,NONE,LOW,SYNTHETIC_SCENARIO,FALSE,SRC008,CATEGORY_ANCHOR_NOT_ROW_EVIDENCE,SAMSUNG_MEMBERS,KO,NONE,TRAIN,GVS-0161,GALAXY_S_BASE_PLUS에서 WEAK_SIGNAL/MOVING_TRAIN 조건에 이동 중 통화가 반복 끊김,관찰 사실과 원인 추정을 분리; 모델 기능 호환성 검사
GVS-0162,T17,통화와 모바일 데이터,NETWORK,PHONE,S_ULTRA,GALAXY_S_ULTRA,UNSPECIFIED,UNSPECIFIED,UNSPECIFIED,UNSPECIFIED,DEFECT_REPORT,NETWORK.MOBILE,NO_FUNCTION,지하에서 같은 통신사 다른 폰보다 신호가 약함,FIVE_G,INDOOR_BASEMENT,IMMEDIATE,DAILY,REPRODUCIBLE,PRIMARY_FUNCTION_DEGRADED,S3,SOFTWARE_POSSIBLE,SOFTWARE_UPDATE_OR_APP,MODEM|ANTENNA|SIM_ESIM|CARRIER,USER_GUESS,재부팅·업데이트·안전모드 중 일부 시도,UNSPECIFIED,CAUSE_CHECK_OR_REPAIR,FALSE,NONE,MEDIUM,SYNTHETIC_SCENARIO,FALSE,SRC008,CATEGORY_ANCHOR_NOT_ROW_EVIDENCE,ECOMMERCE_REVIEW,KO,MODEL_VERSION,TRAIN,GVS-0162,GALAXY_S_ULTRA에서 FIVE_G/INDOOR_BASEMENT 조건에 지하에서 같은 통신사 다른 폰보다 신호가 약함,관찰 사실과 원인 추정을 분리; 모델 기능 호환성 검사
GVS-0163,T17,통화와 모바일 데이터,NETWORK,PHONE,S_FE,GALAXY_S_FE,UNSPECIFIED,UNSPECIFIED,UNSPECIFIED,UNSPECIFIED,DEFECT_REPORT,CALL.VOICE,SIGNAL_WEAK,통화 시작과 함께 모바일 데이터가 끊김,ROAMING,CALL_AND_DATA,GRADUAL,FREQUENT,NOT_TESTED,TASK_DELAY,S2,PRODUCT_DEFECT_POSSIBLE,HARDWARE_OR_COMPONENT,MODEM|ANTENNA|SIM_ESIM|CARRIER,USER_GUESS,자가진단 또는 서비스센터 점검,UNSPECIFIED,CAUSE_CHECK_OR_REPAIR,FALSE,NONE,MEDIUM,SYNTHETIC_SCENARIO,FALSE,SRC008,CATEGORY_ANCHOR_NOT_ROW_EVIDENCE,CALL_CENTER_TRANSCRIPT,KO,FREQUENCY,TRAIN,GVS-0163,GALAXY_S_FE에서 ROAMING/CALL_AND_DATA 조건에 통화 시작과 함께 모바일 데이터가 끊김,관찰 사실과 원인 추정을 분리; 모델 기능 호환성 검사
GVS-0164,T17,통화와 모바일 데이터,NETWORK,PHONE,Z_FOLD,GALAXY_Z_FOLD,UNSPECIFIED,UNSPECIFIED,UNSPECIFIED,UNSPECIFIED,DEFECT_REPORT,NETWORK.MOBILE,DELAY,해외 eSIM 설치 후 데이터가 개통되지 않음,DUAL_SIM,ESIM_ACTIVATION,AFTER_AGING,ALWAYS,ALWAYS,MISSED_MOMENT,S3,NETWORK_PROVIDER_RELATED,NETWORK_OR_EXTERNAL_SERVICE,MODEM|ANTENNA|SIM_ESIM|CARRIER,USER_GUESS,다른 망·장소·기기로 교차 확인,UNSPECIFIED,CAUSE_CHECK_OR_REPAIR,FALSE,NONE,LOW,SYNTHETIC_SCENARIO,FALSE,SRC008,CATEGORY_ANCHOR_NOT_ROW_EVIDENCE,SERVICE_INTAKE,KO,TRIGGER,TEST,GVS-0164,GALAXY_Z_FOLD에서 DUAL_SIM/ESIM_ACTIVATION 조건에 해외 eSIM 설치 후 데이터가 개통되지 않음,관찰 사실과 원인 추정을 분리; 모델 기능 호환성 검사
GVS-0165,T17,통화와 모바일 데이터,NETWORK,PHONE,Z_FLIP,GALAXY_Z_FLIP,UNSPECIFIED,UNSPECIFIED,UNSPECIFIED,UNSPECIFIED,DEFECT_REPORT,CALL.VOICE,AUDIO_ARTIFACT,Wi-Fi Calling이 켜져도 실내 통화 품질이 나쁨,OS_UPDATE,WIFI_CALLING,UNKNOWN,RARE,UNKNOWN,WORK_INTERRUPTED,S2,SOFTWARE_POSSIBLE,SOFTWARE_UPDATE_OR_APP,MODEM|ANTENNA|SIM_ESIM|CARRIER,USER_GUESS,재부팅·업데이트·안전모드 중 일부 시도,UNSPECIFIED,CAUSE_CHECK_OR_REPAIR,FALSE,NONE,HIGH,SYNTHETIC_SCENARIO,FALSE,SRC008,CATEGORY_ANCHOR_NOT_ROW_EVIDENCE,SNS_POST,KO,ATTEMPTED_ACTION,TRAIN,GVS-0165,GALAXY_Z_FLIP에서 OS_UPDATE/WIFI_CALLING 조건에 Wi-Fi Calling이 켜져도 실내 통화 품질이 나쁨,관찰 사실과 원인 추정을 분리; 모델 기능 호환성 검사
GVS-0166,T17,통화와 모바일 데이터,NETWORK,PHONE,A_SERIES,GALAXY_A,UNSPECIFIED,UNSPECIFIED,UNSPECIFIED,UNSPECIFIED,DEFECT_REPORT,NETWORK.MOBILE,DISCONNECT,VoLTE 표시가 사라지고 통화 연결이 늦음,WEAK_SIGNAL,VOLTE,AFTER_EVENT,INTERMITTENT,CONDITIONAL,REPEATED_RETRY,S3,PRODUCT_DEFECT_POSSIBLE,HARDWARE_OR_COMPONENT,MODEM|ANTENNA|SIM_ESIM|CARRIER,USER_GUESS,자가진단 또는 서비스센터 점검,UNSPECIFIED,CAUSE_CHECK_OR_REPAIR,FALSE,NONE,LOW,SYNTHETIC_SCENARIO,FALSE,SRC008,CATEGORY_ANCHOR_NOT_ROW_EVIDENCE,COMMUNITY_POST,KO,MODEL_AND_VERSION,VALID,GVS-0166,GALAXY_A에서 WEAK_SIGNAL/VOLTE 조건에 VoLTE 표시가 사라지고 통화 연결이 늦음,관찰 사실과 원인 추정을 분리; 모델 기능 호환성 검사
GVS-0167,T17,통화와 모바일 데이터,NETWORK,PHONE,XCOVER,GALAXY_XCOVER,UNSPECIFIED,UNSPECIFIED,UNSPECIFIED,UNSPECIFIED,DEFECT_REPORT,CALL.VOICE,NO_FUNCTION,통신사 변경 후 APN이 자동 설정되지 않음,FIVE_G,CARRIER_SWITCH,IMMEDIATE,DAILY,REPRODUCIBLE,DATA_OR_SERVICE_UNAVAILABLE,S2,NETWORK_PROVIDER_RELATED,NETWORK_OR_EXTERNAL_SERVICE,MODEM|ANTENNA|SIM_ESIM|CARRIER,USER_GUESS,다른 망·장소·기기로 교차 확인,UNSPECIFIED,CAUSE_CHECK_OR_REPAIR,FALSE,NONE,MEDIUM,SYNTHETIC_SCENARIO,FALSE,SRC008,CATEGORY_ANCHOR_NOT_ROW_EVIDENCE,CHAT_SUPPORT,KO,TIME_PATTERN,TRAIN,GVS-0167,GALAXY_XCOVER에서 FIVE_G/CARRIER_SWITCH 조건에 통신사 변경 후 APN이 자동 설정되지 않음,관찰 사실과 원인 추정을 분리; 모델 기능 호환성 검사
GVS-0168,T17,통화와 모바일 데이터,NETWORK,PHONE,S_BASE_PLUS,GALAXY_S_BASE_PLUS,UNSPECIFIED,UNSPECIFIED,UNSPECIFIED,UNSPECIFIED,DEFECT_REPORT,NETWORK.MOBILE,SIGNAL_WEAK,간헐적으로 긴급통화만 가능하다고 표시,ROAMING,EMERGENCY_ONLY,GRADUAL,FREQUENT,NOT_TESTED,TRAVEL_DISRUPTION,S3,SOFTWARE_POSSIBLE,SOFTWARE_UPDATE_OR_APP,MODEM|ANTENNA|SIM_ESIM|CARRIER,USER_GUESS,재부팅·업데이트·안전모드 중 일부 시도,UNSPECIFIED,CAUSE_CHECK_OR_REPAIR,FALSE,NONE,MEDIUM,SYNTHETIC_SCENARIO,FALSE,SRC008,CATEGORY_ANCHOR_NOT_ROW_EVIDENCE,SURVEY_FREE_TEXT,EN,NONE,TRAIN,GVS-0168,GALAXY_S_BASE_PLUS에서 ROAMING/EMERGENCY_ONLY 조건에 간헐적으로 긴급통화만 가능하다고 표시,관찰 사실과 원인 추정을 분리; 모델 기능 호환성 검사
GVS-0169,T17,통화와 모바일 데이터,NETWORK,PHONE,S_ULTRA,GALAXY_S_ULTRA,UNSPECIFIED,UNSPECIFIED,UNSPECIFIED,UNSPECIFIED,DEFECT_REPORT,CALL.VOICE,DELAY,전화 수신 버튼을 눌러도 연결이 늦음,DUAL_SIM,INCOMING_CALL,AFTER_AGING,ALWAYS,ALWAYS,FINANCIAL_OR_TIME_COST,S2,PRODUCT_DEFECT_POSSIBLE,HARDWARE_OR_COMPONENT,MODEM|ANTENNA|SIM_ESIM|CARRIER,USER_GUESS,자가진단 또는 서비스센터 점검,UNSPECIFIED,CAUSE_CHECK_OR_REPAIR,FALSE,NONE,LOW,SYNTHETIC_SCENARIO,FALSE,SRC008,CATEGORY_ANCHOR_NOT_ROW_EVIDENCE,STORE_REVIEW,EN,CONTEXT,TRAIN,GVS-0169,GALAXY_S_ULTRA에서 DUAL_SIM/INCOMING_CALL 조건에 전화 수신 버튼을 눌러도 연결이 늦음,관찰 사실과 원인 추정을 분리; 모델 기능 호환성 검사
GVS-0170,T17,통화와 모바일 데이터,NETWORK,PHONE,S_FE,GALAXY_S_FE,UNSPECIFIED,UNSPECIFIED,UNSPECIFIED,UNSPECIFIED,DEFECT_REPORT,NETWORK.MOBILE,AUDIO_ARTIFACT,장시간 통화 후 상대 음성이 로봇처럼 변함,OS_UPDATE,LONG_CALL,UNKNOWN,RARE,UNKNOWN,USER_CONFUSION,S3,NETWORK_PROVIDER_RELATED,NETWORK_OR_EXTERNAL_SERVICE,MODEM|ANTENNA|SIM_ESIM|CARRIER,USER_GUESS,다른 망·장소·기기로 교차 확인,UNSPECIFIED,CAUSE_CHECK_OR_REPAIR,FALSE,NONE,HIGH,SYNTHETIC_SCENARIO,FALSE,SRC008,CATEGORY_ANCHOR_NOT_ROW_EVIDENCE,EMAIL_COMPLAINT,KO_EN_MIXED,MULTIPLE_FIELDS,TRAIN,GVS-0170,GALAXY_S_FE에서 OS_UPDATE/LONG_CALL 조건에 장시간 통화 후 상대 음성이 로봇처럼 변함,관찰 사실과 원인 추정을 분리; 모델 기능 호환성 검사
GVS-0171,T18,Wi-Fi,NETWORK,PHONE,S_BASE_PLUS,GALAXY_S_BASE_PLUS,UNSPECIFIED,UNSPECIFIED,UNSPECIFIED,UNSPECIFIED,DEFECT_REPORT,NETWORK.WIFI,NO_FUNCTION,업데이트 뒤 Wi-Fi 토글이 회색으로 켜지지 않음,OS_UPDATE,TOGGLE_GRAY,AFTER_EVENT,INTERMITTENT,CONDITIONAL,BATTERY_ANXIETY,S1,SOFTWARE_POSSIBLE,SOFTWARE_UPDATE_OR_APP,WIFI_CHIP|DRIVER|ROUTER|ANTENNA,USER_GUESS,재부팅·업데이트·안전모드 중 일부 시도,UNSPECIFIED,CAUSE_CHECK_OR_REPAIR,FALSE,NONE,LOW,SYNTHETIC_SCENARIO,FALSE,SRC014,CATEGORY_ANCHOR_NOT_ROW_EVIDENCE,SAMSUNG_MEMBERS,KO,NONE,TRAIN,GVS-0171,GALAXY_S_BASE_PLUS에서 OS_UPDATE/TOGGLE_GRAY 조건에 업데이트 뒤 Wi-Fi 토글이 회색으로 켜지지 않음,관찰 사실과 원인 추정을 분리; 모델 기능 호환성 검사
GVS-0172,T18,Wi-Fi,NETWORK,PHONE,S_ULTRA,GALAXY_S_ULTRA,UNSPECIFIED,UNSPECIFIED,UNSPECIFIED,UNSPECIFIED,DEFECT_REPORT,NETWORK.WIFI,DISCONNECT,메시 공유기 이동 시 연결이 자주 끊김,SETTINGS_CHANGE,MESH_ROAMING,IMMEDIATE,DAILY,REPRODUCIBLE,PRIMARY_FUNCTION_DEGRADED,S2,NETWORK_PROVIDER_RELATED,NETWORK_OR_EXTERNAL_SERVICE,WIFI_CHIP|DRIVER|ROUTER|ANTENNA,USER_GUESS,다른 망·장소·기기로 교차 확인,UNSPECIFIED,CAUSE_CHECK_OR_REPAIR,FALSE,NONE,MEDIUM,SYNTHETIC_SCENARIO,FALSE,SRC014,CATEGORY_ANCHOR_NOT_ROW_EVIDENCE,ECOMMERCE_REVIEW,KO,MODEL_VERSION,VALID,GVS-0172,GALAXY_S_ULTRA에서 SETTINGS_CHANGE/MESH_ROAMING 조건에 메시 공유기 이동 시 연결이 자주 끊김,관찰 사실과 원인 추정을 분리; 모델 기능 호환성 검사
GVS-0173,T18,Wi-Fi,NETWORK,PHONE,S_FE,GALAXY_S_FE,UNSPECIFIED,UNSPECIFIED,UNSPECIFIED,UNSPECIFIED,DEFECT_REPORT,NETWORK.WIFI,SLOW,Wi-Fi 6E 공유기에서 속도가 비정상적으로 느림,FOLD,WIFI6E,GRADUAL,FREQUENT,NOT_TESTED,TASK_DELAY,S3,SETTINGS_RELATED,USER_SETTING,WIFI_CHIP|DRIVER|ROUTER|ANTENNA,USER_GUESS,설정 확인 또는 기본값 복원,UNSPECIFIED,CAUSE_CHECK_OR_REPAIR,FALSE,NONE,MEDIUM,SYNTHETIC_SCENARIO,FALSE,SRC014,CATEGORY_ANCHOR_NOT_ROW_EVIDENCE,CALL_CENTER_TRANSCRIPT,KO,FREQUENCY,TRAIN,GVS-0173,GALAXY_S_FE에서 FOLD/WIFI6E 조건에 Wi-Fi 6E 공유기에서 속도가 비정상적으로 느림,관찰 사실과 원인 추정을 분리; 모델 기능 호환성 검사
GVS-0174,T18,Wi-Fi,NETWORK,PHONE,Z_FOLD,GALAXY_Z_FOLD,UNSPECIFIED,UNSPECIFIED,UNSPECIFIED,UNSPECIFIED,DEFECT_REPORT,NETWORK.WIFI,INCOMPATIBLE,공공 Wi-Fi 로그인 화면이 열리지 않음,UNKNOWN,CAPTIVE_PORTAL,AFTER_AGING,ALWAYS,ALWAYS,MISSED_MOMENT,S1,PRODUCT_DEFECT_POSSIBLE,HARDWARE_OR_COMPONENT,WIFI_CHIP|DRIVER|ROUTER|ANTENNA,USER_GUESS,자가진단 또는 서비스센터 점검,UNSPECIFIED,CAUSE_CHECK_OR_REPAIR,FALSE,NONE,LOW,SYNTHETIC_SCENARIO,FALSE,SRC014,CATEGORY_ANCHOR_NOT_ROW_EVIDENCE,SERVICE_INTAKE,KO,TRIGGER,VALID,GVS-0174,GALAXY_Z_FOLD에서 UNKNOWN/CAPTIVE_PORTAL 조건에 공공 Wi-Fi 로그인 화면이 열리지 않음,관찰 사실과 원인 추정을 분리; 모델 기능 호환성 검사
GVS-0175,T18,Wi-Fi,NETWORK,PHONE,Z_FLIP,GALAXY_Z_FLIP,UNSPECIFIED,UNSPECIFIED,UNSPECIFIED,UNSPECIFIED,DEFECT_REPORT,NETWORK.WIFI,DELAY,화면을 끄면 Wi-Fi가 절전 후 끊김,APP_UPDATE,SCREEN_OFF,UNKNOWN,RARE,UNKNOWN,WORK_INTERRUPTED,S2,SOFTWARE_POSSIBLE,SOFTWARE_UPDATE_OR_APP,WIFI_CHIP|DRIVER|ROUTER|ANTENNA,USER_GUESS,재부팅·업데이트·안전모드 중 일부 시도,UNSPECIFIED,CAUSE_CHECK_OR_REPAIR,FALSE,NONE,HIGH,SYNTHETIC_SCENARIO,FALSE,SRC014,CATEGORY_ANCHOR_NOT_ROW_EVIDENCE,SNS_POST,KO,ATTEMPTED_ACTION,TRAIN,GVS-0175,GALAXY_Z_FLIP에서 APP_UPDATE/SCREEN_OFF 조건에 화면을 끄면 Wi-Fi가 절전 후 끊김,관찰 사실과 원인 추정을 분리; 모델 기능 호환성 검사
GVS-0176,T18,Wi-Fi,NETWORK,PHONE,A_SERIES,GALAXY_A,UNSPECIFIED,UNSPECIFIED,UNSPECIFIED,UNSPECIFIED,DEFECT_REPORT,NETWORK.WIFI,NO_FUNCTION,핫스팟 사용 뒤 집 Wi-Fi 자동연결이 실패,OS_UPDATE,HOTSPOT,AFTER_EVENT,INTERMITTENT,CONDITIONAL,REPEATED_RETRY,S3,NETWORK_PROVIDER_RELATED,NETWORK_OR_EXTERNAL_SERVICE,WIFI_CHIP|DRIVER|ROUTER|ANTENNA,USER_GUESS,다른 망·장소·기기로 교차 확인,UNSPECIFIED,CAUSE_CHECK_OR_REPAIR,FALSE,NONE,LOW,SYNTHETIC_SCENARIO,FALSE,SRC014,CATEGORY_ANCHOR_NOT_ROW_EVIDENCE,COMMUNITY_POST,KO,MODEL_AND_VERSION,TRAIN,GVS-0176,GALAXY_A에서 OS_UPDATE/HOTSPOT 조건에 핫스팟 사용 뒤 집 Wi-Fi 자동연결이 실패,관찰 사실과 원인 추정을 분리; 모델 기능 호환성 검사
GVS-0177,T18,Wi-Fi,NETWORK,PHONE,XCOVER,GALAXY_XCOVER,UNSPECIFIED,UNSPECIFIED,UNSPECIFIED,UNSPECIFIED,DEFECT_REPORT,NETWORK.WIFI,DISCONNECT,VPN을 켜면 일부 앱만 인터넷이 안 됨,SETTINGS_CHANGE,VPN,IMMEDIATE,DAILY,REPRODUCIBLE,DATA_OR_SERVICE_UNAVAILABLE,S1,SETTINGS_RELATED,USER_SETTING,WIFI_CHIP|DRIVER|ROUTER|ANTENNA,USER_GUESS,설정 확인 또는 기본값 복원,UNSPECIFIED,CAUSE_CHECK_OR_REPAIR,FALSE,NONE,MEDIUM,SYNTHETIC_SCENARIO,FALSE,SRC014,CATEGORY_ANCHOR_NOT_ROW_EVIDENCE,CHAT_SUPPORT,KO,TIME_PATTERN,TRAIN,GVS-0177,GALAXY_XCOVER에서 SETTINGS_CHANGE/VPN 조건에 VPN을 켜면 일부 앱만 인터넷이 안 됨,관찰 사실과 원인 추정을 분리; 모델 기능 호환성 검사
GVS-0178,T18,Wi-Fi,NETWORK,TABLET,TAB_S,GALAXY_TAB_S,UNSPECIFIED,UNSPECIFIED,UNSPECIFIED,UNSPECIFIED,DEFECT_REPORT,NETWORK.WIFI,SLOW,특정 집 공유기에서만 비밀번호를 반복 요구,FOLD,HOME_ROUTER_ONLY,GRADUAL,FREQUENT,NOT_TESTED,TRAVEL_DISRUPTION,S2,PRODUCT_DEFECT_POSSIBLE,HARDWARE_OR_COMPONENT,WIFI_CHIP|DRIVER|ROUTER|ANTENNA,USER_GUESS,자가진단 또는 서비스센터 점검,UNSPECIFIED,CAUSE_CHECK_OR_REPAIR,FALSE,NONE,MEDIUM,SYNTHETIC_SCENARIO,FALSE,SRC014,CATEGORY_ANCHOR_NOT_ROW_EVIDENCE,SURVEY_FREE_TEXT,EN,NONE,TRAIN,GVS-0178,GALAXY_TAB_S에서 FOLD/HOME_ROUTER_ONLY 조건에 특정 집 공유기에서만 비밀번호를 반복 요구,관찰 사실과 원인 추정을 분리; 모델 기능 호환성 검사
GVS-0179,T18,Wi-Fi,NETWORK,TABLET,TAB_A,GALAXY_TAB_A,UNSPECIFIED,UNSPECIFIED,UNSPECIFIED,UNSPECIFIED,DEFECT_REPORT,NETWORK.WIFI,INCOMPATIBLE,공공망에서 연결됨 표시지만 데이터가 안 됨,UNKNOWN,PUBLIC_WIFI,AFTER_AGING,ALWAYS,ALWAYS,FINANCIAL_OR_TIME_COST,S3,SOFTWARE_POSSIBLE,SOFTWARE_UPDATE_OR_APP,WIFI_CHIP|DRIVER|ROUTER|ANTENNA,USER_GUESS,재부팅·업데이트·안전모드 중 일부 시도,UNSPECIFIED,CAUSE_CHECK_OR_REPAIR,FALSE,NONE,LOW,SYNTHETIC_SCENARIO,FALSE,SRC014,CATEGORY_ANCHOR_NOT_ROW_EVIDENCE,STORE_REVIEW,EN,CONTEXT,TRAIN,GVS-0179,GALAXY_TAB_A에서 UNKNOWN/PUBLIC_WIFI 조건에 공공망에서 연결됨 표시지만 데이터가 안 됨,관찰 사실과 원인 추정을 분리; 모델 기능 호환성 검사
GVS-0180,T18,Wi-Fi,NETWORK,PHONE,S_BASE_PLUS,GALAXY_S_BASE_PLUS,UNSPECIFIED,UNSPECIFIED,UNSPECIFIED,UNSPECIFIED,DEFECT_REPORT,NETWORK.WIFI,DELAY,Smart Switch 복원 후 저장된 네트워크가 충돌,APP_UPDATE,SMART_SWITCH_RESTORE,UNKNOWN,RARE,UNKNOWN,USER_CONFUSION,S1,NETWORK_PROVIDER_RELATED,NETWORK_OR_EXTERNAL_SERVICE,WIFI_CHIP|DRIVER|ROUTER|ANTENNA,USER_GUESS,다른 망·장소·기기로 교차 확인,UNSPECIFIED,CAUSE_CHECK_OR_REPAIR,FALSE,NONE,HIGH,SYNTHETIC_SCENARIO,FALSE,SRC014,CATEGORY_ANCHOR_NOT_ROW_EVIDENCE,EMAIL_COMPLAINT,KO_EN_MIXED,MULTIPLE_FIELDS,TRAIN,GVS-0180,GALAXY_S_BASE_PLUS에서 APP_UPDATE/SMART_SWITCH_RESTORE 조건에 Smart Switch 복원 후 저장된 네트워크가 충돌,관찰 사실과 원인 추정을 분리; 모델 기능 호환성 검사
GVS-0181,T19,Bluetooth,NETWORK,PHONE,S_BASE_PLUS,GALAXY_S_BASE_PLUS,UNSPECIFIED,UNSPECIFIED,UNSPECIFIED,UNSPECIFIED,DEFECT_REPORT,NETWORK.BLUETOOTH,DISCONNECT,업데이트 후 차량 오디오가 몇 분마다 끊김,OS_UPDATE,CAR_AUDIO,AFTER_EVENT,INTERMITTENT,CONDITIONAL,BATTERY_ANXIETY,S1,SOFTWARE_POSSIBLE,SOFTWARE_UPDATE_OR_APP,BLUETOOTH_CHIP|DRIVER|ACCESSORY,USER_GUESS,재부팅·업데이트·안전모드 중 일부 시도,UNSPECIFIED,CAUSE_CHECK_OR_REPAIR,FALSE,NONE,LOW,SYNTHETIC_SCENARIO,FALSE,SRC014,CATEGORY_ANCHOR_NOT_ROW_EVIDENCE,SAMSUNG_MEMBERS,KO,NONE,TRAIN,GVS-0181,GALAXY_S_BASE_PLUS에서 OS_UPDATE/CAR_AUDIO 조건에 업데이트 후 차량 오디오가 몇 분마다 끊김,관찰 사실과 원인 추정을 분리; 모델 기능 호환성 검사
GVS-0182,T19,Bluetooth,NETWORK,PHONE,S_ULTRA,GALAXY_S_ULTRA,UNSPECIFIED,UNSPECIFIED,UNSPECIFIED,UNSPECIFIED,DEFECT_REPORT,NETWORK.BLUETOOTH,NO_FUNCTION,버즈가 연결됨으로 보이지만 소리가 폰에서 남,UNKNOWN,BUDS,IMMEDIATE,DAILY,REPRODUCIBLE,PRIMARY_FUNCTION_DEGRADED,S2,ACCESSORY_RELATED,ACCESSORY,BLUETOOTH_CHIP|DRIVER|ACCESSORY,USER_GUESS,다른 액세서리로 교차 확인,UNSPECIFIED,CAUSE_CHECK_OR_REPAIR,FALSE,NONE,MEDIUM,SYNTHETIC_SCENARIO,FALSE,SRC014,CATEGORY_ANCHOR_NOT_ROW_EVIDENCE,ECOMMERCE_REVIEW,KO,MODEL_VERSION,TRAIN,GVS-0182,GALAXY_S_ULTRA에서 UNKNOWN/BUDS 조건에 버즈가 연결됨으로 보이지만 소리가 폰에서 남,관찰 사실과 원인 추정을 분리; 모델 기능 호환성 검사
GVS-0183,T19,Bluetooth,NETWORK,PHONE,S_FE,GALAXY_S_FE,UNSPECIFIED,UNSPECIFIED,UNSPECIFIED,UNSPECIFIED,DEFECT_REPORT,NETWORK.BLUETOOTH,DELAY,멀티포인트 전환 때 소리가 수초간 멈춤,CHARGING,MULTIPOINT,GRADUAL,FREQUENT,NOT_TESTED,TASK_DELAY,S1,PRODUCT_DEFECT_POSSIBLE,HARDWARE_OR_COMPONENT,BLUETOOTH_CHIP|DRIVER|ACCESSORY,USER_GUESS,자가진단 또는 서비스센터 점검,UNSPECIFIED,CAUSE_CHECK_OR_REPAIR,FALSE,NONE,MEDIUM,SYNTHETIC_SCENARIO,FALSE,SRC014,CATEGORY_ANCHOR_NOT_ROW_EVIDENCE,CALL_CENTER_TRANSCRIPT,KO,FREQUENCY,TRAIN,GVS-0183,GALAXY_S_FE에서 CHARGING/MULTIPOINT 조건에 멀티포인트 전환 때 소리가 수초간 멈춤,관찰 사실과 원인 추정을 분리; 모델 기능 호환성 검사
GVS-0184,T19,Bluetooth,NETWORK,PHONE,Z_FOLD,GALAXY_Z_FOLD,UNSPECIFIED,UNSPECIFIED,UNSPECIFIED,UNSPECIFIED,DEFECT_REPORT,NETWORK.BLUETOOTH,DEGRADED,워치 연결이 밤사이 해제됨,SETTINGS_CHANGE,SMARTWATCH,AFTER_AGING,ALWAYS,ALWAYS,MISSED_MOMENT,S2,SOFTWARE_POSSIBLE,SOFTWARE_UPDATE_OR_APP,BLUETOOTH_CHIP|DRIVER|ACCESSORY,USER_GUESS,재부팅·업데이트·안전모드 중 일부 시도,UNSPECIFIED,CAUSE_CHECK_OR_REPAIR,FALSE,NONE,LOW,SYNTHETIC_SCENARIO,FALSE,SRC014,CATEGORY_ANCHOR_NOT_ROW_EVIDENCE,SERVICE_INTAKE,KO,TRIGGER,TRAIN,GVS-0184,GALAXY_Z_FOLD에서 SETTINGS_CHANGE/SMARTWATCH 조건에 워치 연결이 밤사이 해제됨,관찰 사실과 원인 추정을 분리; 모델 기능 호환성 검사
GVS-0185,T19,Bluetooth,NETWORK,PHONE,Z_FLIP,GALAXY_Z_FLIP,UNSPECIFIED,UNSPECIFIED,UNSPECIFIED,UNSPECIFIED,DEFECT_REPORT,NETWORK.BLUETOOTH,INCOMPATIBLE,게임패드 입력이 늦고 버튼이 누락,APP_UPDATE,GAMEPAD,UNKNOWN,RARE,UNKNOWN,WORK_INTERRUPTED,S1,ACCESSORY_RELATED,ACCESSORY,BLUETOOTH_CHIP|DRIVER|ACCESSORY,USER_GUESS,다른 액세서리로 교차 확인,UNSPECIFIED,CAUSE_CHECK_OR_REPAIR,FALSE,NONE,HIGH,SYNTHETIC_SCENARIO,FALSE,SRC014,CATEGORY_ANCHOR_NOT_ROW_EVIDENCE,SNS_POST,KO,ATTEMPTED_ACTION,TEST,GVS-0185,GALAXY_Z_FLIP에서 APP_UPDATE/GAMEPAD 조건에 게임패드 입력이 늦고 버튼이 누락,관찰 사실과 원인 추정을 분리; 모델 기능 호환성 검사
GVS-0186,T19,Bluetooth,NETWORK,PHONE,A_SERIES,GALAXY_A,UNSPECIFIED,UNSPECIFIED,UNSPECIFIED,UNSPECIFIED,DEFECT_REPORT,NETWORK.BLUETOOTH,DISCONNECT,태블릿 키보드가 절전 후 재연결되지 않음,OS_UPDATE,KEYBOARD,AFTER_EVENT,INTERMITTENT,CONDITIONAL,REPEATED_RETRY,S2,PRODUCT_DEFECT_POSSIBLE,HARDWARE_OR_COMPONENT,BLUETOOTH_CHIP|DRIVER|ACCESSORY,USER_GUESS,자가진단 또는 서비스센터 점검,UNSPECIFIED,CAUSE_CHECK_OR_REPAIR,FALSE,NONE,LOW,SYNTHETIC_SCENARIO,FALSE,SRC014,CATEGORY_ANCHOR_NOT_ROW_EVIDENCE,COMMUNITY_POST,KO,MODEL_AND_VERSION,TRAIN,GVS-0186,GALAXY_A에서 OS_UPDATE/KEYBOARD 조건에 태블릿 키보드가 절전 후 재연결되지 않음,관찰 사실과 원인 추정을 분리; 모델 기능 호환성 검사
GVS-0187,T19,Bluetooth,NETWORK,PHONE,XCOVER,GALAXY_XCOVER,UNSPECIFIED,UNSPECIFIED,UNSPECIFIED,UNSPECIFIED,DEFECT_REPORT,NETWORK.BLUETOOTH,NO_FUNCTION,액세서리 배터리가 낮으면 연결 품질 급락,UNKNOWN,LOW_BATTERY,IMMEDIATE,DAILY,REPRODUCIBLE,DATA_OR_SERVICE_UNAVAILABLE,S1,SOFTWARE_POSSIBLE,SOFTWARE_UPDATE_OR_APP,BLUETOOTH_CHIP|DRIVER|ACCESSORY,USER_GUESS,재부팅·업데이트·안전모드 중 일부 시도,UNSPECIFIED,CAUSE_CHECK_OR_REPAIR,FALSE,NONE,MEDIUM,SYNTHETIC_SCENARIO,FALSE,SRC014,CATEGORY_ANCHOR_NOT_ROW_EVIDENCE,CHAT_SUPPORT,KO,TIME_PATTERN,TRAIN,GVS-0187,GALAXY_XCOVER에서 UNKNOWN/LOW_BATTERY 조건에 액세서리 배터리가 낮으면 연결 품질 급락,관찰 사실과 원인 추정을 분리; 모델 기능 호환성 검사
GVS-0188,T19,Bluetooth,NETWORK,TABLET,TAB_S,GALAXY_TAB_S,UNSPECIFIED,UNSPECIFIED,UNSPECIFIED,UNSPECIFIED,DEFECT_REPORT,NETWORK.BLUETOOTH,DELAY,통화가 이어폰으로 전환되지 않음,CHARGING,CALL_HANDOFF,GRADUAL,FREQUENT,NOT_TESTED,TRAVEL_DISRUPTION,S2,ACCESSORY_RELATED,ACCESSORY,BLUETOOTH_CHIP|DRIVER|ACCESSORY,USER_GUESS,다른 액세서리로 교차 확인,UNSPECIFIED,CAUSE_CHECK_OR_REPAIR,FALSE,NONE,MEDIUM,SYNTHETIC_SCENARIO,FALSE,SRC014,CATEGORY_ANCHOR_NOT_ROW_EVIDENCE,SURVEY_FREE_TEXT,EN,NONE,TRAIN,GVS-0188,GALAXY_TAB_S에서 CHARGING/CALL_HANDOFF 조건에 통화가 이어폰으로 전환되지 않음,관찰 사실과 원인 추정을 분리; 모델 기능 호환성 검사
GVS-0189,T19,Bluetooth,NETWORK,PHONE,S_BASE_PLUS,GALAXY_S_BASE_PLUS,UNSPECIFIED,UNSPECIFIED,UNSPECIFIED,UNSPECIFIED,DEFECT_REPORT,NETWORK.BLUETOOTH,DEGRADED,고음질 코덱 선택 후 잡음과 끊김,SETTINGS_CHANGE,CODEC,AFTER_AGING,ALWAYS,ALWAYS,FINANCIAL_OR_TIME_COST,S1,PRODUCT_DEFECT_POSSIBLE,HARDWARE_OR_COMPONENT,BLUETOOTH_CHIP|DRIVER|ACCESSORY,USER_GUESS,자가진단 또는 서비스센터 점검,UNSPECIFIED,CAUSE_CHECK_OR_REPAIR,FALSE,NONE,LOW,SYNTHETIC_SCENARIO,FALSE,SRC014,CATEGORY_ANCHOR_NOT_ROW_EVIDENCE,STORE_REVIEW,EN,CONTEXT,TRAIN,GVS-0189,GALAXY_S_BASE_PLUS에서 SETTINGS_CHANGE/CODEC 조건에 고음질 코덱 선택 후 잡음과 끊김,관찰 사실과 원인 추정을 분리; 모델 기능 호환성 검사
GVS-0190,T19,Bluetooth,NETWORK,PHONE,S_ULTRA,GALAXY_S_ULTRA,UNSPECIFIED,UNSPECIFIED,UNSPECIFIED,UNSPECIFIED,DEFECT_REPORT,NETWORK.BLUETOOTH,INCOMPATIBLE,가까운 거리에서도 특정 방향에서 신호 약화,APP_UPDATE,DISTANCE,UNKNOWN,RARE,UNKNOWN,USER_CONFUSION,S2,SOFTWARE_POSSIBLE,SOFTWARE_UPDATE_OR_APP,BLUETOOTH_CHIP|DRIVER|ACCESSORY,USER_GUESS,재부팅·업데이트·안전모드 중 일부 시도,UNSPECIFIED,CAUSE_CHECK_OR_REPAIR,FALSE,NONE,HIGH,SYNTHETIC_SCENARIO,FALSE,SRC014,CATEGORY_ANCHOR_NOT_ROW_EVIDENCE,EMAIL_COMPLAINT,KO_EN_MIXED,MULTIPLE_FIELDS,TEST,GVS-0190,GALAXY_S_ULTRA에서 APP_UPDATE/DISTANCE 조건에 가까운 거리에서도 특정 방향에서 신호 약화,관찰 사실과 원인 추정을 분리; 모델 기능 호환성 검사
GVS-0191,T20,GPS와 위치,LOCATION,PHONE,S_BASE_PLUS,GALAXY_S_BASE_PLUS,UNSPECIFIED,UNSPECIFIED,UNSPECIFIED,UNSPECIFIED,DEFECT_REPORT,LOCATION.GPS,INACCURATE,고층건물 사이에서 위치가 반대 도로로 튐,NAVIGATION,URBAN_CANYON,AFTER_EVENT,INTERMITTENT,CONDITIONAL,BATTERY_ANXIETY,S1,ENVIRONMENT_RELATED,ENVIRONMENTAL_CONDITION,GNSS|ANTENNA|SENSOR_FUSION|APP,USER_GUESS,환경 조건 제거 후 재시험,UNSPECIFIED,CAUSE_CHECK_OR_REPAIR,FALSE,NONE,LOW,SYNTHETIC_SCENARIO,FALSE,SRC001,CATEGORY_ANCHOR_NOT_ROW_EVIDENCE,SAMSUNG_MEMBERS,KO,NONE,TRAIN,GVS-0191,GALAXY_S_BASE_PLUS에서 NAVIGATION/URBAN_CANYON 조건에 고층건물 사이에서 위치가 반대 도로로 튐,관찰 사실과 원인 추정을 분리; 모델 기능 호환성 검사
GVS-0192,T20,GPS와 위치,LOCATION,PHONE,S_ULTRA,GALAXY_S_ULTRA,UNSPECIFIED,UNSPECIFIED,UNSPECIFIED,UNSPECIFIED,DEFECT_REPORT,LOCATION.GPS,DELAY,차량 내비에서 방향 화살표가 늦게 회전,LOW_TEMP,CAR,IMMEDIATE,DAILY,REPRODUCIBLE,PRIMARY_FUNCTION_DEGRADED,S2,SETTINGS_RELATED,USER_SETTING,GNSS|ANTENNA|SENSOR_FUSION|APP,USER_GUESS,설정 확인 또는 기본값 복원,UNSPECIFIED,CAUSE_CHECK_OR_REPAIR,FALSE,DRIVING_DISTRACTION,MEDIUM,SYNTHETIC_SCENARIO,FALSE,SRC001,CATEGORY_ANCHOR_NOT_ROW_EVIDENCE,ECOMMERCE_REVIEW,KO,MODEL_VERSION,TRAIN,GVS-0192,GALAXY_S_ULTRA에서 LOW_TEMP/CAR 조건에 차량 내비에서 방향 화살표가 늦게 회전,관찰 사실과 원인 추정을 분리; 모델 기능 호환성 검사
GVS-0193,T20,GPS와 위치,LOCATION,PHONE,S_FE,GALAXY_S_FE,UNSPECIFIED,UNSPECIFIED,UNSPECIFIED,UNSPECIFIED,DEFECT_REPORT,LOCATION.GPS,SIGNAL_WEAK,도보 이동 경로가 건물을 가로질러 기록,SETTINGS_CHANGE,WALKING,GRADUAL,FREQUENT,NOT_TESTED,TASK_DELAY,S1,SOFTWARE_POSSIBLE,SOFTWARE_UPDATE_OR_APP,GNSS|ANTENNA|SENSOR_FUSION|APP,USER_GUESS,재부팅·업데이트·안전모드 중 일부 시도,UNSPECIFIED,CAUSE_CHECK_OR_REPAIR,FALSE,NONE,MEDIUM,SYNTHETIC_SCENARIO,FALSE,SRC001,CATEGORY_ANCHOR_NOT_ROW_EVIDENCE,CALL_CENTER_TRANSCRIPT,KO,FREQUENCY,TRAIN,GVS-0193,GALAXY_S_FE에서 SETTINGS_CHANGE/WALKING 조건에 도보 이동 경로가 건물을 가로질러 기록,관찰 사실과 원인 추정을 분리; 모델 기능 호환성 검사
GVS-0194,T20,GPS와 위치,LOCATION,PHONE,Z_FOLD,GALAXY_Z_FOLD,UNSPECIFIED,UNSPECIFIED,UNSPECIFIED,UNSPECIFIED,DEFECT_REPORT,LOCATION.GPS,DISCONNECT,실내에서 나간 뒤 최초 위치 확인이 오래 걸림,OS_UPDATE,INDOOR_START,AFTER_AGING,ALWAYS,ALWAYS,MISSED_MOMENT,S2,PRODUCT_DEFECT_POSSIBLE,HARDWARE_OR_COMPONENT,GNSS|ANTENNA|SENSOR_FUSION|APP,USER_GUESS,자가진단 또는 서비스센터 점검,UNSPECIFIED,CAUSE_CHECK_OR_REPAIR,FALSE,NONE,LOW,SYNTHETIC_SCENARIO,FALSE,SRC001,CATEGORY_ANCHOR_NOT_ROW_EVIDENCE,SERVICE_INTAKE,KO,TRIGGER,TEST,GVS-0194,GALAXY_Z_FOLD에서 OS_UPDATE/INDOOR_START 조건에 실내에서 나간 뒤 최초 위치 확인이 오래 걸림,관찰 사실과 원인 추정을 분리; 모델 기능 호환성 검사
GVS-0195,T20,GPS와 위치,LOCATION,PHONE,Z_FLIP,GALAXY_Z_FLIP,UNSPECIFIED,UNSPECIFIED,UNSPECIFIED,UNSPECIFIED,DEFECT_REPORT,LOCATION.GPS,INACCURATE,절전모드에서 위치 업데이트 간격이 너무 김,UNKNOWN,BATTERY_SAVER,UNKNOWN,RARE,UNKNOWN,WORK_INTERRUPTED,S1,ENVIRONMENT_RELATED,ENVIRONMENTAL_CONDITION,GNSS|ANTENNA|SENSOR_FUSION|APP,USER_GUESS,환경 조건 제거 후 재시험,UNSPECIFIED,CAUSE_CHECK_OR_REPAIR,FALSE,DRIVING_DISTRACTION,HIGH,SYNTHETIC_SCENARIO,FALSE,SRC001,CATEGORY_ANCHOR_NOT_ROW_EVIDENCE,SNS_POST,KO,ATTEMPTED_ACTION,TRAIN,GVS-0195,GALAXY_Z_FLIP에서 UNKNOWN/BATTERY_SAVER 조건에 절전모드에서 위치 업데이트 간격이 너무 김,관찰 사실과 원인 추정을 분리; 모델 기능 호환성 검사
GVS-0196,T20,GPS와 위치,LOCATION,PHONE,A_SERIES,GALAXY_A,UNSPECIFIED,UNSPECIFIED,UNSPECIFIED,UNSPECIFIED,DEFECT_REPORT,LOCATION.GPS,DELAY,나침반 방향이 실제와 180도 다름,NAVIGATION,COMPASS,AFTER_EVENT,INTERMITTENT,CONDITIONAL,REPEATED_RETRY,S2,SETTINGS_RELATED,USER_SETTING,GNSS|ANTENNA|SENSOR_FUSION|APP,USER_GUESS,설정 확인 또는 기본값 복원,UNSPECIFIED,CAUSE_CHECK_OR_REPAIR,FALSE,NONE,LOW,SYNTHETIC_SCENARIO,FALSE,SRC001,CATEGORY_ANCHOR_NOT_ROW_EVIDENCE,COMMUNITY_POST,KO,MODEL_AND_VERSION,TRAIN,GVS-0196,GALAXY_A에서 NAVIGATION/COMPASS 조건에 나침반 방향이 실제와 180도 다름,관찰 사실과 원인 추정을 분리; 모델 기능 호환성 검사
GVS-0197,T20,GPS와 위치,LOCATION,PHONE,XCOVER,GALAXY_XCOVER,UNSPECIFIED,UNSPECIFIED,UNSPECIFIED,UNSPECIFIED,DEFECT_REPORT,LOCATION.GPS,SIGNAL_WEAK,운동 기록 거리가 실제보다 크게 짧음,LOW_TEMP,WORKOUT,IMMEDIATE,DAILY,REPRODUCIBLE,DATA_OR_SERVICE_UNAVAILABLE,S1,SOFTWARE_POSSIBLE,SOFTWARE_UPDATE_OR_APP,GNSS|ANTENNA|SENSOR_FUSION|APP,USER_GUESS,재부팅·업데이트·안전모드 중 일부 시도,UNSPECIFIED,CAUSE_CHECK_OR_REPAIR,FALSE,NONE,MEDIUM,SYNTHETIC_SCENARIO,FALSE,SRC001,CATEGORY_ANCHOR_NOT_ROW_EVIDENCE,CHAT_SUPPORT,KO,TIME_PATTERN,TRAIN,GVS-0197,GALAXY_XCOVER에서 LOW_TEMP/WORKOUT 조건에 운동 기록 거리가 실제보다 크게 짧음,관찰 사실과 원인 추정을 분리; 모델 기능 호환성 검사
GVS-0198,T20,GPS와 위치,LOCATION,TABLET,TAB_S,GALAXY_TAB_S,UNSPECIFIED,UNSPECIFIED,UNSPECIFIED,UNSPECIFIED,DEFECT_REPORT,LOCATION.GPS,DISCONNECT,터널을 나온 뒤 위치 복구가 늦음,SETTINGS_CHANGE,TUNNEL_EXIT,GRADUAL,FREQUENT,NOT_TESTED,TRAVEL_DISRUPTION,S2,PRODUCT_DEFECT_POSSIBLE,HARDWARE_OR_COMPONENT,GNSS|ANTENNA|SENSOR_FUSION|APP,USER_GUESS,자가진단 또는 서비스센터 점검,UNSPECIFIED,CAUSE_CHECK_OR_REPAIR,FALSE,DRIVING_DISTRACTION,MEDIUM,SYNTHETIC_SCENARIO,FALSE,SRC001,CATEGORY_ANCHOR_NOT_ROW_EVIDENCE,SURVEY_FREE_TEXT,EN,NONE,TRAIN,GVS-0198,GALAXY_TAB_S에서 SETTINGS_CHANGE/TUNNEL_EXIT 조건에 터널을 나온 뒤 위치 복구가 늦음,관찰 사실과 원인 추정을 분리; 모델 기능 호환성 검사
GVS-0199,T20,GPS와 위치,LOCATION,PHONE,S_BASE_PLUS,GALAXY_S_BASE_PLUS,UNSPECIFIED,UNSPECIFIED,UNSPECIFIED,UNSPECIFIED,DEFECT_REPORT,LOCATION.GPS,INACCURATE,두 지도 앱을 함께 쓰면 한쪽 위치가 멈춤,OS_UPDATE,DUAL_APP,AFTER_AGING,ALWAYS,ALWAYS,FINANCIAL_OR_TIME_COST,S1,ENVIRONMENT_RELATED,ENVIRONMENTAL_CONDITION,GNSS|ANTENNA|SENSOR_FUSION|APP,USER_GUESS,환경 조건 제거 후 재시험,UNSPECIFIED,CAUSE_CHECK_OR_REPAIR,FALSE,NONE,LOW,SYNTHETIC_SCENARIO,FALSE,SRC001,CATEGORY_ANCHOR_NOT_ROW_EVIDENCE,STORE_REVIEW,EN,CONTEXT,TRAIN,GVS-0199,GALAXY_S_BASE_PLUS에서 OS_UPDATE/DUAL_APP 조건에 두 지도 앱을 함께 쓰면 한쪽 위치가 멈춤,관찰 사실과 원인 추정을 분리; 모델 기능 호환성 검사
GVS-0200,T20,GPS와 위치,LOCATION,PHONE,S_ULTRA,GALAXY_S_ULTRA,UNSPECIFIED,UNSPECIFIED,UNSPECIFIED,UNSPECIFIED,DEFECT_REPORT,LOCATION.GPS,DELAY,비행기 모드 해제 후 GPS를 다시 잡지 못함,UNKNOWN,AIRPLANE_MODE_RECOVERY,UNKNOWN,RARE,UNKNOWN,USER_CONFUSION,S2,SETTINGS_RELATED,USER_SETTING,GNSS|ANTENNA|SENSOR_FUSION|APP,USER_GUESS,설정 확인 또는 기본값 복원,UNSPECIFIED,CAUSE_CHECK_OR_REPAIR,FALSE,NONE,HIGH,SYNTHETIC_SCENARIO,FALSE,SRC001,CATEGORY_ANCHOR_NOT_ROW_EVIDENCE,EMAIL_COMPLAINT,KO_EN_MIXED,MULTIPLE_FIELDS,TEST,GVS-0200,GALAXY_S_ULTRA에서 UNKNOWN/AIRPLANE_MODE_RECOVERY 조건에 비행기 모드 해제 후 GPS를 다시 잡지 못함,관찰 사실과 원인 추정을 분리; 모델 기능 호환성 검사
GVS-0201,T21,메시지와 알림,MESSAGING,PHONE,S_BASE_PLUS,GALAXY_S_BASE_PLUS,UNSPECIFIED,UNSPECIFIED,UNSPECIFIED,UNSPECIFIED,DEFECT_REPORT,MESSAGING.SMS_RCS,NOTIFICATION_MISSING,절전 대상 앱의 알림이 몇 시간 뒤 몰아서 옴,SETTINGS_CHANGE,SLEEPING_APP,AFTER_EVENT,INTERMITTENT,CONDITIONAL,BATTERY_ANXIETY,S1,SETTINGS_RELATED,USER_SETTING,MESSAGING_APP|NOTIFICATION_SYSTEM|CARRIER|POWER_POLICY,USER_GUESS,설정 확인 또는 기본값 복원,UNSPECIFIED,CAUSE_CHECK_OR_REPAIR,FALSE,NONE,LOW,SYNTHETIC_SCENARIO,FALSE,SRC013,CATEGORY_ANCHOR_NOT_ROW_EVIDENCE,SAMSUNG_MEMBERS,KO,NONE,TRAIN,GVS-0201,GALAXY_S_BASE_PLUS에서 SETTINGS_CHANGE/SLEEPING_APP 조건에 절전 대상 앱의 알림이 몇 시간 뒤 몰아서 옴,관찰 사실과 원인 추정을 분리; 모델 기능 호환성 검사
GVS-0202,T21,메시지와 알림,MESSAGING,PHONE,S_ULTRA,GALAXY_S_ULTRA,UNSPECIFIED,UNSPECIFIED,UNSPECIFIED,UNSPECIFIED,DEFECT_REPORT,NOTIFICATION.DELIVERY,DELAY,방해금지 종료 뒤에도 일부 알림이 무음,APP_UPDATE,DND,IMMEDIATE,DAILY,REPRODUCIBLE,PRIMARY_FUNCTION_DEGRADED,S2,NETWORK_PROVIDER_RELATED,NETWORK_OR_EXTERNAL_SERVICE,MESSAGING_APP|NOTIFICATION_SYSTEM|CARRIER|POWER_POLICY,USER_GUESS,다른 망·장소·기기로 교차 확인,UNSPECIFIED,CAUSE_CHECK_OR_REPAIR,FALSE,NONE,MEDIUM,SYNTHETIC_SCENARIO,FALSE,SRC013,CATEGORY_ANCHOR_NOT_ROW_EVIDENCE,ECOMMERCE_REVIEW,KO,MODEL_VERSION,TRAIN,GVS-0202,GALAXY_S_ULTRA에서 APP_UPDATE/DND 조건에 방해금지 종료 뒤에도 일부 알림이 무음,관찰 사실과 원인 추정을 분리; 모델 기능 호환성 검사
GVS-0203,T21,메시지와 알림,MESSAGING,PHONE,S_FE,GALAXY_S_FE,UNSPECIFIED,UNSPECIFIED,UNSPECIFIED,UNSPECIFIED,DEFECT_REPORT,MESSAGING.SMS_RCS,NO_FUNCTION,RCS가 연결 중 상태에서 진행되지 않음,OS_UPDATE,RCS,GRADUAL,FREQUENT,NOT_TESTED,TASK_DELAY,S3,SOFTWARE_POSSIBLE,SOFTWARE_UPDATE_OR_APP,MESSAGING_APP|NOTIFICATION_SYSTEM|CARRIER|POWER_POLICY,USER_GUESS,재부팅·업데이트·안전모드 중 일부 시도,UNSPECIFIED,CAUSE_CHECK_OR_REPAIR,FALSE,NONE,MEDIUM,SYNTHETIC_SCENARIO,FALSE,SRC013,CATEGORY_ANCHOR_NOT_ROW_EVIDENCE,CALL_CENTER_TRANSCRIPT,KO,FREQUENCY,VALID,GVS-0203,GALAXY_S_FE에서 OS_UPDATE/RCS 조건에 RCS가 연결 중 상태에서 진행되지 않음,관찰 사실과 원인 추정을 분리; 모델 기능 호환성 검사
GVS-0204,T21,메시지와 알림,MESSAGING,PHONE,Z_FOLD,GALAXY_Z_FOLD,UNSPECIFIED,UNSPECIFIED,UNSPECIFIED,UNSPECIFIED,DEFECT_REPORT,NOTIFICATION.DELIVERY,MISSING_DATA,모바일 데이터가 켜져도 MMS 다운로드 실패,DUAL_SIM,MMS,AFTER_AGING,ALWAYS,ALWAYS,MISSED_MOMENT,S1,SETTINGS_RELATED,USER_SETTING,MESSAGING_APP|NOTIFICATION_SYSTEM|CARRIER|POWER_POLICY,USER_GUESS,설정 확인 또는 기본값 복원,UNSPECIFIED,CAUSE_CHECK_OR_REPAIR,FALSE,NONE,LOW,SYNTHETIC_SCENARIO,FALSE,SRC013,CATEGORY_ANCHOR_NOT_ROW_EVIDENCE,SERVICE_INTAKE,KO,TRIGGER,TRAIN,GVS-0204,GALAXY_Z_FOLD에서 DUAL_SIM/MMS 조건에 모바일 데이터가 켜져도 MMS 다운로드 실패,관찰 사실과 원인 추정을 분리; 모델 기능 호환성 검사
GVS-0205,T21,메시지와 알림,MESSAGING,PHONE,Z_FLIP,GALAXY_Z_FLIP,UNSPECIFIED,UNSPECIFIED,UNSPECIFIED,UNSPECIFIED,DEFECT_REPORT,MESSAGING.SMS_RCS,NOTIFICATION_MISSING,은행 인증 문자가 늦게 도착해 만료,UNKNOWN,BANK_OTP,UNKNOWN,RARE,UNKNOWN,WORK_INTERRUPTED,S2,NETWORK_PROVIDER_RELATED,NETWORK_OR_EXTERNAL_SERVICE,MESSAGING_APP|NOTIFICATION_SYSTEM|CARRIER|POWER_POLICY,USER_GUESS,다른 망·장소·기기로 교차 확인,UNSPECIFIED,CAUSE_CHECK_OR_REPAIR,FALSE,NONE,HIGH,SYNTHETIC_SCENARIO,FALSE,SRC013,CATEGORY_ANCHOR_NOT_ROW_EVIDENCE,SNS_POST,KO,ATTEMPTED_ACTION,TRAIN,GVS-0205,GALAXY_Z_FLIP에서 UNKNOWN/BANK_OTP 조건에 은행 인증 문자가 늦게 도착해 만료,관찰 사실과 원인 추정을 분리; 모델 기능 호환성 검사
GVS-0206,T21,메시지와 알림,MESSAGING,PHONE,A_SERIES,GALAXY_A,UNSPECIFIED,UNSPECIFIED,UNSPECIFIED,UNSPECIFIED,DEFECT_REPORT,NOTIFICATION.DELIVERY,DELAY,두 번째 SIM 문자만 수신이 누락,SETTINGS_CHANGE,SECOND_SIM,AFTER_EVENT,INTERMITTENT,CONDITIONAL,REPEATED_RETRY,S3,SOFTWARE_POSSIBLE,SOFTWARE_UPDATE_OR_APP,MESSAGING_APP|NOTIFICATION_SYSTEM|CARRIER|POWER_POLICY,USER_GUESS,재부팅·업데이트·안전모드 중 일부 시도,UNSPECIFIED,CAUSE_CHECK_OR_REPAIR,FALSE,NONE,LOW,SYNTHETIC_SCENARIO,FALSE,SRC013,CATEGORY_ANCHOR_NOT_ROW_EVIDENCE,COMMUNITY_POST,KO,MODEL_AND_VERSION,TRAIN,GVS-0206,GALAXY_A에서 SETTINGS_CHANGE/SECOND_SIM 조건에 두 번째 SIM 문자만 수신이 누락,관찰 사실과 원인 추정을 분리; 모델 기능 호환성 검사
GVS-0207,T21,메시지와 알림,MESSAGING,PHONE,XCOVER,GALAXY_XCOVER,UNSPECIFIED,UNSPECIFIED,UNSPECIFIED,UNSPECIFIED,DEFECT_REPORT,MESSAGING.SMS_RCS,NO_FUNCTION,워치에는 알림이 오지만 폰 기록에 없음,APP_UPDATE,WATCH_CONNECTED,IMMEDIATE,DAILY,REPRODUCIBLE,DATA_OR_SERVICE_UNAVAILABLE,S1,SETTINGS_RELATED,USER_SETTING,MESSAGING_APP|NOTIFICATION_SYSTEM|CARRIER|POWER_POLICY,USER_GUESS,설정 확인 또는 기본값 복원,UNSPECIFIED,CAUSE_CHECK_OR_REPAIR,FALSE,NONE,MEDIUM,SYNTHETIC_SCENARIO,FALSE,SRC013,CATEGORY_ANCHOR_NOT_ROW_EVIDENCE,CHAT_SUPPORT,KO,TIME_PATTERN,TRAIN,GVS-0207,GALAXY_XCOVER에서 APP_UPDATE/WATCH_CONNECTED 조건에 워치에는 알림이 오지만 폰 기록에 없음,관찰 사실과 원인 추정을 분리; 모델 기능 호환성 검사
GVS-0208,T21,메시지와 알림,MESSAGING,TABLET,TAB_S,GALAXY_TAB_S,UNSPECIFIED,UNSPECIFIED,UNSPECIFIED,UNSPECIFIED,DEFECT_REPORT,NOTIFICATION.DELIVERY,MISSING_DATA,잠금화면에서 알림 내용과 아이콘이 사라짐,OS_UPDATE,LOCK_SCREEN,GRADUAL,FREQUENT,NOT_TESTED,TRAVEL_DISRUPTION,S2,NETWORK_PROVIDER_RELATED,NETWORK_OR_EXTERNAL_SERVICE,MESSAGING_APP|NOTIFICATION_SYSTEM|CARRIER|POWER_POLICY,USER_GUESS,다른 망·장소·기기로 교차 확인,UNSPECIFIED,CAUSE_CHECK_OR_REPAIR,FALSE,NONE,MEDIUM,SYNTHETIC_SCENARIO,FALSE,SRC013,CATEGORY_ANCHOR_NOT_ROW_EVIDENCE,SURVEY_FREE_TEXT,EN,NONE,TRAIN,GVS-0208,GALAXY_TAB_S에서 OS_UPDATE/LOCK_SCREEN 조건에 잠금화면에서 알림 내용과 아이콘이 사라짐,관찰 사실과 원인 추정을 분리; 모델 기능 호환성 검사
GVS-0209,T21,메시지와 알림,MESSAGING,PHONE,S_BASE_PLUS,GALAXY_S_BASE_PLUS,UNSPECIFIED,UNSPECIFIED,UNSPECIFIED,UNSPECIFIED,DEFECT_REPORT,MESSAGING.SMS_RCS,NOTIFICATION_MISSING,업무 프로필 알림이 개인 모드에서 차단,DUAL_SIM,WORK_PROFILE,AFTER_AGING,ALWAYS,ALWAYS,FINANCIAL_OR_TIME_COST,S3,SOFTWARE_POSSIBLE,SOFTWARE_UPDATE_OR_APP,MESSAGING_APP|NOTIFICATION_SYSTEM|CARRIER|POWER_POLICY,USER_GUESS,재부팅·업데이트·안전모드 중 일부 시도,UNSPECIFIED,CAUSE_CHECK_OR_REPAIR,FALSE,NONE,LOW,SYNTHETIC_SCENARIO,FALSE,SRC013,CATEGORY_ANCHOR_NOT_ROW_EVIDENCE,STORE_REVIEW,EN,CONTEXT,TRAIN,GVS-0209,GALAXY_S_BASE_PLUS에서 DUAL_SIM/WORK_PROFILE 조건에 업무 프로필 알림이 개인 모드에서 차단,관찰 사실과 원인 추정을 분리; 모델 기능 호환성 검사
GVS-0210,T21,메시지와 알림,MESSAGING,PHONE,S_ULTRA,GALAXY_S_ULTRA,UNSPECIFIED,UNSPECIFIED,UNSPECIFIED,UNSPECIFIED,DEFECT_REPORT,NOTIFICATION.DELIVERY,DELAY,재부팅해야 밀린 문자가 한꺼번에 수신,UNKNOWN,REBOOT_REQUIRED,UNKNOWN,RARE,UNKNOWN,USER_CONFUSION,S1,SETTINGS_RELATED,USER_SETTING,MESSAGING_APP|NOTIFICATION_SYSTEM|CARRIER|POWER_POLICY,USER_GUESS,설정 확인 또는 기본값 복원,UNSPECIFIED,CAUSE_CHECK_OR_REPAIR,FALSE,NONE,HIGH,SYNTHETIC_SCENARIO,FALSE,SRC013,CATEGORY_ANCHOR_NOT_ROW_EVIDENCE,EMAIL_COMPLAINT,KO_EN_MIXED,MULTIPLE_FIELDS,TRAIN,GVS-0210,GALAXY_S_ULTRA에서 UNKNOWN/REBOOT_REQUIRED 조건에 재부팅해야 밀린 문자가 한꺼번에 수신,관찰 사실과 원인 추정을 분리; 모델 기능 호환성 검사
GVS-0211,T22,Android Auto와 USB,CONNECTIVITY,PHONE,S_BASE_PLUS,GALAXY_S_BASE_PLUS,UNSPECIFIED,UNSPECIFIED,UNSPECIFIED,UNSPECIFIED,DEFECT_REPORT,CONNECTIVITY.ANDROID_AUTO,DISCONNECT,방지턱을 넘을 때마다 유선 Android Auto가 끊김,CABLE,SPEED_BUMP,AFTER_EVENT,INTERMITTENT,CONDITIONAL,BATTERY_ANXIETY,S1,ACCESSORY_RELATED,ACCESSORY,USB_C_PORT|CABLE|HEAD_UNIT|ANDROID_AUTO,USER_GUESS,다른 액세서리로 교차 확인,UNSPECIFIED,CAUSE_CHECK_OR_REPAIR,FALSE,DRIVING_DISTRACTION,LOW,SYNTHETIC_SCENARIO,FALSE,SRC002,CATEGORY_ANCHOR_NOT_ROW_EVIDENCE,SAMSUNG_MEMBERS,KO,NONE,TRAIN,GVS-0211,GALAXY_S_BASE_PLUS에서 CABLE/SPEED_BUMP 조건에 방지턱을 넘을 때마다 유선 Android Auto가 끊김,관찰 사실과 원인 추정을 분리; 모델 기능 호환성 검사
GVS-0212,T22,Android Auto와 USB,CONNECTIVITY,PHONE,S_ULTRA,GALAXY_S_ULTRA,UNSPECIFIED,UNSPECIFIED,UNSPECIFIED,UNSPECIFIED,DEFECT_REPORT,CONNECTIVITY.USB,NO_FUNCTION,무선 Android Auto가 차량을 찾지 못함,CAR_HEAD_UNIT,WIRELESS_AUTO,IMMEDIATE,DAILY,REPRODUCIBLE,PRIMARY_FUNCTION_DEGRADED,S2,SOFTWARE_POSSIBLE,SOFTWARE_UPDATE_OR_APP,USB_C_PORT|CABLE|HEAD_UNIT|ANDROID_AUTO,USER_GUESS,재부팅·업데이트·안전모드 중 일부 시도,UNSPECIFIED,CAUSE_CHECK_OR_REPAIR,FALSE,DRIVING_DISTRACTION,MEDIUM,SYNTHETIC_SCENARIO,FALSE,SRC002,CATEGORY_ANCHOR_NOT_ROW_EVIDENCE,ECOMMERCE_REVIEW,KO,MODEL_VERSION,TRAIN,GVS-0212,GALAXY_S_ULTRA에서 CAR_HEAD_UNIT/WIRELESS_AUTO 조건에 무선 Android Auto가 차량을 찾지 못함,관찰 사실과 원인 추정을 분리; 모델 기능 호환성 검사
GVS-0213,T22,Android Auto와 USB,CONNECTIVITY,PHONE,S_FE,GALAXY_S_FE,UNSPECIFIED,UNSPECIFIED,UNSPECIFIED,UNSPECIFIED,DEFECT_REPORT,CONNECTIVITY.ANDROID_AUTO,INCOMPATIBLE,잠금 상태에서 차량 연결 승인이 반복 요구,IMPACT,LOCKED_PHONE,GRADUAL,FREQUENT,NOT_TESTED,TASK_DELAY,S3,NETWORK_PROVIDER_RELATED,NETWORK_OR_EXTERNAL_SERVICE,USB_C_PORT|CABLE|HEAD_UNIT|ANDROID_AUTO,USER_GUESS,다른 망·장소·기기로 교차 확인,UNSPECIFIED,CAUSE_CHECK_OR_REPAIR,FALSE,NONE,MEDIUM,SYNTHETIC_SCENARIO,FALSE,SRC002,CATEGORY_ANCHOR_NOT_ROW_EVIDENCE,CALL_CENTER_TRANSCRIPT,KO,FREQUENCY,TRAIN,GVS-0213,GALAXY_S_FE에서 IMPACT/LOCKED_PHONE 조건에 잠금 상태에서 차량 연결 승인이 반복 요구,관찰 사실과 원인 추정을 분리; 모델 기능 호환성 검사
GVS-0214,T22,Android Auto와 USB,CONNECTIVITY,PHONE,Z_FOLD,GALAXY_Z_FOLD,UNSPECIFIED,UNSPECIFIED,UNSPECIFIED,UNSPECIFIED,DEFECT_REPORT,CONNECTIVITY.USB,DELAY,충전 전용 케이블이라 데이터 연결이 안 됨,OS_UPDATE,DATA_CABLE,AFTER_AGING,ALWAYS,ALWAYS,MISSED_MOMENT,S1,PRODUCT_DEFECT_POSSIBLE,HARDWARE_OR_COMPONENT,USB_C_PORT|CABLE|HEAD_UNIT|ANDROID_AUTO,USER_GUESS,자가진단 또는 서비스센터 점검,UNSPECIFIED,CAUSE_CHECK_OR_REPAIR,FALSE,DRIVING_DISTRACTION,LOW,SYNTHETIC_SCENARIO,FALSE,SRC002,CATEGORY_ANCHOR_NOT_ROW_EVIDENCE,SERVICE_INTAKE,KO,TRIGGER,TRAIN,GVS-0214,GALAXY_Z_FOLD에서 OS_UPDATE/DATA_CABLE 조건에 충전 전용 케이블이라 데이터 연결이 안 됨,관찰 사실과 원인 추정을 분리; 모델 기능 호환성 검사
GVS-0215,T22,Android Auto와 USB,CONNECTIVITY,PHONE,Z_FLIP,GALAXY_Z_FLIP,UNSPECIFIED,UNSPECIFIED,UNSPECIFIED,UNSPECIFIED,DEFECT_REPORT,CONNECTIVITY.ANDROID_AUTO,DISCONNECT,USB 기본 모드가 충전으로 고정되어 파일 전송 실패,PLUG_IN,USB_MODE,UNKNOWN,RARE,UNKNOWN,WORK_INTERRUPTED,S2,ACCESSORY_RELATED,ACCESSORY,USB_C_PORT|CABLE|HEAD_UNIT|ANDROID_AUTO,USER_GUESS,다른 액세서리로 교차 확인,UNSPECIFIED,CAUSE_CHECK_OR_REPAIR,FALSE,DRIVING_DISTRACTION,HIGH,SYNTHETIC_SCENARIO,FALSE,SRC002,CATEGORY_ANCHOR_NOT_ROW_EVIDENCE,SNS_POST,KO,ATTEMPTED_ACTION,TRAIN,GVS-0215,GALAXY_Z_FLIP에서 PLUG_IN/USB_MODE 조건에 USB 기본 모드가 충전으로 고정되어 파일 전송 실패,관찰 사실과 원인 추정을 분리; 모델 기능 호환성 검사
GVS-0216,T22,Android Auto와 USB,CONNECTIVITY,PHONE,A_SERIES,GALAXY_A,UNSPECIFIED,UNSPECIFIED,UNSPECIFIED,UNSPECIFIED,DEFECT_REPORT,CONNECTIVITY.USB,NO_FUNCTION,헤드유닛 업데이트 후 연결이 되지 않음,CABLE,AFTER_HEADUNIT_UPDATE,AFTER_EVENT,INTERMITTENT,CONDITIONAL,REPEATED_RETRY,S3,SOFTWARE_POSSIBLE,SOFTWARE_UPDATE_OR_APP,USB_C_PORT|CABLE|HEAD_UNIT|ANDROID_AUTO,USER_GUESS,재부팅·업데이트·안전모드 중 일부 시도,UNSPECIFIED,CAUSE_CHECK_OR_REPAIR,FALSE,NONE,LOW,SYNTHETIC_SCENARIO,FALSE,SRC002,CATEGORY_ANCHOR_NOT_ROW_EVIDENCE,COMMUNITY_POST,KO,MODEL_AND_VERSION,TRAIN,GVS-0216,GALAXY_A에서 CABLE/AFTER_HEADUNIT_UPDATE 조건에 헤드유닛 업데이트 후 연결이 되지 않음,관찰 사실과 원인 추정을 분리; 모델 기능 호환성 검사
GVS-0217,T22,Android Auto와 USB,CONNECTIVITY,PHONE,XCOVER,GALAXY_XCOVER,UNSPECIFIED,UNSPECIFIED,UNSPECIFIED,UNSPECIFIED,DEFECT_REPORT,CONNECTIVITY.ANDROID_AUTO,INCOMPATIBLE,통화 종료 후 차량 오디오가 돌아오지 않음,CAR_HEAD_UNIT,CALL,IMMEDIATE,DAILY,REPRODUCIBLE,DATA_OR_SERVICE_UNAVAILABLE,S1,NETWORK_PROVIDER_RELATED,NETWORK_OR_EXTERNAL_SERVICE,USB_C_PORT|CABLE|HEAD_UNIT|ANDROID_AUTO,USER_GUESS,다른 망·장소·기기로 교차 확인,UNSPECIFIED,CAUSE_CHECK_OR_REPAIR,FALSE,DRIVING_DISTRACTION,MEDIUM,SYNTHETIC_SCENARIO,FALSE,SRC002,CATEGORY_ANCHOR_NOT_ROW_EVIDENCE,CHAT_SUPPORT,KO,TIME_PATTERN,TRAIN,GVS-0217,GALAXY_XCOVER에서 CAR_HEAD_UNIT/CALL 조건에 통화 종료 후 차량 오디오가 돌아오지 않음,관찰 사실과 원인 추정을 분리; 모델 기능 호환성 검사
GVS-0218,T22,Android Auto와 USB,CONNECTIVITY,PHONE,S_BASE_PLUS,GALAXY_S_BASE_PLUS,UNSPECIFIED,UNSPECIFIED,UNSPECIFIED,UNSPECIFIED,DEFECT_REPORT,CONNECTIVITY.USB,DELAY,주행 중 지도 화면이 멈추고 연결이 재시작,IMPACT,NAVIGATION,GRADUAL,FREQUENT,NOT_TESTED,TRAVEL_DISRUPTION,S2,PRODUCT_DEFECT_POSSIBLE,HARDWARE_OR_COMPONENT,USB_C_PORT|CABLE|HEAD_UNIT|ANDROID_AUTO,USER_GUESS,자가진단 또는 서비스센터 점검,UNSPECIFIED,CAUSE_CHECK_OR_REPAIR,FALSE,DRIVING_DISTRACTION,MEDIUM,SYNTHETIC_SCENARIO,FALSE,SRC002,CATEGORY_ANCHOR_NOT_ROW_EVIDENCE,SURVEY_FREE_TEXT,EN,NONE,TRAIN,GVS-0218,GALAXY_S_BASE_PLUS에서 IMPACT/NAVIGATION 조건에 주행 중 지도 화면이 멈추고 연결이 재시작,관찰 사실과 원인 추정을 분리; 모델 기능 호환성 검사
GVS-0219,T22,Android Auto와 USB,CONNECTIVITY,PHONE,S_ULTRA,GALAXY_S_ULTRA,UNSPECIFIED,UNSPECIFIED,UNSPECIFIED,UNSPECIFIED,DEFECT_REPORT,CONNECTIVITY.ANDROID_AUTO,DISCONNECT,USB 연결은 충전만 되고 PC에서 기기를 못 찾음,OS_UPDATE,CHARGING_ONLY,AFTER_AGING,ALWAYS,ALWAYS,FINANCIAL_OR_TIME_COST,S3,ACCESSORY_RELATED,ACCESSORY,USB_C_PORT|CABLE|HEAD_UNIT|ANDROID_AUTO,USER_GUESS,다른 액세서리로 교차 확인,UNSPECIFIED,CAUSE_CHECK_OR_REPAIR,FALSE,NONE,LOW,SYNTHETIC_SCENARIO,FALSE,SRC002,CATEGORY_ANCHOR_NOT_ROW_EVIDENCE,STORE_REVIEW,EN,CONTEXT,TRAIN,GVS-0219,GALAXY_S_ULTRA에서 OS_UPDATE/CHARGING_ONLY 조건에 USB 연결은 충전만 되고 PC에서 기기를 못 찾음,관찰 사실과 원인 추정을 분리; 모델 기능 호환성 검사
GVS-0220,T22,Android Auto와 USB,CONNECTIVITY,PHONE,S_FE,GALAXY_S_FE,UNSPECIFIED,UNSPECIFIED,UNSPECIFIED,UNSPECIFIED,DEFECT_REPORT,CONNECTIVITY.USB,NO_FUNCTION,한 차량에서는 정상인데 다른 차량에서 반복 끊김,PLUG_IN,MULTIPLE_CARS,UNKNOWN,RARE,UNKNOWN,USER_CONFUSION,S1,SOFTWARE_POSSIBLE,SOFTWARE_UPDATE_OR_APP,USB_C_PORT|CABLE|HEAD_UNIT|ANDROID_AUTO,USER_GUESS,재부팅·업데이트·안전모드 중 일부 시도,UNSPECIFIED,CAUSE_CHECK_OR_REPAIR,FALSE,DRIVING_DISTRACTION,HIGH,SYNTHETIC_SCENARIO,FALSE,SRC002,CATEGORY_ANCHOR_NOT_ROW_EVIDENCE,EMAIL_COMPLAINT,KO_EN_MIXED,MULTIPLE_FIELDS,VALID,GVS-0220,GALAXY_S_FE에서 PLUG_IN/MULTIPLE_CARS 조건에 한 차량에서는 정상인데 다른 차량에서 반복 끊김,관찰 사실과 원인 추정을 분리; 모델 기능 호환성 검사
GVS-0221,T23,NFC와 Wallet,PAYMENT,PHONE,S_BASE_PLUS,GALAXY_S_BASE_PLUS,UNSPECIFIED,UNSPECIFIED,UNSPECIFIED,UNSPECIFIED,DEFECT_REPORT,CONNECTIVITY.NFC,NO_FUNCTION,두꺼운 케이스를 쓰면 결제 단말 인식이 안 됨,CASE,THICK_CASE,AFTER_EVENT,INTERMITTENT,CONDITIONAL,BATTERY_ANXIETY,S1,ACCESSORY_RELATED,ACCESSORY,NFC_COIL|SECURE_ELEMENT|WALLET_APP|BANK,USER_GUESS,다른 액세서리로 교차 확인,UNSPECIFIED,CAUSE_CHECK_OR_REPAIR,FALSE,NONE,LOW,SYNTHETIC_SCENARIO,FALSE,SRC001,CATEGORY_ANCHOR_NOT_ROW_EVIDENCE,SAMSUNG_MEMBERS,KO,NONE,TRAIN,GVS-0221,GALAXY_S_BASE_PLUS에서 CASE/THICK_CASE 조건에 두꺼운 케이스를 쓰면 결제 단말 인식이 안 됨,관찰 사실과 원인 추정을 분리; 모델 기능 호환성 검사
GVS-0222,T23,NFC와 Wallet,PAYMENT,PHONE,S_ULTRA,GALAXY_S_ULTRA,UNSPECIFIED,UNSPECIFIED,UNSPECIFIED,UNSPECIFIED,DEFECT_REPORT,WALLET.PAYMENT,INTERMITTENT,교통카드가 간헐적으로 두 번 인식,APP_UPDATE,TRANSIT_CARD,IMMEDIATE,DAILY,REPRODUCIBLE,PRIMARY_FUNCTION_DEGRADED,S2,SOFTWARE_POSSIBLE,SOFTWARE_UPDATE_OR_APP,NFC_COIL|SECURE_ELEMENT|WALLET_APP|BANK,USER_GUESS,재부팅·업데이트·안전모드 중 일부 시도,UNSPECIFIED,CAUSE_CHECK_OR_REPAIR,FALSE,NONE,MEDIUM,SYNTHETIC_SCENARIO,FALSE,SRC001,CATEGORY_ANCHOR_NOT_ROW_EVIDENCE,ECOMMERCE_REVIEW,KO,MODEL_VERSION,TRAIN,GVS-0222,GALAXY_S_ULTRA에서 APP_UPDATE/TRANSIT_CARD 조건에 교통카드가 간헐적으로 두 번 인식,관찰 사실과 원인 추정을 분리; 모델 기능 호환성 검사
GVS-0223,T23,NFC와 Wallet,PAYMENT,PHONE,S_FE,GALAXY_S_FE,UNSPECIFIED,UNSPECIFIED,UNSPECIFIED,UNSPECIFIED,DEFECT_REPORT,CONNECTIVITY.NFC,DELAY,실물 카드와 함께 대면 다른 카드가 읽힘,OS_UPDATE,CARD_STACK,GRADUAL,FREQUENT,NOT_TESTED,TASK_DELAY,S3,NETWORK_PROVIDER_RELATED,NETWORK_OR_EXTERNAL_SERVICE,NFC_COIL|SECURE_ELEMENT|WALLET_APP|BANK,USER_GUESS,다른 망·장소·기기로 교차 확인,UNSPECIFIED,CAUSE_CHECK_OR_REPAIR,FALSE,NONE,MEDIUM,SYNTHETIC_SCENARIO,FALSE,SRC001,CATEGORY_ANCHOR_NOT_ROW_EVIDENCE,CALL_CENTER_TRANSCRIPT,KO,FREQUENCY,TRAIN,GVS-0223,GALAXY_S_FE에서 OS_UPDATE/CARD_STACK 조건에 실물 카드와 함께 대면 다른 카드가 읽힘,관찰 사실과 원인 추정을 분리; 모델 기능 호환성 검사
GVS-0224,T23,NFC와 Wallet,PAYMENT,PHONE,Z_FOLD,GALAXY_Z_FOLD,UNSPECIFIED,UNSPECIFIED,UNSPECIFIED,UNSPECIFIED,DEFECT_REPORT,WALLET.PAYMENT,INCOMPATIBLE,은행 인증 후 카드 등록이 완료되지 않음,UNKNOWN,BANK_AUTH,AFTER_AGING,ALWAYS,ALWAYS,MISSED_MOMENT,S1,SETTINGS_RELATED,USER_SETTING,NFC_COIL|SECURE_ELEMENT|WALLET_APP|BANK,USER_GUESS,설정 확인 또는 기본값 복원,UNSPECIFIED,CAUSE_CHECK_OR_REPAIR,FALSE,NONE,LOW,SYNTHETIC_SCENARIO,FALSE,SRC001,CATEGORY_ANCHOR_NOT_ROW_EVIDENCE,SERVICE_INTAKE,KO,TRIGGER,TRAIN,GVS-0224,GALAXY_Z_FOLD에서 UNKNOWN/BANK_AUTH 조건에 은행 인증 후 카드 등록이 완료되지 않음,관찰 사실과 원인 추정을 분리; 모델 기능 호환성 검사
GVS-0225,T23,NFC와 Wallet,PAYMENT,PHONE,Z_FLIP,GALAXY_Z_FLIP,UNSPECIFIED,UNSPECIFIED,UNSPECIFIED,UNSPECIFIED,DEFECT_REPORT,CONNECTIVITY.NFC,NO_FUNCTION,해외에서 기존 Wallet 기능이 보이지 않음,SETTINGS_CHANGE,REGION,UNKNOWN,RARE,UNKNOWN,WORK_INTERRUPTED,S2,ACCESSORY_RELATED,ACCESSORY,NFC_COIL|SECURE_ELEMENT|WALLET_APP|BANK,USER_GUESS,다른 액세서리로 교차 확인,UNSPECIFIED,CAUSE_CHECK_OR_REPAIR,FALSE,NONE,HIGH,SYNTHETIC_SCENARIO,FALSE,SRC001,CATEGORY_ANCHOR_NOT_ROW_EVIDENCE,SNS_POST,KO,ATTEMPTED_ACTION,TRAIN,GVS-0225,GALAXY_Z_FLIP에서 SETTINGS_CHANGE/REGION 조건에 해외에서 기존 Wallet 기능이 보이지 않음,관찰 사실과 원인 추정을 분리; 모델 기능 호환성 검사
GVS-0226,T23,NFC와 Wallet,PAYMENT,PHONE,A_SERIES,GALAXY_A,UNSPECIFIED,UNSPECIFIED,UNSPECIFIED,UNSPECIFIED,DEFECT_REPORT,WALLET.PAYMENT,INTERMITTENT,NFC 태그는 읽지만 결제만 실패,CASE,NFC_TAG,AFTER_EVENT,INTERMITTENT,CONDITIONAL,REPEATED_RETRY,S3,SOFTWARE_POSSIBLE,SOFTWARE_UPDATE_OR_APP,NFC_COIL|SECURE_ELEMENT|WALLET_APP|BANK,USER_GUESS,재부팅·업데이트·안전모드 중 일부 시도,UNSPECIFIED,CAUSE_CHECK_OR_REPAIR,FALSE,NONE,LOW,SYNTHETIC_SCENARIO,FALSE,SRC001,CATEGORY_ANCHOR_NOT_ROW_EVIDENCE,COMMUNITY_POST,KO,MODEL_AND_VERSION,TRAIN,GVS-0226,GALAXY_A에서 CASE/NFC_TAG 조건에 NFC 태그는 읽지만 결제만 실패,관찰 사실과 원인 추정을 분리; 모델 기능 호환성 검사
GVS-0227,T23,NFC와 Wallet,PAYMENT,PHONE,XCOVER,GALAXY_XCOVER,UNSPECIFIED,UNSPECIFIED,UNSPECIFIED,UNSPECIFIED,DEFECT_REPORT,CONNECTIVITY.NFC,DELAY,화면을 끈 상태에서 교통카드 인식이 늦음,APP_UPDATE,SCREEN_OFF,IMMEDIATE,DAILY,REPRODUCIBLE,DATA_OR_SERVICE_UNAVAILABLE,S1,NETWORK_PROVIDER_RELATED,NETWORK_OR_EXTERNAL_SERVICE,NFC_COIL|SECURE_ELEMENT|WALLET_APP|BANK,USER_GUESS,다른 망·장소·기기로 교차 확인,UNSPECIFIED,CAUSE_CHECK_OR_REPAIR,FALSE,NONE,MEDIUM,SYNTHETIC_SCENARIO,FALSE,SRC001,CATEGORY_ANCHOR_NOT_ROW_EVIDENCE,CHAT_SUPPORT,KO,TIME_PATTERN,VALID,GVS-0227,GALAXY_XCOVER에서 APP_UPDATE/SCREEN_OFF 조건에 화면을 끈 상태에서 교통카드 인식이 늦음,관찰 사실과 원인 추정을 분리; 모델 기능 호환성 검사
GVS-0228,T23,NFC와 Wallet,PAYMENT,PHONE,S_BASE_PLUS,GALAXY_S_BASE_PLUS,UNSPECIFIED,UNSPECIFIED,UNSPECIFIED,UNSPECIFIED,DEFECT_REPORT,WALLET.PAYMENT,INCOMPATIBLE,업무 프로필 정책으로 Wallet 실행이 차단,OS_UPDATE,WORK_PROFILE,GRADUAL,FREQUENT,NOT_TESTED,TRAVEL_DISRUPTION,S2,SETTINGS_RELATED,USER_SETTING,NFC_COIL|SECURE_ELEMENT|WALLET_APP|BANK,USER_GUESS,설정 확인 또는 기본값 복원,UNSPECIFIED,CAUSE_CHECK_OR_REPAIR,FALSE,NONE,MEDIUM,SYNTHETIC_SCENARIO,FALSE,SRC001,CATEGORY_ANCHOR_NOT_ROW_EVIDENCE,SURVEY_FREE_TEXT,EN,NONE,TRAIN,GVS-0228,GALAXY_S_BASE_PLUS에서 OS_UPDATE/WORK_PROFILE 조건에 업무 프로필 정책으로 Wallet 실행이 차단,관찰 사실과 원인 추정을 분리; 모델 기능 호환성 검사
GVS-0229,T23,NFC와 Wallet,PAYMENT,PHONE,S_ULTRA,GALAXY_S_ULTRA,UNSPECIFIED,UNSPECIFIED,UNSPECIFIED,UNSPECIFIED,DEFECT_REPORT,CONNECTIVITY.NFC,NO_FUNCTION,보안 상태 경고로 결제가 비활성화,UNKNOWN,ROOT_DETECTION,AFTER_AGING,ALWAYS,ALWAYS,FINANCIAL_OR_TIME_COST,S3,ACCESSORY_RELATED,ACCESSORY,NFC_COIL|SECURE_ELEMENT|WALLET_APP|BANK,USER_GUESS,다른 액세서리로 교차 확인,UNSPECIFIED,CAUSE_CHECK_OR_REPAIR,FALSE,NONE,LOW,SYNTHETIC_SCENARIO,FALSE,SRC001,CATEGORY_ANCHOR_NOT_ROW_EVIDENCE,STORE_REVIEW,EN,CONTEXT,TRAIN,GVS-0229,GALAXY_S_ULTRA에서 UNKNOWN/ROOT_DETECTION 조건에 보안 상태 경고로 결제가 비활성화,관찰 사실과 원인 추정을 분리; 모델 기능 호환성 검사
GVS-0230,T23,NFC와 Wallet,PAYMENT,PHONE,S_FE,GALAXY_S_FE,UNSPECIFIED,UNSPECIFIED,UNSPECIFIED,UNSPECIFIED,DEFECT_REPORT,WALLET.PAYMENT,INTERMITTENT,특정 가맹점 단말에서만 반복 결제 실패,SETTINGS_CHANGE,TERMINAL_ONLY,UNKNOWN,RARE,UNKNOWN,USER_CONFUSION,S1,SOFTWARE_POSSIBLE,SOFTWARE_UPDATE_OR_APP,NFC_COIL|SECURE_ELEMENT|WALLET_APP|BANK,USER_GUESS,재부팅·업데이트·안전모드 중 일부 시도,UNSPECIFIED,CAUSE_CHECK_OR_REPAIR,FALSE,NONE,HIGH,SYNTHETIC_SCENARIO,FALSE,SRC001,CATEGORY_ANCHOR_NOT_ROW_EVIDENCE,EMAIL_COMPLAINT,KO_EN_MIXED,MULTIPLE_FIELDS,TRAIN,GVS-0230,GALAXY_S_FE에서 SETTINGS_CHANGE/TERMINAL_ONLY 조건에 특정 가맹점 단말에서만 반복 결제 실패,관찰 사실과 원인 추정을 분리; 모델 기능 호환성 검사
GVS-0231,T24,One UI 업데이트,SOFTWARE,PHONE,S_BASE_PLUS,GALAXY_S_BASE_PLUS,UNSPECIFIED,UNSPECIFIED,UNSPECIFIED,UNSPECIFIED,USABILITY_COMPLAINT,ONEUI.UPDATE,DEGRADED,빠른 설정 배치가 바뀌어 자주 쓰던 기능을 찾기 어려움,OS_UPDATE,QUICK_PANEL,AFTER_EVENT,INTERMITTENT,CONDITIONAL,BATTERY_ANXIETY,S0,SOFTWARE_POSSIBLE,SOFTWARE_UPDATE_OR_APP,ONE_UI|SYSTEM_UI|FIRMWARE|APP_COMPATIBILITY,USER_GUESS,재부팅·업데이트·안전모드 중 일부 시도,UNSPECIFIED,USABILITY_IMPROVEMENT,FALSE,NONE,LOW,SYNTHETIC_SCENARIO,FALSE,SRC025,CATEGORY_ANCHOR_NOT_ROW_EVIDENCE,SAMSUNG_MEMBERS,KO,NONE,VALID,GVS-0231,GALAXY_S_BASE_PLUS에서 OS_UPDATE/QUICK_PANEL 조건에 빠른 설정 배치가 바뀌어 자주 쓰던 기능을 찾기 어려움,관찰 사실과 원인 추정을 분리; 모델 기능 호환성 검사
GVS-0232,T24,One UI 업데이트,SOFTWARE,PHONE,S_ULTRA,GALAXY_S_ULTRA,UNSPECIFIED,UNSPECIFIED,UNSPECIFIED,UNSPECIFIED,FEATURE_REQUEST,ONEUI.UPDATE,FEATURE_MISSING,제스처 동작과 이전 버전 사용감이 달라짐,OS_UPDATE,NAVIGATION_GESTURE,IMMEDIATE,DAILY,REPRODUCIBLE,PRIMARY_FUNCTION_DEGRADED,S1,SETTINGS_RELATED,USER_SETTING,ONE_UI|SYSTEM_UI|FIRMWARE|APP_COMPATIBILITY,USER_GUESS,설정 확인 또는 기본값 복원,UNSPECIFIED,FEATURE_ADDITION,FALSE,NONE,MEDIUM,SYNTHETIC_SCENARIO,FALSE,SRC025,CATEGORY_ANCHOR_NOT_ROW_EVIDENCE,ECOMMERCE_REVIEW,KO,MODEL_VERSION,TRAIN,GVS-0232,GALAXY_S_ULTRA에서 OS_UPDATE/NAVIGATION_GESTURE 조건에 제스처 동작과 이전 버전 사용감이 달라짐,관찰 사실과 원인 추정을 분리; 모델 기능 호환성 검사
GVS-0233,T24,One UI 업데이트,SOFTWARE,PHONE,S_FE,GALAXY_S_FE,UNSPECIFIED,UNSPECIFIED,UNSPECIFIED,UNSPECIFIED,DEFECT_REPORT,ONEUI.UPDATE,CRASH,Good Lock 모듈이 새 버전과 충돌,OS_UPDATE,GOOD_LOCK,GRADUAL,FREQUENT,NOT_TESTED,TASK_DELAY,S2,SOFTWARE_POSSIBLE,SOFTWARE_UPDATE_OR_APP,ONE_UI|SYSTEM_UI|FIRMWARE|APP_COMPATIBILITY,USER_GUESS,재부팅·업데이트·안전모드 중 일부 시도,UNSPECIFIED,CAUSE_CHECK_OR_REPAIR,FALSE,NONE,MEDIUM,SYNTHETIC_SCENARIO,FALSE,SRC025,CATEGORY_ANCHOR_NOT_ROW_EVIDENCE,CALL_CENTER_TRANSCRIPT,KO,FREQUENCY,TRAIN,GVS-0233,GALAXY_S_FE에서 OS_UPDATE/GOOD_LOCK 조건에 Good Lock 모듈이 새 버전과 충돌,관찰 사실과 원인 추정을 분리; 모델 기능 호환성 검사
GVS-0234,T24,One UI 업데이트,SOFTWARE,PHONE,Z_FOLD,GALAXY_Z_FOLD,UNSPECIFIED,UNSPECIFIED,UNSPECIFIED,UNSPECIFIED,USABILITY_COMPLAINT,ONEUI.UPDATE,RESTART,업데이트 후 카메라 앱이 반복 종료,OS_UPDATE,CAMERA,AFTER_AGING,ALWAYS,ALWAYS,MISSED_MOMENT,S3,SETTINGS_RELATED,USER_SETTING,ONE_UI|SYSTEM_UI|FIRMWARE|APP_COMPATIBILITY,USER_GUESS,설정 확인 또는 기본값 복원,UNSPECIFIED,USABILITY_IMPROVEMENT,FALSE,NONE,LOW,SYNTHETIC_SCENARIO,FALSE,SRC025,CATEGORY_ANCHOR_NOT_ROW_EVIDENCE,SERVICE_INTAKE,KO,TRIGGER,TRAIN,GVS-0234,GALAXY_Z_FOLD에서 OS_UPDATE/CAMERA 조건에 업데이트 후 카메라 앱이 반복 종료,관찰 사실과 원인 추정을 분리; 모델 기능 호환성 검사
GVS-0235,T24,One UI 업데이트,SOFTWARE,PHONE,Z_FLIP,GALAXY_Z_FLIP,UNSPECIFIED,UNSPECIFIED,UNSPECIFIED,UNSPECIFIED,FEATURE_REQUEST,ONEUI.UPDATE,DIFFICULT_TO_USE,업데이트 이후 배터리와 발열이 악화됐다고 느낌,OS_UPDATE,BATTERY,UNKNOWN,RARE,UNKNOWN,WORK_INTERRUPTED,S0,SOFTWARE_POSSIBLE,SOFTWARE_UPDATE_OR_APP,ONE_UI|SYSTEM_UI|FIRMWARE|APP_COMPATIBILITY,USER_GUESS,재부팅·업데이트·안전모드 중 일부 시도,UNSPECIFIED,FEATURE_ADDITION,FALSE,NONE,HIGH,SYNTHETIC_SCENARIO,FALSE,SRC025,CATEGORY_ANCHOR_NOT_ROW_EVIDENCE,SNS_POST,KO,ATTEMPTED_ACTION,TRAIN,GVS-0235,GALAXY_Z_FLIP에서 OS_UPDATE/BATTERY 조건에 업데이트 이후 배터리와 발열이 악화됐다고 느낌,관찰 사실과 원인 추정을 분리; 모델 기능 호환성 검사
GVS-0236,T24,One UI 업데이트,SOFTWARE,PHONE,A_SERIES,GALAXY_A,UNSPECIFIED,UNSPECIFIED,UNSPECIFIED,UNSPECIFIED,DEFECT_REPORT,ONEUI.UPDATE,DEGRADED,접근성 설정 일부가 초기화됨,OS_UPDATE,ACCESSIBILITY,AFTER_EVENT,INTERMITTENT,CONDITIONAL,REPEATED_RETRY,S1,SETTINGS_RELATED,USER_SETTING,ONE_UI|SYSTEM_UI|FIRMWARE|APP_COMPATIBILITY,USER_GUESS,설정 확인 또는 기본값 복원,UNSPECIFIED,CAUSE_CHECK_OR_REPAIR,FALSE,NONE,LOW,SYNTHETIC_SCENARIO,FALSE,SRC025,CATEGORY_ANCHOR_NOT_ROW_EVIDENCE,COMMUNITY_POST,KO,MODEL_AND_VERSION,TRAIN,GVS-0236,GALAXY_A에서 OS_UPDATE/ACCESSIBILITY 조건에 접근성 설정 일부가 초기화됨,관찰 사실과 원인 추정을 분리; 모델 기능 호환성 검사
GVS-0237,T24,One UI 업데이트,SOFTWARE,PHONE,XCOVER,GALAXY_XCOVER,UNSPECIFIED,UNSPECIFIED,UNSPECIFIED,UNSPECIFIED,USABILITY_COMPLAINT,ONEUI.UPDATE,FEATURE_MISSING,홈 화면 아이콘 배열이 바뀌거나 누락,OS_UPDATE,HOME_LAYOUT,IMMEDIATE,DAILY,REPRODUCIBLE,DATA_OR_SERVICE_UNAVAILABLE,S2,SOFTWARE_POSSIBLE,SOFTWARE_UPDATE_OR_APP,ONE_UI|SYSTEM_UI|FIRMWARE|APP_COMPATIBILITY,USER_GUESS,재부팅·업데이트·안전모드 중 일부 시도,UNSPECIFIED,USABILITY_IMPROVEMENT,FALSE,NONE,MEDIUM,SYNTHETIC_SCENARIO,FALSE,SRC025,CATEGORY_ANCHOR_NOT_ROW_EVIDENCE,CHAT_SUPPORT,KO,TIME_PATTERN,TEST,GVS-0237,GALAXY_XCOVER에서 OS_UPDATE/HOME_LAYOUT 조건에 홈 화면 아이콘 배열이 바뀌거나 누락,관찰 사실과 원인 추정을 분리; 모델 기능 호환성 검사
GVS-0238,T24,One UI 업데이트,SOFTWARE,TABLET,TAB_S,GALAXY_TAB_S,UNSPECIFIED,UNSPECIFIED,UNSPECIFIED,UNSPECIFIED,FEATURE_REQUEST,ONEUI.UPDATE,CRASH,글꼴과 UI 크기가 예상과 다르게 변함,OS_UPDATE,FONT,GRADUAL,FREQUENT,NOT_TESTED,TRAVEL_DISRUPTION,S3,SETTINGS_RELATED,USER_SETTING,ONE_UI|SYSTEM_UI|FIRMWARE|APP_COMPATIBILITY,USER_GUESS,설정 확인 또는 기본값 복원,UNSPECIFIED,FEATURE_ADDITION,FALSE,NONE,MEDIUM,SYNTHETIC_SCENARIO,FALSE,SRC025,CATEGORY_ANCHOR_NOT_ROW_EVIDENCE,SURVEY_FREE_TEXT,EN,NONE,TRAIN,GVS-0238,GALAXY_TAB_S에서 OS_UPDATE/FONT 조건에 글꼴과 UI 크기가 예상과 다르게 변함,관찰 사실과 원인 추정을 분리; 모델 기능 호환성 검사
GVS-0239,T24,One UI 업데이트,SOFTWARE,TABLET,TAB_A,GALAXY_TAB_A,UNSPECIFIED,UNSPECIFIED,UNSPECIFIED,UNSPECIFIED,DEFECT_REPORT,ONEUI.UPDATE,RESTART,앱 권한이 재설정되어 기능이 중단,OS_UPDATE,PERMISSION,AFTER_AGING,ALWAYS,ALWAYS,FINANCIAL_OR_TIME_COST,S0,SOFTWARE_POSSIBLE,SOFTWARE_UPDATE_OR_APP,ONE_UI|SYSTEM_UI|FIRMWARE|APP_COMPATIBILITY,USER_GUESS,재부팅·업데이트·안전모드 중 일부 시도,UNSPECIFIED,CAUSE_CHECK_OR_REPAIR,FALSE,NONE,LOW,SYNTHETIC_SCENARIO,FALSE,SRC025,CATEGORY_ANCHOR_NOT_ROW_EVIDENCE,STORE_REVIEW,EN,CONTEXT,TRAIN,GVS-0239,GALAXY_TAB_A에서 OS_UPDATE/PERMISSION 조건에 앱 권한이 재설정되어 기능이 중단,관찰 사실과 원인 추정을 분리; 모델 기능 호환성 검사
GVS-0240,T24,One UI 업데이트,SOFTWARE,PHONE,S_BASE_PLUS,GALAXY_S_BASE_PLUS,UNSPECIFIED,UNSPECIFIED,UNSPECIFIED,UNSPECIFIED,USABILITY_COMPLAINT,ONEUI.UPDATE,DIFFICULT_TO_USE,이전 One UI로 되돌리는 방법을 문의,OS_UPDATE,ROLLBACK_REQUEST,UNKNOWN,RARE,UNKNOWN,USER_CONFUSION,S1,SETTINGS_RELATED,USER_SETTING,ONE_UI|SYSTEM_UI|FIRMWARE|APP_COMPATIBILITY,USER_GUESS,설정 확인 또는 기본값 복원,UNSPECIFIED,USABILITY_IMPROVEMENT,FALSE,NONE,HIGH,SYNTHETIC_SCENARIO,FALSE,SRC025,CATEGORY_ANCHOR_NOT_ROW_EVIDENCE,EMAIL_COMPLAINT,KO_EN_MIXED,MULTIPLE_FIELDS,TRAIN,GVS-0240,GALAXY_S_BASE_PLUS에서 OS_UPDATE/ROLLBACK_REQUEST 조건에 이전 One UI로 되돌리는 방법을 문의,관찰 사실과 원인 추정을 분리; 모델 기능 호환성 검사
GVS-0241,T25,앱·백업·기기 이전,DATA_APP,PHONE,S_BASE_PLUS,GALAXY_S_BASE_PLUS,UNSPECIFIED,UNSPECIFIED,UNSPECIFIED,UNSPECIFIED,DEFECT_REPORT,APP.COMPATIBILITY,CRASH,은행 앱 업데이트 후 실행 즉시 종료,APP_UPDATE,BANK_APP,AFTER_EVENT,INTERMITTENT,CONDITIONAL,BATTERY_ANXIETY,S1,SOFTWARE_POSSIBLE,SOFTWARE_UPDATE_OR_APP,APP|SMART_SWITCH|CLOUD|STORAGE|ACCOUNT,USER_GUESS,재부팅·업데이트·안전모드 중 일부 시도,UNSPECIFIED,CAUSE_CHECK_OR_REPAIR,FALSE,NONE,LOW,SYNTHETIC_SCENARIO,FALSE,SRC022,CATEGORY_ANCHOR_NOT_ROW_EVIDENCE,SAMSUNG_MEMBERS,KO,NONE,TRAIN,GVS-0241,GALAXY_S_BASE_PLUS에서 APP_UPDATE/BANK_APP 조건에 은행 앱 업데이트 후 실행 즉시 종료,관찰 사실과 원인 추정을 분리; 모델 기능 호환성 검사
GVS-0242,T25,앱·백업·기기 이전,DATA_APP,PHONE,S_ULTRA,GALAXY_S_ULTRA,UNSPECIFIED,UNSPECIFIED,UNSPECIFIED,UNSPECIFIED,DEFECT_REPORT,DATA.BACKUP_MIGRATION,MISSING_DATA,Smart Switch 뒤 일부 사진 촬영일자가 사라짐,DEVICE_MIGRATION,PHOTO,IMMEDIATE,DAILY,REPRODUCIBLE,PRIMARY_FUNCTION_DEGRADED,S2,NETWORK_PROVIDER_RELATED,NETWORK_OR_EXTERNAL_SERVICE,APP|SMART_SWITCH|CLOUD|STORAGE|ACCOUNT,USER_GUESS,다른 망·장소·기기로 교차 확인,UNSPECIFIED,CAUSE_CHECK_OR_REPAIR,FALSE,NONE,MEDIUM,SYNTHETIC_SCENARIO,FALSE,SRC022,CATEGORY_ANCHOR_NOT_ROW_EVIDENCE,ECOMMERCE_REVIEW,KO,MODEL_VERSION,TEST,GVS-0242,GALAXY_S_ULTRA에서 DEVICE_MIGRATION/PHOTO 조건에 Smart Switch 뒤 일부 사진 촬영일자가 사라짐,관찰 사실과 원인 추정을 분리; 모델 기능 호환성 검사
GVS-0243,T25,앱·백업·기기 이전,DATA_APP,PHONE,S_FE,GALAXY_S_FE,UNSPECIFIED,UNSPECIFIED,UNSPECIFIED,UNSPECIFIED,DEFECT_REPORT,APP.COMPATIBILITY,NO_FUNCTION,연락처가 계정별로 중복되거나 누락,OS_UPDATE,CONTACT,GRADUAL,FREQUENT,NOT_TESTED,TASK_DELAY,S3,SETTINGS_RELATED,USER_SETTING,APP|SMART_SWITCH|CLOUD|STORAGE|ACCOUNT,USER_GUESS,설정 확인 또는 기본값 복원,UNSPECIFIED,CAUSE_CHECK_OR_REPAIR,FALSE,NONE,MEDIUM,SYNTHETIC_SCENARIO,FALSE,SRC022,CATEGORY_ANCHOR_NOT_ROW_EVIDENCE,CALL_CENTER_TRANSCRIPT,KO,FREQUENCY,TRAIN,GVS-0243,GALAXY_S_FE에서 OS_UPDATE/CONTACT 조건에 연락처가 계정별로 중복되거나 누락,관찰 사실과 원인 추정을 분리; 모델 기능 호환성 검사
GVS-0244,T25,앱·백업·기기 이전,DATA_APP,PHONE,Z_FOLD,GALAXY_Z_FOLD,UNSPECIFIED,UNSPECIFIED,UNSPECIFIED,UNSPECIFIED,DEFECT_REPORT,DATA.BACKUP_MIGRATION,DELAY,메신저 대화 백업이 새 기기에서 복원되지 않음,SETTINGS_CHANGE,CHAT_HISTORY,AFTER_AGING,ALWAYS,ALWAYS,MISSED_MOMENT,S4,UNKNOWN,UNKNOWN,APP|SMART_SWITCH|CLOUD|STORAGE|ACCOUNT,USER_GUESS,조치 정보 없음,UNSPECIFIED,CAUSE_CHECK_OR_REPAIR,FALSE,DATA_IRREVERSIBLE,LOW,SYNTHETIC_SCENARIO,FALSE,SRC022,CATEGORY_ANCHOR_NOT_ROW_EVIDENCE,SERVICE_INTAKE,KO,TRIGGER,TRAIN,GVS-0244,GALAXY_Z_FOLD에서 SETTINGS_CHANGE/CHAT_HISTORY 조건에 메신저 대화 백업이 새 기기에서 복원되지 않음,관찰 사실과 원인 추정을 분리; 모델 기능 호환성 검사
GVS-0245,T25,앱·백업·기기 이전,DATA_APP,PHONE,Z_FLIP,GALAXY_Z_FLIP,UNSPECIFIED,UNSPECIFIED,UNSPECIFIED,UNSPECIFIED,DEFECT_REPORT,APP.COMPATIBILITY,INCOMPATIBLE,인증 앱 이전 실패로 계정 접근이 막힘,INITIAL_SETUP,AUTHENTICATOR,UNKNOWN,RARE,UNKNOWN,WORK_INTERRUPTED,S1,SOFTWARE_POSSIBLE,SOFTWARE_UPDATE_OR_APP,APP|SMART_SWITCH|CLOUD|STORAGE|ACCOUNT,USER_GUESS,재부팅·업데이트·안전모드 중 일부 시도,UNSPECIFIED,CAUSE_CHECK_OR_REPAIR,FALSE,NONE,HIGH,SYNTHETIC_SCENARIO,FALSE,SRC022,CATEGORY_ANCHOR_NOT_ROW_EVIDENCE,SNS_POST,KO,ATTEMPTED_ACTION,TRAIN,GVS-0245,GALAXY_Z_FLIP에서 INITIAL_SETUP/AUTHENTICATOR 조건에 인증 앱 이전 실패로 계정 접근이 막힘,관찰 사실과 원인 추정을 분리; 모델 기능 호환성 검사
GVS-0246,T25,앱·백업·기기 이전,DATA_APP,PHONE,A_SERIES,GALAXY_A,UNSPECIFIED,UNSPECIFIED,UNSPECIFIED,UNSPECIFIED,DEFECT_REPORT,DATA.BACKUP_MIGRATION,CRASH,SD카드 데이터가 갤러리에 표시되지 않음,APP_UPDATE,SD_CARD,AFTER_EVENT,INTERMITTENT,CONDITIONAL,REPEATED_RETRY,S2,NETWORK_PROVIDER_RELATED,NETWORK_OR_EXTERNAL_SERVICE,APP|SMART_SWITCH|CLOUD|STORAGE|ACCOUNT,USER_GUESS,다른 망·장소·기기로 교차 확인,UNSPECIFIED,CAUSE_CHECK_OR_REPAIR,FALSE,NONE,LOW,SYNTHETIC_SCENARIO,FALSE,SRC022,CATEGORY_ANCHOR_NOT_ROW_EVIDENCE,COMMUNITY_POST,KO,MODEL_AND_VERSION,TEST,GVS-0246,GALAXY_A에서 APP_UPDATE/SD_CARD 조건에 SD카드 데이터가 갤러리에 표시되지 않음,관찰 사실과 원인 추정을 분리; 모델 기능 호환성 검사
GVS-0247,T25,앱·백업·기기 이전,DATA_APP,TABLET,TAB_S,GALAXY_TAB_S,UNSPECIFIED,UNSPECIFIED,UNSPECIFIED,UNSPECIFIED,DEFECT_REPORT,APP.COMPATIBILITY,MISSING_DATA,클라우드 동기화가 대기 상태에서 끝나지 않음,DEVICE_MIGRATION,CLOUD_SYNC,IMMEDIATE,DAILY,REPRODUCIBLE,DATA_OR_SERVICE_UNAVAILABLE,S3,SETTINGS_RELATED,USER_SETTING,APP|SMART_SWITCH|CLOUD|STORAGE|ACCOUNT,USER_GUESS,설정 확인 또는 기본값 복원,UNSPECIFIED,CAUSE_CHECK_OR_REPAIR,FALSE,NONE,MEDIUM,SYNTHETIC_SCENARIO,FALSE,SRC022,CATEGORY_ANCHOR_NOT_ROW_EVIDENCE,CHAT_SUPPORT,KO,TIME_PATTERN,TRAIN,GVS-0247,GALAXY_TAB_S에서 DEVICE_MIGRATION/CLOUD_SYNC 조건에 클라우드 동기화가 대기 상태에서 끝나지 않음,관찰 사실과 원인 추정을 분리; 모델 기능 호환성 검사
GVS-0248,T25,앱·백업·기기 이전,DATA_APP,TABLET,TAB_A,GALAXY_TAB_A,UNSPECIFIED,UNSPECIFIED,UNSPECIFIED,UNSPECIFIED,DEFECT_REPORT,DATA.BACKUP_MIGRATION,NO_FUNCTION,업무 프로필 자료가 개인 백업에서 제외,OS_UPDATE,WORK_PROFILE,GRADUAL,FREQUENT,NOT_TESTED,TRAVEL_DISRUPTION,S4,UNKNOWN,UNKNOWN,APP|SMART_SWITCH|CLOUD|STORAGE|ACCOUNT,USER_GUESS,조치 정보 없음,UNSPECIFIED,CAUSE_CHECK_OR_REPAIR,FALSE,DATA_IRREVERSIBLE,MEDIUM,SYNTHETIC_SCENARIO,FALSE,SRC022,CATEGORY_ANCHOR_NOT_ROW_EVIDENCE,SURVEY_FREE_TEXT,EN,NONE,TRAIN,GVS-0248,GALAXY_TAB_A에서 OS_UPDATE/WORK_PROFILE 조건에 업무 프로필 자료가 개인 백업에서 제외,관찰 사실과 원인 추정을 분리; 모델 기능 호환성 검사
GVS-0249,T25,앱·백업·기기 이전,DATA_APP,PHONE,S_BASE_PLUS,GALAXY_S_BASE_PLUS,UNSPECIFIED,UNSPECIFIED,UNSPECIFIED,UNSPECIFIED,DEFECT_REPORT,APP.COMPATIBILITY,DELAY,구형 앱이 새 One UI에서 설치되지 않음,SETTINGS_CHANGE,OLD_ANDROID_APP,AFTER_AGING,ALWAYS,ALWAYS,FINANCIAL_OR_TIME_COST,S1,SOFTWARE_POSSIBLE,SOFTWARE_UPDATE_OR_APP,APP|SMART_SWITCH|CLOUD|STORAGE|ACCOUNT,USER_GUESS,재부팅·업데이트·안전모드 중 일부 시도,UNSPECIFIED,CAUSE_CHECK_OR_REPAIR,FALSE,NONE,LOW,SYNTHETIC_SCENARIO,FALSE,SRC022,CATEGORY_ANCHOR_NOT_ROW_EVIDENCE,STORE_REVIEW,EN,CONTEXT,TRAIN,GVS-0249,GALAXY_S_BASE_PLUS에서 SETTINGS_CHANGE/OLD_ANDROID_APP 조건에 구형 앱이 새 One UI에서 설치되지 않음,관찰 사실과 원인 추정을 분리; 모델 기능 호환성 검사
GVS-0250,T25,앱·백업·기기 이전,DATA_APP,PHONE,S_ULTRA,GALAXY_S_ULTRA,UNSPECIFIED,UNSPECIFIED,UNSPECIFIED,UNSPECIFIED,DEFECT_REPORT,DATA.BACKUP_MIGRATION,INCOMPATIBLE,대용량 이전이 중간에 끊기고 처음부터 재시작,INITIAL_SETUP,LARGE_TRANSFER,UNKNOWN,RARE,UNKNOWN,USER_CONFUSION,S2,NETWORK_PROVIDER_RELATED,NETWORK_OR_EXTERNAL_SERVICE,APP|SMART_SWITCH|CLOUD|STORAGE|ACCOUNT,USER_GUESS,다른 망·장소·기기로 교차 확인,UNSPECIFIED,CAUSE_CHECK_OR_REPAIR,FALSE,NONE,HIGH,SYNTHETIC_SCENARIO,FALSE,SRC022,CATEGORY_ANCHOR_NOT_ROW_EVIDENCE,EMAIL_COMPLAINT,KO_EN_MIXED,MULTIPLE_FIELDS,TRAIN,GVS-0250,GALAXY_S_ULTRA에서 INITIAL_SETUP/LARGE_TRANSFER 조건에 대용량 이전이 중간에 끊기고 처음부터 재시작,관찰 사실과 원인 추정을 분리; 모델 기능 호환성 검사
GVS-0251,T26,DeX와 멀티태스킹,DEX_MULTITASK,PHONE,S_BASE_PLUS,GALAXY_S_BASE_PLUS,UNSPECIFIED,UNSPECIFIED,UNSPECIFIED,UNSPECIFIED,DEFECT_REPORT,DEX.WIRED,NO_FUNCTION,USB-C 허브로 모니터를 연결해도 영상 출력이 없음,USB_HUB,HDMI_MONITOR,AFTER_EVENT,INTERMITTENT,CONDITIONAL,BATTERY_ANXIETY,S0,ACCESSORY_RELATED,ACCESSORY,DEX|USB_C_VIDEO|MIRACAST|APP_COMPATIBILITY,USER_GUESS,다른 액세서리로 교차 확인,UNSPECIFIED,CAUSE_CHECK_OR_REPAIR,FALSE,NONE,LOW,SYNTHETIC_SCENARIO,FALSE,SRC003,CATEGORY_ANCHOR_NOT_ROW_EVIDENCE,SAMSUNG_MEMBERS,KO,NONE,TRAIN,GVS-0251,GALAXY_S_BASE_PLUS에서 USB_HUB/HDMI_MONITOR 조건에 USB-C 허브로 모니터를 연결해도 영상 출력이 없음,관찰 사실과 원인 추정을 분리; 모델 기능 호환성 검사
GVS-0252,T26,DeX와 멀티태스킹,DEX_MULTITASK,PHONE,S_ULTRA,GALAXY_S_ULTRA,UNSPECIFIED,UNSPECIFIED,UNSPECIFIED,UNSPECIFIED,DEFECT_REPORT,DEX.WIRELESS,INCOMPATIBLE,무선 DeX에서 TV 연결은 되지만 지연이 큼,SETTINGS_CHANGE,WIRELESS_TV,IMMEDIATE,DAILY,REPRODUCIBLE,PRIMARY_FUNCTION_DEGRADED,S1,SOFTWARE_POSSIBLE,SOFTWARE_UPDATE_OR_APP,DEX|USB_C_VIDEO|MIRACAST|APP_COMPATIBILITY,USER_GUESS,재부팅·업데이트·안전모드 중 일부 시도,UNSPECIFIED,CAUSE_CHECK_OR_REPAIR,FALSE,NONE,MEDIUM,SYNTHETIC_SCENARIO,FALSE,SRC003,CATEGORY_ANCHOR_NOT_ROW_EVIDENCE,ECOMMERCE_REVIEW,KO,MODEL_VERSION,TRAIN,GVS-0252,GALAXY_S_ULTRA에서 SETTINGS_CHANGE/WIRELESS_TV 조건에 무선 DeX에서 TV 연결은 되지만 지연이 큼,관찰 사실과 원인 추정을 분리; 모델 기능 호환성 검사
GVS-0253,T26,DeX와 멀티태스킹,DEX_MULTITASK,PHONE,S_FE,GALAXY_S_FE,UNSPECIFIED,UNSPECIFIED,UNSPECIFIED,UNSPECIFIED,DEFECT_REPORT,DEX.PC,DEGRADED,One UI 7 업데이트 후 PC용 DeX가 보이지 않음,OS_UPDATE,DEX_PC_ONEUI7,GRADUAL,FREQUENT,NOT_TESTED,TASK_DELAY,S2,UNSUPPORTED_FEATURE,FEATURE_NOT_SUPPORTED,DEX|USB_C_VIDEO|MIRACAST|APP_COMPATIBILITY,USER_GUESS,제품 사양 확인,UNSPECIFIED,CAUSE_CHECK_OR_REPAIR,TRUE,NONE,MEDIUM,SYNTHETIC_SCENARIO,FALSE,SRC003,CATEGORY_ANCHOR_NOT_ROW_EVIDENCE,CALL_CENTER_TRANSCRIPT,KO,FREQUENCY,TRAIN,GVS-0253,GALAXY_S_FE에서 OS_UPDATE/DEX_PC_ONEUI7 조건에 One UI 7 업데이트 후 PC용 DeX가 보이지 않음,불량 확정 금지; 정상·설정·외부 요인을 원문에서 확정하지 말 것
GVS-0254,T26,DeX와 멀티태스킹,DEX_MULTITASK,TABLET,TAB_S_FE,GALAXY_TAB_S_FE,UNSPECIFIED,UNSPECIFIED,UNSPECIFIED,UNSPECIFIED,DEFECT_REPORT,DEX.WIRED,FEATURE_MISSING,Tab FE에서 HDMI 출력이 되지 않음,UNKNOWN,TAB_FE_HDMI,AFTER_AGING,ALWAYS,ALWAYS,MISSED_MOMENT,S0,ACCESSORY_RELATED,ACCESSORY,DEX|USB_C_VIDEO|MIRACAST|APP_COMPATIBILITY,USER_GUESS,다른 액세서리로 교차 확인,UNSPECIFIED,CAUSE_CHECK_OR_REPAIR,TRUE,NONE,LOW,SYNTHETIC_SCENARIO,FALSE,SRC003,CATEGORY_ANCHOR_NOT_ROW_EVIDENCE,SERVICE_INTAKE,KO,TRIGGER,TRAIN,GVS-0254,GALAXY_TAB_S_FE에서 UNKNOWN/TAB_FE_HDMI 조건에 Tab FE에서 HDMI 출력이 되지 않음,불량 확정 금지; 정상·설정·외부 요인을 원문에서 확정하지 말 것
GVS-0255,T26,DeX와 멀티태스킹,DEX_MULTITASK,PHONE,Z_FOLD,GALAXY_Z_FOLD,UNSPECIFIED,UNSPECIFIED,UNSPECIFIED,UNSPECIFIED,DEFECT_REPORT,MULTITASKING.WINDOW,DELAY,DeX 창에서 앱 비율이 깨지고 버튼이 가려짐,PLUG_IN,APP_ASPECT,UNKNOWN,RARE,UNKNOWN,WORK_INTERRUPTED,S1,SOFTWARE_POSSIBLE,SOFTWARE_UPDATE_OR_APP,DEX|USB_C_VIDEO|MIRACAST|APP_COMPATIBILITY,USER_GUESS,재부팅·업데이트·안전모드 중 일부 시도,UNSPECIFIED,CAUSE_CHECK_OR_REPAIR,FALSE,NONE,HIGH,SYNTHETIC_SCENARIO,FALSE,SRC003,CATEGORY_ANCHOR_NOT_ROW_EVIDENCE,SNS_POST,KO,ATTEMPTED_ACTION,TRAIN,GVS-0255,GALAXY_Z_FOLD에서 PLUG_IN/APP_ASPECT 조건에 DeX 창에서 앱 비율이 깨지고 버튼이 가려짐,관찰 사실과 원인 추정을 분리; 모델 기능 호환성 검사
GVS-0256,T26,DeX와 멀티태스킹,DEX_MULTITASK,TABLET,TAB_S,GALAXY_TAB_S,UNSPECIFIED,UNSPECIFIED,UNSPECIFIED,UNSPECIFIED,DEFECT_REPORT,DEX.WIRED,NO_FUNCTION,DRM 영상이 외부 모니터에서 검은 화면,USB_HUB,DRM_VIDEO,AFTER_EVENT,INTERMITTENT,CONDITIONAL,REPEATED_RETRY,S2,UNKNOWN,UNKNOWN,DEX|USB_C_VIDEO|MIRACAST|APP_COMPATIBILITY,USER_GUESS,조치 정보 없음,UNSPECIFIED,CAUSE_CHECK_OR_REPAIR,FALSE,NONE,LOW,SYNTHETIC_SCENARIO,FALSE,SRC003,CATEGORY_ANCHOR_NOT_ROW_EVIDENCE,COMMUNITY_POST,KO,MODEL_AND_VERSION,TRAIN,GVS-0256,GALAXY_TAB_S에서 USB_HUB/DRM_VIDEO 조건에 DRM 영상이 외부 모니터에서 검은 화면,관찰 사실과 원인 추정을 분리; 모델 기능 호환성 검사
GVS-0257,T26,DeX와 멀티태스킹,DEX_MULTITASK,PHONE,Z_FOLD,GALAXY_Z_FOLD,UNSPECIFIED,UNSPECIFIED,UNSPECIFIED,UNSPECIFIED,DEFECT_REPORT,DEX.WIRED,INCOMPATIBLE,외부 키보드 단축키가 앱마다 다르게 동작,SETTINGS_CHANGE,EXTERNAL_KEYBOARD,IMMEDIATE,DAILY,REPRODUCIBLE,DATA_OR_SERVICE_UNAVAILABLE,S0,ACCESSORY_RELATED,ACCESSORY,DEX|USB_C_VIDEO|MIRACAST|APP_COMPATIBILITY,USER_GUESS,다른 액세서리로 교차 확인,UNSPECIFIED,CAUSE_CHECK_OR_REPAIR,FALSE,NONE,MEDIUM,SYNTHETIC_SCENARIO,FALSE,SRC003,CATEGORY_ANCHOR_NOT_ROW_EVIDENCE,CHAT_SUPPORT,KO,TIME_PATTERN,TRAIN,GVS-0257,GALAXY_Z_FOLD에서 SETTINGS_CHANGE/EXTERNAL_KEYBOARD 조건에 외부 키보드 단축키가 앱마다 다르게 동작,관찰 사실과 원인 추정을 분리; 모델 기능 호환성 검사
GVS-0258,T26,DeX와 멀티태스킹,DEX_MULTITASK,TABLET,TAB_S,GALAXY_TAB_S,UNSPECIFIED,UNSPECIFIED,UNSPECIFIED,UNSPECIFIED,DEFECT_REPORT,MULTITASKING.WINDOW,DEGRADED,분할화면에서 앱이 강제로 종료,OS_UPDATE,MULTIWINDOW,GRADUAL,FREQUENT,NOT_TESTED,TRAVEL_DISRUPTION,S1,SOFTWARE_POSSIBLE,SOFTWARE_UPDATE_OR_APP,DEX|USB_C_VIDEO|MIRACAST|APP_COMPATIBILITY,USER_GUESS,재부팅·업데이트·안전모드 중 일부 시도,UNSPECIFIED,CAUSE_CHECK_OR_REPAIR,FALSE,NONE,MEDIUM,SYNTHETIC_SCENARIO,FALSE,SRC003,CATEGORY_ANCHOR_NOT_ROW_EVIDENCE,SURVEY_FREE_TEXT,EN,NONE,VALID,GVS-0258,GALAXY_TAB_S에서 OS_UPDATE/MULTIWINDOW 조건에 분할화면에서 앱이 강제로 종료,관찰 사실과 원인 추정을 분리; 모델 기능 호환성 검사
GVS-0259,T26,DeX와 멀티태스킹,DEX_MULTITASK,PHONE,S_ULTRA,GALAXY_S_ULTRA,UNSPECIFIED,UNSPECIFIED,UNSPECIFIED,UNSPECIFIED,DEFECT_REPORT,DEX.WIRED,FEATURE_MISSING,고해상도 모니터에서 선택 가능한 해상도가 낮음,UNKNOWN,HIGH_RESOLUTION,AFTER_AGING,ALWAYS,ALWAYS,FINANCIAL_OR_TIME_COST,S2,UNKNOWN,UNKNOWN,DEX|USB_C_VIDEO|MIRACAST|APP_COMPATIBILITY,USER_GUESS,조치 정보 없음,UNSPECIFIED,CAUSE_CHECK_OR_REPAIR,FALSE,NONE,LOW,SYNTHETIC_SCENARIO,FALSE,SRC003,CATEGORY_ANCHOR_NOT_ROW_EVIDENCE,STORE_REVIEW,EN,CONTEXT,TRAIN,GVS-0259,GALAXY_S_ULTRA에서 UNKNOWN/HIGH_RESOLUTION 조건에 고해상도 모니터에서 선택 가능한 해상도가 낮음,관찰 사실과 원인 추정을 분리; 모델 기능 호환성 검사
GVS-0260,T26,DeX와 멀티태스킹,DEX_MULTITASK,PHONE,Z_FLIP,GALAXY_Z_FLIP,UNSPECIFIED,UNSPECIFIED,UNSPECIFIED,UNSPECIFIED,DEFECT_REPORT,DEX.WIRED,DELAY,이전 Z Flip에서 DeX 기능을 찾을 수 없음,PLUG_IN,Z_FLIP_OLDER,UNKNOWN,RARE,UNKNOWN,USER_CONFUSION,S0,ACCESSORY_RELATED,ACCESSORY,DEX|USB_C_VIDEO|MIRACAST|APP_COMPATIBILITY,USER_GUESS,다른 액세서리로 교차 확인,UNSPECIFIED,CAUSE_CHECK_OR_REPAIR,TRUE,NONE,HIGH,SYNTHETIC_SCENARIO,FALSE,SRC003,CATEGORY_ANCHOR_NOT_ROW_EVIDENCE,EMAIL_COMPLAINT,KO_EN_MIXED,MULTIPLE_FIELDS,TRAIN,GVS-0260,GALAXY_Z_FLIP에서 PLUG_IN/Z_FLIP_OLDER 조건에 이전 Z Flip에서 DeX 기능을 찾을 수 없음,불량 확정 금지; 정상·설정·외부 요인을 원문에서 확정하지 말 것
GVS-0261,T27,Galaxy AI,AI,PHONE,S_BASE_PLUS,GALAXY_S_BASE_PLUS,UNSPECIFIED,UNSPECIFIED,UNSPECIFIED,UNSPECIFIED,DEFECT_REPORT,AI.TRANSLATE,INACCURATE,사투리가 포함된 통화 번역이 의미를 반대로 전달,SETTINGS_CHANGE,DIALECT,AFTER_EVENT,INTERMITTENT,CONDITIONAL,BATTERY_ANXIETY,S0,SOFTWARE_POSSIBLE,SOFTWARE_UPDATE_OR_APP,ON_DEVICE_MODEL|CLOUD_AI|LANGUAGE_PACK|NETWORK,USER_GUESS,재부팅·업데이트·안전모드 중 일부 시도,UNSPECIFIED,CAUSE_CHECK_OR_REPAIR,FALSE,NONE,LOW,SYNTHETIC_SCENARIO,FALSE,SRC027,CATEGORY_ANCHOR_NOT_ROW_EVIDENCE,SAMSUNG_MEMBERS,KO,NONE,TRAIN,GVS-0261,GALAXY_S_BASE_PLUS에서 SETTINGS_CHANGE/DIALECT 조건에 사투리가 포함된 통화 번역이 의미를 반대로 전달,관찰 사실과 원인 추정을 분리; 모델 기능 호환성 검사
GVS-0262,T27,Galaxy AI,AI,PHONE,S_ULTRA,GALAXY_S_ULTRA,UNSPECIFIED,UNSPECIFIED,UNSPECIFIED,UNSPECIFIED,FEATURE_REQUEST,AI.SUMMARIZE,MISSING_DATA,소음 환경에서 실시간 번역이 자주 누락,APP_UPDATE,NOISY_CALL,IMMEDIATE,DAILY,REPRODUCIBLE,PRIMARY_FUNCTION_DEGRADED,S1,NETWORK_PROVIDER_RELATED,NETWORK_OR_EXTERNAL_SERVICE,ON_DEVICE_MODEL|CLOUD_AI|LANGUAGE_PACK|NETWORK,USER_GUESS,다른 망·장소·기기로 교차 확인,UNSPECIFIED,FEATURE_ADDITION,FALSE,NONE,MEDIUM,SYNTHETIC_SCENARIO,FALSE,SRC028,CATEGORY_ANCHOR_NOT_ROW_EVIDENCE,ECOMMERCE_REVIEW,KO,MODEL_VERSION,TEST,GVS-0262,GALAXY_S_ULTRA에서 APP_UPDATE/NOISY_CALL 조건에 소음 환경에서 실시간 번역이 자주 누락,관찰 사실과 원인 추정을 분리; 모델 기능 호환성 검사
GVS-0263,T27,Galaxy AI,AI,PHONE,S_FE,GALAXY_S_FE,UNSPECIFIED,UNSPECIFIED,UNSPECIFIED,UNSPECIFIED,HOW_TO,AI.GENERATIVE_EDIT,NO_FUNCTION,긴 노트 요약에서 핵심 결정사항이 빠짐,OS_UPDATE,LONG_NOTE,GRADUAL,FREQUENT,NOT_TESTED,TASK_DELAY,S2,UNSUPPORTED_FEATURE,FEATURE_NOT_SUPPORTED,ON_DEVICE_MODEL|CLOUD_AI|LANGUAGE_PACK|NETWORK,USER_GUESS,제품 사양 확인,UNSPECIFIED,INSTRUCTIONS_OR_CONFIRMATION,FALSE,NONE,MEDIUM,SYNTHETIC_SCENARIO,FALSE,SRC027,CATEGORY_ANCHOR_NOT_ROW_EVIDENCE,CALL_CENTER_TRANSCRIPT,KO,FREQUENCY,TRAIN,GVS-0263,GALAXY_S_FE에서 OS_UPDATE/LONG_NOTE 조건에 긴 노트 요약에서 핵심 결정사항이 빠짐,관찰 사실과 원인 추정을 분리; 모델 기능 호환성 검사
GVS-0264,T27,Galaxy AI,AI,PHONE,Z_FOLD,GALAXY_Z_FOLD,UNSPECIFIED,UNSPECIFIED,UNSPECIFIED,UNSPECIFIED,USABILITY_COMPLAINT,AI.TRANSLATE,DELAY,회의 녹음 전사에서 화자 구분이 틀림,UNKNOWN,MEETING_AUDIO,AFTER_AGING,ALWAYS,ALWAYS,MISSED_MOMENT,S0,SETTINGS_RELATED,USER_SETTING,ON_DEVICE_MODEL|CLOUD_AI|LANGUAGE_PACK|NETWORK,USER_GUESS,설정 확인 또는 기본값 복원,UNSPECIFIED,USABILITY_IMPROVEMENT,FALSE,NONE,LOW,SYNTHETIC_SCENARIO,FALSE,SRC028,CATEGORY_ANCHOR_NOT_ROW_EVIDENCE,SERVICE_INTAKE,KO,TRIGGER,TRAIN,GVS-0264,GALAXY_Z_FOLD에서 UNKNOWN/MEETING_AUDIO 조건에 회의 녹음 전사에서 화자 구분이 틀림,관찰 사실과 원인 추정을 분리; 모델 기능 호환성 검사
GVS-0265,T27,Galaxy AI,AI,PHONE,Z_FLIP,GALAXY_Z_FLIP,UNSPECIFIED,UNSPECIFIED,UNSPECIFIED,UNSPECIFIED,DEFECT_REPORT,AI.SUMMARIZE,DIFFICULT_TO_USE,오프라인에서 일부 AI 기능이 실행되지 않음,SETTINGS_CHANGE,OFFLINE,UNKNOWN,RARE,UNKNOWN,WORK_INTERRUPTED,S1,SOFTWARE_POSSIBLE,SOFTWARE_UPDATE_OR_APP,ON_DEVICE_MODEL|CLOUD_AI|LANGUAGE_PACK|NETWORK,USER_GUESS,재부팅·업데이트·안전모드 중 일부 시도,UNSPECIFIED,CAUSE_CHECK_OR_REPAIR,FALSE,NONE,HIGH,SYNTHETIC_SCENARIO,FALSE,SRC027,CATEGORY_ANCHOR_NOT_ROW_EVIDENCE,SNS_POST,KO,ATTEMPTED_ACTION,TEST,GVS-0265,GALAXY_Z_FLIP에서 SETTINGS_CHANGE/OFFLINE 조건에 오프라인에서 일부 AI 기능이 실행되지 않음,관찰 사실과 원인 추정을 분리; 모델 기능 호환성 검사
GVS-0266,T27,Galaxy AI,AI,TABLET,TAB_S,GALAXY_TAB_S,UNSPECIFIED,UNSPECIFIED,UNSPECIFIED,UNSPECIFIED,FEATURE_REQUEST,AI.GENERATIVE_EDIT,INACCURATE,원하는 언어가 언어팩 목록에 없음,APP_UPDATE,UNSUPPORTED_LANGUAGE,AFTER_EVENT,INTERMITTENT,CONDITIONAL,REPEATED_RETRY,S2,NETWORK_PROVIDER_RELATED,NETWORK_OR_EXTERNAL_SERVICE,ON_DEVICE_MODEL|CLOUD_AI|LANGUAGE_PACK|NETWORK,USER_GUESS,다른 망·장소·기기로 교차 확인,UNSPECIFIED,FEATURE_ADDITION,FALSE,NONE,LOW,SYNTHETIC_SCENARIO,FALSE,SRC028,CATEGORY_ANCHOR_NOT_ROW_EVIDENCE,COMMUNITY_POST,KO,MODEL_AND_VERSION,TEST,GVS-0266,GALAXY_TAB_S에서 APP_UPDATE/UNSUPPORTED_LANGUAGE 조건에 원하는 언어가 언어팩 목록에 없음,관찰 사실과 원인 추정을 분리; 모델 기능 호환성 검사
GVS-0267,T27,Galaxy AI,AI,TABLET,TAB_S_FE,GALAXY_TAB_S_FE,UNSPECIFIED,UNSPECIFIED,UNSPECIFIED,UNSPECIFIED,HOW_TO,AI.TRANSLATE,MISSING_DATA,기기 내 처리만 허용하면 요약 기능이 비활성,OS_UPDATE,CLOUD_DISABLED,IMMEDIATE,DAILY,REPRODUCIBLE,DATA_OR_SERVICE_UNAVAILABLE,S0,UNSUPPORTED_FEATURE,FEATURE_NOT_SUPPORTED,ON_DEVICE_MODEL|CLOUD_AI|LANGUAGE_PACK|NETWORK,USER_GUESS,제품 사양 확인,UNSPECIFIED,INSTRUCTIONS_OR_CONFIRMATION,FALSE,NONE,MEDIUM,SYNTHETIC_SCENARIO,FALSE,SRC027,CATEGORY_ANCHOR_NOT_ROW_EVIDENCE,CHAT_SUPPORT,KO,TIME_PATTERN,TRAIN,GVS-0267,GALAXY_TAB_S_FE에서 OS_UPDATE/CLOUD_DISABLED 조건에 기기 내 처리만 허용하면 요약 기능이 비활성,관찰 사실과 원인 추정을 분리; 모델 기능 호환성 검사
GVS-0268,T27,Galaxy AI,AI,PHONE,S_BASE_PLUS,GALAXY_S_BASE_PLUS,UNSPECIFIED,UNSPECIFIED,UNSPECIFIED,UNSPECIFIED,USABILITY_COMPLAINT,AI.SUMMARIZE,NO_FUNCTION,생성 편집에서 사람 손과 배경이 왜곡,UNKNOWN,PHOTO_EDIT,GRADUAL,FREQUENT,NOT_TESTED,TRAVEL_DISRUPTION,S1,SETTINGS_RELATED,USER_SETTING,ON_DEVICE_MODEL|CLOUD_AI|LANGUAGE_PACK|NETWORK,USER_GUESS,설정 확인 또는 기본값 복원,UNSPECIFIED,USABILITY_IMPROVEMENT,FALSE,NONE,MEDIUM,SYNTHETIC_SCENARIO,FALSE,SRC028,CATEGORY_ANCHOR_NOT_ROW_EVIDENCE,SURVEY_FREE_TEXT,EN,NONE,TRAIN,GVS-0268,GALAXY_S_BASE_PLUS에서 UNKNOWN/PHOTO_EDIT 조건에 생성 편집에서 사람 손과 배경이 왜곡,관찰 사실과 원인 추정을 분리; 모델 기능 호환성 검사
GVS-0269,T27,Galaxy AI,AI,PHONE,S_ULTRA,GALAXY_S_ULTRA,UNSPECIFIED,UNSPECIFIED,UNSPECIFIED,UNSPECIFIED,DEFECT_REPORT,AI.GENERATIVE_EDIT,DELAY,손글씨 인식 결과 숫자와 단위가 바뀜,SETTINGS_CHANGE,HANDWRITING,AFTER_AGING,ALWAYS,ALWAYS,FINANCIAL_OR_TIME_COST,S2,SOFTWARE_POSSIBLE,SOFTWARE_UPDATE_OR_APP,ON_DEVICE_MODEL|CLOUD_AI|LANGUAGE_PACK|NETWORK,USER_GUESS,재부팅·업데이트·안전모드 중 일부 시도,UNSPECIFIED,CAUSE_CHECK_OR_REPAIR,FALSE,NONE,LOW,SYNTHETIC_SCENARIO,FALSE,SRC027,CATEGORY_ANCHOR_NOT_ROW_EVIDENCE,STORE_REVIEW,EN,CONTEXT,VALID,GVS-0269,GALAXY_S_ULTRA에서 SETTINGS_CHANGE/HANDWRITING 조건에 손글씨 인식 결과 숫자와 단위가 바뀜,관찰 사실과 원인 추정을 분리; 모델 기능 호환성 검사
GVS-0270,T27,Galaxy AI,AI,PHONE,S_FE,GALAXY_S_FE,UNSPECIFIED,UNSPECIFIED,UNSPECIFIED,UNSPECIFIED,FEATURE_REQUEST,AI.TRANSLATE,DIFFICULT_TO_USE,어떤 데이터가 클라우드로 가는지 알기 어려움,APP_UPDATE,PRIVACY_SETTING,UNKNOWN,RARE,UNKNOWN,USER_CONFUSION,S0,NETWORK_PROVIDER_RELATED,NETWORK_OR_EXTERNAL_SERVICE,ON_DEVICE_MODEL|CLOUD_AI|LANGUAGE_PACK|NETWORK,USER_GUESS,다른 망·장소·기기로 교차 확인,UNSPECIFIED,FEATURE_ADDITION,FALSE,NONE,HIGH,SYNTHETIC_SCENARIO,FALSE,SRC028,CATEGORY_ANCHOR_NOT_ROW_EVIDENCE,EMAIL_COMPLAINT,KO_EN_MIXED,MULTIPLE_FIELDS,VALID,GVS-0270,GALAXY_S_FE에서 APP_UPDATE/PRIVACY_SETTING 조건에 어떤 데이터가 클라우드로 가는지 알기 어려움,관찰 사실과 원인 추정을 분리; 모델 기능 호환성 검사
GVS-0271,T28,보안과 계정,SECURITY,PHONE,S_BASE_PLUS,GALAXY_S_BASE_PLUS,UNSPECIFIED,UNSPECIFIED,UNSPECIFIED,UNSPECIFIED,DEFECT_REPORT,SECURITY.PRIVACY,NO_FUNCTION,Auto Blocker 때문에 필요한 APK를 설치하지 못함,SETTINGS_CHANGE,AUTO_BLOCKER,AFTER_EVENT,INTERMITTENT,CONDITIONAL,BATTERY_ANXIETY,S0,SETTINGS_RELATED,USER_SETTING,ACCOUNT|KNOX|AUTO_BLOCKER|AUTHENTICATION,USER_GUESS,설정 확인 또는 기본값 복원,UNSPECIFIED,CAUSE_CHECK_OR_REPAIR,FALSE,NONE,LOW,SYNTHETIC_SCENARIO,FALSE,SRC027,CATEGORY_ANCHOR_NOT_ROW_EVIDENCE,SAMSUNG_MEMBERS,KO,NONE,TRAIN,GVS-0271,GALAXY_S_BASE_PLUS에서 SETTINGS_CHANGE/AUTO_BLOCKER 조건에 Auto Blocker 때문에 필요한 APK를 설치하지 못함,관찰 사실과 원인 추정을 분리; 모델 기능 호환성 검사
GVS-0272,T28,보안과 계정,SECURITY,PHONE,S_ULTRA,GALAXY_S_ULTRA,UNSPECIFIED,UNSPECIFIED,UNSPECIFIED,UNSPECIFIED,DEFECT_REPORT,ACCOUNT.LOGIN,DIFFICULT_TO_USE,사이드로딩 설정 위치를 찾기 어려움,OS_UPDATE,SIDELOAD,IMMEDIATE,DAILY,REPRODUCIBLE,PRIMARY_FUNCTION_DEGRADED,S1,SOFTWARE_POSSIBLE,SOFTWARE_UPDATE_OR_APP,ACCOUNT|KNOX|AUTO_BLOCKER|AUTHENTICATION,USER_GUESS,재부팅·업데이트·안전모드 중 일부 시도,UNSPECIFIED,CAUSE_CHECK_OR_REPAIR,FALSE,NONE,MEDIUM,SYNTHETIC_SCENARIO,FALSE,SRC027,CATEGORY_ANCHOR_NOT_ROW_EVIDENCE,ECOMMERCE_REVIEW,KO,MODEL_VERSION,TRAIN,GVS-0272,GALAXY_S_ULTRA에서 OS_UPDATE/SIDELOAD 조건에 사이드로딩 설정 위치를 찾기 어려움,관찰 사실과 원인 추정을 분리; 모델 기능 호환성 검사
GVS-0273,T28,보안과 계정,SECURITY,PHONE,S_FE,GALAXY_S_FE,UNSPECIFIED,UNSPECIFIED,UNSPECIFIED,UNSPECIFIED,DEFECT_REPORT,SECURITY.PRIVACY,DELAY,2단계 인증 코드가 이전 기기로만 전송,DEVICE_MIGRATION,TWO_FACTOR,GRADUAL,FREQUENT,NOT_TESTED,TASK_DELAY,S2,UNKNOWN,UNKNOWN,ACCOUNT|KNOX|AUTO_BLOCKER|AUTHENTICATION,USER_GUESS,조치 정보 없음,UNSPECIFIED,CAUSE_CHECK_OR_REPAIR,FALSE,NONE,MEDIUM,SYNTHETIC_SCENARIO,FALSE,SRC027,CATEGORY_ANCHOR_NOT_ROW_EVIDENCE,CALL_CENTER_TRANSCRIPT,KO,FREQUENCY,TRAIN,GVS-0273,GALAXY_S_FE에서 DEVICE_MIGRATION/TWO_FACTOR 조건에 2단계 인증 코드가 이전 기기로만 전송,관찰 사실과 원인 추정을 분리; 모델 기능 호환성 검사
GVS-0274,T28,보안과 계정,SECURITY,PHONE,Z_FOLD,GALAXY_Z_FOLD,UNSPECIFIED,UNSPECIFIED,UNSPECIFIED,UNSPECIFIED,DEFECT_REPORT,ACCOUNT.LOGIN,FEATURE_MISSING,기기 이전 후 삼성 계정 로그인 반복 요구,UNKNOWN,SAMSUNG_ACCOUNT,AFTER_AGING,ALWAYS,ALWAYS,MISSED_MOMENT,S3,NETWORK_PROVIDER_RELATED,NETWORK_OR_EXTERNAL_SERVICE,ACCOUNT|KNOX|AUTO_BLOCKER|AUTHENTICATION,USER_GUESS,다른 망·장소·기기로 교차 확인,UNSPECIFIED,CAUSE_CHECK_OR_REPAIR,FALSE,NONE,LOW,SYNTHETIC_SCENARIO,FALSE,SRC027,CATEGORY_ANCHOR_NOT_ROW_EVIDENCE,SERVICE_INTAKE,KO,TRIGGER,TRAIN,GVS-0274,GALAXY_Z_FOLD에서 UNKNOWN/SAMSUNG_ACCOUNT 조건에 기기 이전 후 삼성 계정 로그인 반복 요구,관찰 사실과 원인 추정을 분리; 모델 기능 호환성 검사
GVS-0275,T28,보안과 계정,SECURITY,PHONE,Z_FLIP,GALAXY_Z_FLIP,UNSPECIFIED,UNSPECIFIED,UNSPECIFIED,UNSPECIFIED,DEFECT_REPORT,SECURITY.PRIVACY,NO_FUNCTION,Google 계정 동기화가 계속 실패,SETTINGS_CHANGE,GOOGLE_ACCOUNT,UNKNOWN,RARE,UNKNOWN,WORK_INTERRUPTED,S0,SETTINGS_RELATED,USER_SETTING,ACCOUNT|KNOX|AUTO_BLOCKER|AUTHENTICATION,USER_GUESS,설정 확인 또는 기본값 복원,UNSPECIFIED,CAUSE_CHECK_OR_REPAIR,FALSE,NONE,HIGH,SYNTHETIC_SCENARIO,FALSE,SRC027,CATEGORY_ANCHOR_NOT_ROW_EVIDENCE,SNS_POST,KO,ATTEMPTED_ACTION,TRAIN,GVS-0275,GALAXY_Z_FLIP에서 SETTINGS_CHANGE/GOOGLE_ACCOUNT 조건에 Google 계정 동기화가 계속 실패,관찰 사실과 원인 추정을 분리; 모델 기능 호환성 검사
GVS-0276,T28,보안과 계정,SECURITY,PHONE,A_SERIES,GALAXY_A,UNSPECIFIED,UNSPECIFIED,UNSPECIFIED,UNSPECIFIED,DEFECT_REPORT,ACCOUNT.LOGIN,DIFFICULT_TO_USE,회사 정책이 카메라와 캡처를 차단,OS_UPDATE,WORK_POLICY,AFTER_EVENT,INTERMITTENT,CONDITIONAL,REPEATED_RETRY,S1,SOFTWARE_POSSIBLE,SOFTWARE_UPDATE_OR_APP,ACCOUNT|KNOX|AUTO_BLOCKER|AUTHENTICATION,USER_GUESS,재부팅·업데이트·안전모드 중 일부 시도,UNSPECIFIED,CAUSE_CHECK_OR_REPAIR,FALSE,NONE,LOW,SYNTHETIC_SCENARIO,FALSE,SRC027,CATEGORY_ANCHOR_NOT_ROW_EVIDENCE,COMMUNITY_POST,KO,MODEL_AND_VERSION,TRAIN,GVS-0276,GALAXY_A에서 OS_UPDATE/WORK_POLICY 조건에 회사 정책이 카메라와 캡처를 차단,관찰 사실과 원인 추정을 분리; 모델 기능 호환성 검사
GVS-0277,T28,보안과 계정,SECURITY,PHONE,XCOVER,GALAXY_XCOVER,UNSPECIFIED,UNSPECIFIED,UNSPECIFIED,UNSPECIFIED,DEFECT_REPORT,SECURITY.PRIVACY,DELAY,원격 잠금 해제 옵션이 보이지 않음,DEVICE_MIGRATION,REMOTE_LOCK,IMMEDIATE,DAILY,REPRODUCIBLE,DATA_OR_SERVICE_UNAVAILABLE,S2,UNKNOWN,UNKNOWN,ACCOUNT|KNOX|AUTO_BLOCKER|AUTHENTICATION,USER_GUESS,조치 정보 없음,UNSPECIFIED,CAUSE_CHECK_OR_REPAIR,FALSE,NONE,MEDIUM,SYNTHETIC_SCENARIO,FALSE,SRC027,CATEGORY_ANCHOR_NOT_ROW_EVIDENCE,CHAT_SUPPORT,KO,TIME_PATTERN,TRAIN,GVS-0277,GALAXY_XCOVER에서 DEVICE_MIGRATION/REMOTE_LOCK 조건에 원격 잠금 해제 옵션이 보이지 않음,관찰 사실과 원인 추정을 분리; 모델 기능 호환성 검사
GVS-0278,T28,보안과 계정,SECURITY,TABLET,TAB_S,GALAXY_TAB_S,UNSPECIFIED,UNSPECIFIED,UNSPECIFIED,UNSPECIFIED,DEFECT_REPORT,ACCOUNT.LOGIN,FEATURE_MISSING,보안 폴더 백업이 새 기기로 이전되지 않음,UNKNOWN,SECURE_FOLDER,GRADUAL,FREQUENT,NOT_TESTED,TRAVEL_DISRUPTION,S3,NETWORK_PROVIDER_RELATED,NETWORK_OR_EXTERNAL_SERVICE,ACCOUNT|KNOX|AUTO_BLOCKER|AUTHENTICATION,USER_GUESS,다른 망·장소·기기로 교차 확인,UNSPECIFIED,CAUSE_CHECK_OR_REPAIR,FALSE,NONE,MEDIUM,SYNTHETIC_SCENARIO,FALSE,SRC027,CATEGORY_ANCHOR_NOT_ROW_EVIDENCE,SURVEY_FREE_TEXT,EN,NONE,TEST,GVS-0278,GALAXY_TAB_S에서 UNKNOWN/SECURE_FOLDER 조건에 보안 폴더 백업이 새 기기로 이전되지 않음,관찰 사실과 원인 추정을 분리; 모델 기능 호환성 검사
GVS-0279,T28,보안과 계정,SECURITY,PHONE,S_BASE_PLUS,GALAXY_S_BASE_PLUS,UNSPECIFIED,UNSPECIFIED,UNSPECIFIED,UNSPECIFIED,DEFECT_REPORT,SECURITY.PRIVACY,NO_FUNCTION,패스키 로그인에서 생체인식 후 원래 화면으로 돌아감,SETTINGS_CHANGE,PASSKEY,AFTER_AGING,ALWAYS,ALWAYS,FINANCIAL_OR_TIME_COST,S0,SETTINGS_RELATED,USER_SETTING,ACCOUNT|KNOX|AUTO_BLOCKER|AUTHENTICATION,USER_GUESS,설정 확인 또는 기본값 복원,UNSPECIFIED,CAUSE_CHECK_OR_REPAIR,FALSE,NONE,LOW,SYNTHETIC_SCENARIO,FALSE,SRC027,CATEGORY_ANCHOR_NOT_ROW_EVIDENCE,STORE_REVIEW,EN,CONTEXT,TRAIN,GVS-0279,GALAXY_S_BASE_PLUS에서 SETTINGS_CHANGE/PASSKEY 조건에 패스키 로그인에서 생체인식 후 원래 화면으로 돌아감,관찰 사실과 원인 추정을 분리; 모델 기능 호환성 검사
GVS-0280,T28,보안과 계정,SECURITY,PHONE,S_ULTRA,GALAXY_S_ULTRA,UNSPECIFIED,UNSPECIFIED,UNSPECIFIED,UNSPECIFIED,DEFECT_REPORT,ACCOUNT.LOGIN,DIFFICULT_TO_USE,국가 변경 뒤 계정 서비스와 스토어가 달라짐,OS_UPDATE,REGION_CHANGE,UNKNOWN,RARE,UNKNOWN,USER_CONFUSION,S1,SOFTWARE_POSSIBLE,SOFTWARE_UPDATE_OR_APP,ACCOUNT|KNOX|AUTO_BLOCKER|AUTHENTICATION,USER_GUESS,재부팅·업데이트·안전모드 중 일부 시도,UNSPECIFIED,CAUSE_CHECK_OR_REPAIR,FALSE,NONE,HIGH,SYNTHETIC_SCENARIO,FALSE,SRC027,CATEGORY_ANCHOR_NOT_ROW_EVIDENCE,EMAIL_COMPLAINT,KO_EN_MIXED,MULTIPLE_FIELDS,TRAIN,GVS-0280,GALAXY_S_ULTRA에서 OS_UPDATE/REGION_CHANGE 조건에 국가 변경 뒤 계정 서비스와 스토어가 달라짐,관찰 사실과 원인 추정을 분리; 모델 기능 호환성 검사
GVS-0281,T29,Watch 배터리와 GPS,WATCH,WATCH,WATCH_BT,GALAXY_WATCH_BT,UNSPECIFIED,UNSPECIFIED,UNSPECIFIED,UNSPECIFIED,DEFECT_REPORT,WATCH.BATTERY,EXCESS_CONSUMPTION,수면 측정 밤 한 번에 배터리가 크게 줄어듦,OS_UPDATE,SLEEP_TRACKING,AFTER_EVENT,INTERMITTENT,CONDITIONAL,BATTERY_ANXIETY,S1,SOFTWARE_POSSIBLE,SOFTWARE_UPDATE_OR_APP,WATCH_BATTERY|GNSS|WEAR_OS|LTE_MODEM,USER_GUESS,재부팅·업데이트·안전모드 중 일부 시도,UNSPECIFIED,CAUSE_CHECK_OR_REPAIR,FALSE,NONE,LOW,SYNTHETIC_SCENARIO,FALSE,SRC019,CATEGORY_ANCHOR_NOT_ROW_EVIDENCE,SAMSUNG_MEMBERS,KO,NONE,TRAIN,GVS-0281,GALAXY_WATCH_BT에서 OS_UPDATE/SLEEP_TRACKING 조건에 수면 측정 밤 한 번에 배터리가 크게 줄어듦,관찰 사실과 원인 추정을 분리; 모델 기능 호환성 검사
GVS-0282,T29,Watch 배터리와 GPS,WATCH,WATCH,WATCH_LTE,GALAXY_WATCH_LTE,UNSPECIFIED,UNSPECIFIED,UNSPECIFIED,UNSPECIFIED,DEFECT_REPORT,WATCH.GPS,INACCURATE,GPS 운동 경로가 실제 코너를 잘라 기록,NAVIGATION,GPS_WORKOUT,IMMEDIATE,DAILY,REPRODUCIBLE,PRIMARY_FUNCTION_DEGRADED,S2,ENVIRONMENT_RELATED,ENVIRONMENTAL_CONDITION,WATCH_BATTERY|GNSS|WEAR_OS|LTE_MODEM,USER_GUESS,환경 조건 제거 후 재시험,UNSPECIFIED,CAUSE_CHECK_OR_REPAIR,FALSE,NONE,MEDIUM,SYNTHETIC_SCENARIO,FALSE,SRC019,CATEGORY_ANCHOR_NOT_ROW_EVIDENCE,ECOMMERCE_REVIEW,KO,MODEL_VERSION,VALID,GVS-0282,GALAXY_WATCH_LTE에서 NAVIGATION/GPS_WORKOUT 조건에 GPS 운동 경로가 실제 코너를 잘라 기록,관찰 사실과 원인 추정을 분리; 모델 기능 호환성 검사
GVS-0283,T29,Watch 배터리와 GPS,WATCH,WATCH,WATCH_BT,GALAXY_WATCH_BT,UNSPECIFIED,UNSPECIFIED,UNSPECIFIED,UNSPECIFIED,DEFECT_REPORT,WATCH.BATTERY,DELAY,LTE 단독 사용 시 몇 시간 만에 방전,FIVE_G,LTE_STANDALONE,GRADUAL,FREQUENT,NOT_TESTED,TASK_DELAY,S3,NETWORK_PROVIDER_RELATED,NETWORK_OR_EXTERNAL_SERVICE,WATCH_BATTERY|GNSS|WEAR_OS|LTE_MODEM,USER_GUESS,다른 망·장소·기기로 교차 확인,UNSPECIFIED,CAUSE_CHECK_OR_REPAIR,FALSE,NONE,MEDIUM,SYNTHETIC_SCENARIO,FALSE,SRC019,CATEGORY_ANCHOR_NOT_ROW_EVIDENCE,CALL_CENTER_TRANSCRIPT,KO,FREQUENCY,TRAIN,GVS-0283,GALAXY_WATCH_BT에서 FIVE_G/LTE_STANDALONE 조건에 LTE 단독 사용 시 몇 시간 만에 방전,관찰 사실과 원인 추정을 분리; 모델 기능 호환성 검사
GVS-0284,T29,Watch 배터리와 GPS,WATCH,WATCH,WATCH_LTE,GALAXY_WATCH_LTE,UNSPECIFIED,UNSPECIFIED,UNSPECIFIED,UNSPECIFIED,DEFECT_REPORT,WATCH.GPS,OVERHEAT,AOD를 켜면 하루를 버티지 못함,INITIAL_SETUP,AOD,AFTER_AGING,ALWAYS,ALWAYS,MISSED_MOMENT,S1,PRODUCT_DEFECT_POSSIBLE,HARDWARE_OR_COMPONENT,WATCH_BATTERY|GNSS|WEAR_OS|LTE_MODEM,USER_GUESS,자가진단 또는 서비스센터 점검,UNSPECIFIED,CAUSE_CHECK_OR_REPAIR,FALSE,NONE,LOW,SYNTHETIC_SCENARIO,FALSE,SRC019,CATEGORY_ANCHOR_NOT_ROW_EVIDENCE,SERVICE_INTAKE,KO,TRIGGER,TRAIN,GVS-0284,GALAXY_WATCH_LTE에서 INITIAL_SETUP/AOD 조건에 AOD를 켜면 하루를 버티지 못함,관찰 사실과 원인 추정을 분리; 모델 기능 호환성 검사
GVS-0285,T29,Watch 배터리와 GPS,WATCH,WATCH,WATCH_BT,GALAXY_WATCH_BT,UNSPECIFIED,UNSPECIFIED,UNSPECIFIED,UNSPECIFIED,DEFECT_REPORT,WATCH.BATTERY,EXCESS_CONSUMPTION,새 워치 초기 설정 직후 소모가 빠름,UNKNOWN,NEW_WATCH,UNKNOWN,RARE,UNKNOWN,WORK_INTERRUPTED,S2,SOFTWARE_POSSIBLE,SOFTWARE_UPDATE_OR_APP,WATCH_BATTERY|GNSS|WEAR_OS|LTE_MODEM,USER_GUESS,재부팅·업데이트·안전모드 중 일부 시도,UNSPECIFIED,CAUSE_CHECK_OR_REPAIR,FALSE,NONE,HIGH,SYNTHETIC_SCENARIO,FALSE,SRC019,CATEGORY_ANCHOR_NOT_ROW_EVIDENCE,SNS_POST,KO,ATTEMPTED_ACTION,TEST,GVS-0285,GALAXY_WATCH_BT에서 UNKNOWN/NEW_WATCH 조건에 새 워치 초기 설정 직후 소모가 빠름,관찰 사실과 원인 추정을 분리; 모델 기능 호환성 검사
GVS-0286,T29,Watch 배터리와 GPS,WATCH,WATCH,WATCH_LTE,GALAXY_WATCH_LTE,UNSPECIFIED,UNSPECIFIED,UNSPECIFIED,UNSPECIFIED,DEFECT_REPORT,WATCH.GPS,INACCURATE,야외 달리기에서 위치가 자주 튐,OS_UPDATE,OUTDOOR_RUN,AFTER_EVENT,INTERMITTENT,CONDITIONAL,REPEATED_RETRY,S3,ENVIRONMENT_RELATED,ENVIRONMENTAL_CONDITION,WATCH_BATTERY|GNSS|WEAR_OS|LTE_MODEM,USER_GUESS,환경 조건 제거 후 재시험,UNSPECIFIED,CAUSE_CHECK_OR_REPAIR,FALSE,NONE,LOW,SYNTHETIC_SCENARIO,FALSE,SRC019,CATEGORY_ANCHOR_NOT_ROW_EVIDENCE,COMMUNITY_POST,KO,MODEL_AND_VERSION,TEST,GVS-0286,GALAXY_WATCH_LTE에서 OS_UPDATE/OUTDOOR_RUN 조건에 야외 달리기에서 위치가 자주 튐,관찰 사실과 원인 추정을 분리; 모델 기능 호환성 검사
GVS-0287,T29,Watch 배터리와 GPS,WATCH,WATCH,WATCH_BT,GALAXY_WATCH_BT,UNSPECIFIED,UNSPECIFIED,UNSPECIFIED,UNSPECIFIED,DEFECT_REPORT,WATCH.BATTERY,DELAY,실내에서 운동을 시작하면 GPS 고정이 늦음,NAVIGATION,INDOOR_START,IMMEDIATE,DAILY,REPRODUCIBLE,DATA_OR_SERVICE_UNAVAILABLE,S1,NETWORK_PROVIDER_RELATED,NETWORK_OR_EXTERNAL_SERVICE,WATCH_BATTERY|GNSS|WEAR_OS|LTE_MODEM,USER_GUESS,다른 망·장소·기기로 교차 확인,UNSPECIFIED,CAUSE_CHECK_OR_REPAIR,FALSE,NONE,MEDIUM,SYNTHETIC_SCENARIO,FALSE,SRC019,CATEGORY_ANCHOR_NOT_ROW_EVIDENCE,CHAT_SUPPORT,KO,TIME_PATTERN,TRAIN,GVS-0287,GALAXY_WATCH_BT에서 NAVIGATION/INDOOR_START 조건에 실내에서 운동을 시작하면 GPS 고정이 늦음,관찰 사실과 원인 추정을 분리; 모델 기능 호환성 검사
GVS-0288,T29,Watch 배터리와 GPS,WATCH,WATCH,WATCH_LTE,GALAXY_WATCH_LTE,UNSPECIFIED,UNSPECIFIED,UNSPECIFIED,UNSPECIFIED,DEFECT_REPORT,WATCH.GPS,OVERHEAT,LTE 음악 스트리밍 중 발열과 소모 증가,FIVE_G,MUSIC_STREAMING,GRADUAL,FREQUENT,NOT_TESTED,TRAVEL_DISRUPTION,S2,PRODUCT_DEFECT_POSSIBLE,HARDWARE_OR_COMPONENT,WATCH_BATTERY|GNSS|WEAR_OS|LTE_MODEM,USER_GUESS,자가진단 또는 서비스센터 점검,UNSPECIFIED,CAUSE_CHECK_OR_REPAIR,FALSE,NONE,MEDIUM,SYNTHETIC_SCENARIO,FALSE,SRC019,CATEGORY_ANCHOR_NOT_ROW_EVIDENCE,SURVEY_FREE_TEXT,EN,NONE,TRAIN,GVS-0288,GALAXY_WATCH_LTE에서 FIVE_G/MUSIC_STREAMING 조건에 LTE 음악 스트리밍 중 발열과 소모 증가,관찰 사실과 원인 추정을 분리; 모델 기능 호환성 검사
GVS-0289,T29,Watch 배터리와 GPS,WATCH,WATCH,WATCH_BT,GALAXY_WATCH_BT,UNSPECIFIED,UNSPECIFIED,UNSPECIFIED,UNSPECIFIED,DEFECT_REPORT,WATCH.BATTERY,EXCESS_CONSUMPTION,추운 날 배터리 잔량이 급락,INITIAL_SETUP,LOW_TEMP,AFTER_AGING,ALWAYS,ALWAYS,FINANCIAL_OR_TIME_COST,S3,SOFTWARE_POSSIBLE,SOFTWARE_UPDATE_OR_APP,WATCH_BATTERY|GNSS|WEAR_OS|LTE_MODEM,USER_GUESS,재부팅·업데이트·안전모드 중 일부 시도,UNSPECIFIED,CAUSE_CHECK_OR_REPAIR,FALSE,NONE,LOW,SYNTHETIC_SCENARIO,FALSE,SRC019,CATEGORY_ANCHOR_NOT_ROW_EVIDENCE,STORE_REVIEW,EN,CONTEXT,VALID,GVS-0289,GALAXY_WATCH_BT에서 INITIAL_SETUP/LOW_TEMP 조건에 추운 날 배터리 잔량이 급락,관찰 사실과 원인 추정을 분리; 모델 기능 호환성 검사
GVS-0290,T29,Watch 배터리와 GPS,WATCH,WATCH,WATCH_LTE,GALAXY_WATCH_LTE,UNSPECIFIED,UNSPECIFIED,UNSPECIFIED,UNSPECIFIED,DEFECT_REPORT,WATCH.GPS,INACCURATE,충전 중 워치가 뜨거워지고 충전이 중단,UNKNOWN,CHARGING,UNKNOWN,RARE,UNKNOWN,USER_CONFUSION,S1,ENVIRONMENT_RELATED,ENVIRONMENTAL_CONDITION,WATCH_BATTERY|GNSS|WEAR_OS|LTE_MODEM,USER_GUESS,환경 조건 제거 후 재시험,UNSPECIFIED,CAUSE_CHECK_OR_REPAIR,FALSE,NONE,HIGH,SYNTHETIC_SCENARIO,FALSE,SRC019,CATEGORY_ANCHOR_NOT_ROW_EVIDENCE,EMAIL_COMPLAINT,KO_EN_MIXED,MULTIPLE_FIELDS,TRAIN,GVS-0290,GALAXY_WATCH_LTE에서 UNKNOWN/CHARGING 조건에 충전 중 워치가 뜨거워지고 충전이 중단,관찰 사실과 원인 추정을 분리; 모델 기능 호환성 검사
GVS-0291,T30,Watch 건강 측정,WATCH,WATCH,WATCH_BT,GALAXY_WATCH_BT,UNSPECIFIED,UNSPECIFIED,UNSPECIFIED,UNSPECIFIED,DEFECT_REPORT,WATCH.HEART_RATE,INACCURATE,문신 부위에서 심박 센서가 측정을 자주 중단,SETTINGS_CHANGE,TATTOO,AFTER_EVENT,INTERMITTENT,CONDITIONAL,BATTERY_ANXIETY,S1,ENVIRONMENT_RELATED,ENVIRONMENTAL_CONDITION,OPTICAL_SENSOR|FIT_ALGORITHM|WEARABLE_APP,USER_GUESS,환경 조건 제거 후 재시험,UNSPECIFIED,CAUSE_CHECK_OR_REPAIR,FALSE,NONE,LOW,SYNTHETIC_SCENARIO,FALSE,SRC019,CATEGORY_ANCHOR_NOT_ROW_EVIDENCE,SAMSUNG_MEMBERS,KO,NONE,VALID,GVS-0291,GALAXY_WATCH_BT에서 SETTINGS_CHANGE/TATTOO 조건에 문신 부위에서 심박 센서가 측정을 자주 중단,관찰 사실과 원인 추정을 분리; 모델 기능 호환성 검사
GVS-0292,T30,Watch 건강 측정,WATCH,WATCH,WATCH_LTE,GALAXY_WATCH_LTE,UNSPECIFIED,UNSPECIFIED,UNSPECIFIED,UNSPECIFIED,DEFECT_REPORT,WATCH.SLEEP,MISSING_DATA,느슨하게 착용하면 심박이 실제보다 낮게 기록,APP_UPDATE,LOOSE_FIT,IMMEDIATE,DAILY,REPRODUCIBLE,PRIMARY_FUNCTION_DEGRADED,S2,SOFTWARE_POSSIBLE,SOFTWARE_UPDATE_OR_APP,OPTICAL_SENSOR|FIT_ALGORITHM|WEARABLE_APP,USER_GUESS,재부팅·업데이트·안전모드 중 일부 시도,UNSPECIFIED,CAUSE_CHECK_OR_REPAIR,FALSE,NONE,MEDIUM,SYNTHETIC_SCENARIO,FALSE,SRC019,CATEGORY_ANCHOR_NOT_ROW_EVIDENCE,ECOMMERCE_REVIEW,KO,MODEL_VERSION,VALID,GVS-0292,GALAXY_WATCH_LTE에서 APP_UPDATE/LOOSE_FIT 조건에 느슨하게 착용하면 심박이 실제보다 낮게 기록,관찰 사실과 원인 추정을 분리; 모델 기능 호환성 검사
GVS-0293,T30,Watch 건강 측정,WATCH,WATCH,WATCH_BT,GALAXY_WATCH_BT,UNSPECIFIED,UNSPECIFIED,UNSPECIFIED,UNSPECIFIED,DEFECT_REPORT,WATCH.HEART_RATE,NO_FUNCTION,인터벌 운동의 빠른 심박 변화가 늦게 반영,OS_UPDATE,INTERVAL_TRAINING,GRADUAL,FREQUENT,NOT_TESTED,TASK_DELAY,S1,PRODUCT_DEFECT_POSSIBLE,HARDWARE_OR_COMPONENT,OPTICAL_SENSOR|FIT_ALGORITHM|WEARABLE_APP,USER_GUESS,자가진단 또는 서비스센터 점검,UNSPECIFIED,CAUSE_CHECK_OR_REPAIR,FALSE,NONE,MEDIUM,SYNTHETIC_SCENARIO,FALSE,SRC019,CATEGORY_ANCHOR_NOT_ROW_EVIDENCE,CALL_CENTER_TRANSCRIPT,KO,FREQUENCY,TRAIN,GVS-0293,GALAXY_WATCH_BT에서 OS_UPDATE/INTERVAL_TRAINING 조건에 인터벌 운동의 빠른 심박 변화가 늦게 반영,관찰 사실과 원인 추정을 분리; 모델 기능 호환성 검사
GVS-0294,T30,Watch 건강 측정,WATCH,WATCH,WATCH_LTE,GALAXY_WATCH_LTE,UNSPECIFIED,UNSPECIFIED,UNSPECIFIED,UNSPECIFIED,DEFECT_REPORT,WATCH.SLEEP,DELAY,밤중 각성을 수면으로 계속 기록,UNKNOWN,SLEEP_WAKE,AFTER_AGING,ALWAYS,ALWAYS,MISSED_MOMENT,S2,ENVIRONMENT_RELATED,ENVIRONMENTAL_CONDITION,OPTICAL_SENSOR|FIT_ALGORITHM|WEARABLE_APP,USER_GUESS,환경 조건 제거 후 재시험,UNSPECIFIED,CAUSE_CHECK_OR_REPAIR,FALSE,NONE,LOW,SYNTHETIC_SCENARIO,FALSE,SRC019,CATEGORY_ANCHOR_NOT_ROW_EVIDENCE,SERVICE_INTAKE,KO,TRIGGER,TRAIN,GVS-0294,GALAXY_WATCH_LTE에서 UNKNOWN/SLEEP_WAKE 조건에 밤중 각성을 수면으로 계속 기록,관찰 사실과 원인 추정을 분리; 모델 기능 호환성 검사
GVS-0295,T30,Watch 건강 측정,WATCH,WATCH,WATCH_BT,GALAXY_WATCH_BT,UNSPECIFIED,UNSPECIFIED,UNSPECIFIED,UNSPECIFIED,DEFECT_REPORT,WATCH.HEART_RATE,INACCURATE,낮잠이 수면 기록에 포함되지 않음,SETTINGS_CHANGE,NAP,UNKNOWN,RARE,UNKNOWN,WORK_INTERRUPTED,S1,SOFTWARE_POSSIBLE,SOFTWARE_UPDATE_OR_APP,OPTICAL_SENSOR|FIT_ALGORITHM|WEARABLE_APP,USER_GUESS,재부팅·업데이트·안전모드 중 일부 시도,UNSPECIFIED,CAUSE_CHECK_OR_REPAIR,FALSE,NONE,HIGH,SYNTHETIC_SCENARIO,FALSE,SRC019,CATEGORY_ANCHOR_NOT_ROW_EVIDENCE,SNS_POST,KO,ATTEMPTED_ACTION,TEST,GVS-0295,GALAXY_WATCH_BT에서 SETTINGS_CHANGE/NAP 조건에 낮잠이 수면 기록에 포함되지 않음,관찰 사실과 원인 추정을 분리; 모델 기능 호환성 검사
GVS-0296,T30,Watch 건강 측정,WATCH,WATCH,WATCH_LTE,GALAXY_WATCH_LTE,UNSPECIFIED,UNSPECIFIED,UNSPECIFIED,UNSPECIFIED,DEFECT_REPORT,WATCH.SLEEP,MISSING_DATA,피부 조건에 따른 측정 편차를 우려,APP_UPDATE,DARK_SKIN_CONCERN,AFTER_EVENT,INTERMITTENT,CONDITIONAL,REPEATED_RETRY,S2,PRODUCT_DEFECT_POSSIBLE,HARDWARE_OR_COMPONENT,OPTICAL_SENSOR|FIT_ALGORITHM|WEARABLE_APP,USER_GUESS,자가진단 또는 서비스센터 점검,UNSPECIFIED,CAUSE_CHECK_OR_REPAIR,FALSE,NONE,LOW,SYNTHETIC_SCENARIO,FALSE,SRC019,CATEGORY_ANCHOR_NOT_ROW_EVIDENCE,COMMUNITY_POST,KO,MODEL_AND_VERSION,TRAIN,GVS-0296,GALAXY_WATCH_LTE에서 APP_UPDATE/DARK_SKIN_CONCERN 조건에 피부 조건에 따른 측정 편차를 우려,관찰 사실과 원인 추정을 분리; 모델 기능 호환성 검사
GVS-0297,T30,Watch 건강 측정,WATCH,WATCH,WATCH_BT,GALAXY_WATCH_BT,UNSPECIFIED,UNSPECIFIED,UNSPECIFIED,UNSPECIFIED,DEFECT_REPORT,WATCH.HEART_RATE,NO_FUNCTION,땀이 많은 운동에서 센서 값이 튐,OS_UPDATE,SWEAT,IMMEDIATE,DAILY,REPRODUCIBLE,DATA_OR_SERVICE_UNAVAILABLE,S1,ENVIRONMENT_RELATED,ENVIRONMENTAL_CONDITION,OPTICAL_SENSOR|FIT_ALGORITHM|WEARABLE_APP,USER_GUESS,환경 조건 제거 후 재시험,UNSPECIFIED,CAUSE_CHECK_OR_REPAIR,FALSE,NONE,MEDIUM,SYNTHETIC_SCENARIO,FALSE,SRC019,CATEGORY_ANCHOR_NOT_ROW_EVIDENCE,CHAT_SUPPORT,KO,TIME_PATTERN,TRAIN,GVS-0297,GALAXY_WATCH_BT에서 OS_UPDATE/SWEAT 조건에 땀이 많은 운동에서 센서 값이 튐,관찰 사실과 원인 추정을 분리; 모델 기능 호환성 검사
GVS-0298,T30,Watch 건강 측정,WATCH,WATCH,WATCH_LTE,GALAXY_WATCH_LTE,UNSPECIFIED,UNSPECIFIED,UNSPECIFIED,UNSPECIFIED,DEFECT_REPORT,WATCH.SLEEP,DELAY,추운 날 손목에서 심박 측정이 지연,UNKNOWN,COLD_SKIN,GRADUAL,FREQUENT,NOT_TESTED,TRAVEL_DISRUPTION,S2,SOFTWARE_POSSIBLE,SOFTWARE_UPDATE_OR_APP,OPTICAL_SENSOR|FIT_ALGORITHM|WEARABLE_APP,USER_GUESS,재부팅·업데이트·안전모드 중 일부 시도,UNSPECIFIED,CAUSE_CHECK_OR_REPAIR,FALSE,NONE,MEDIUM,SYNTHETIC_SCENARIO,FALSE,SRC019,CATEGORY_ANCHOR_NOT_ROW_EVIDENCE,SURVEY_FREE_TEXT,EN,NONE,TRAIN,GVS-0298,GALAXY_WATCH_LTE에서 UNKNOWN/COLD_SKIN 조건에 추운 날 손목에서 심박 측정이 지연,관찰 사실과 원인 추정을 분리; 모델 기능 호환성 검사
GVS-0299,T30,Watch 건강 측정,WATCH,WATCH,WATCH_BT,GALAXY_WATCH_BT,UNSPECIFIED,UNSPECIFIED,UNSPECIFIED,UNSPECIFIED,DEFECT_REPORT,WATCH.HEART_RATE,INACCURATE,수동 측정 버튼을 눌러도 결과가 나오지 않음,SETTINGS_CHANGE,MANUAL_MEASURE,AFTER_AGING,ALWAYS,ALWAYS,FINANCIAL_OR_TIME_COST,S1,PRODUCT_DEFECT_POSSIBLE,HARDWARE_OR_COMPONENT,OPTICAL_SENSOR|FIT_ALGORITHM|WEARABLE_APP,USER_GUESS,자가진단 또는 서비스센터 점검,UNSPECIFIED,CAUSE_CHECK_OR_REPAIR,FALSE,NONE,LOW,SYNTHETIC_SCENARIO,FALSE,SRC019,CATEGORY_ANCHOR_NOT_ROW_EVIDENCE,STORE_REVIEW,EN,CONTEXT,TRAIN,GVS-0299,GALAXY_WATCH_BT에서 SETTINGS_CHANGE/MANUAL_MEASURE 조건에 수동 측정 버튼을 눌러도 결과가 나오지 않음,관찰 사실과 원인 추정을 분리; 모델 기능 호환성 검사
GVS-0300,T30,Watch 건강 측정,WATCH,WATCH,WATCH_LTE,GALAXY_WATCH_LTE,UNSPECIFIED,UNSPECIFIED,UNSPECIFIED,UNSPECIFIED,DEFECT_REPORT,WATCH.SLEEP,MISSING_DATA,워치 기록이 Samsung Health에 동기화되지 않음,APP_UPDATE,PHONE_SYNC,UNKNOWN,RARE,UNKNOWN,USER_CONFUSION,S2,ENVIRONMENT_RELATED,ENVIRONMENTAL_CONDITION,OPTICAL_SENSOR|FIT_ALGORITHM|WEARABLE_APP,USER_GUESS,환경 조건 제거 후 재시험,UNSPECIFIED,CAUSE_CHECK_OR_REPAIR,FALSE,NONE,HIGH,SYNTHETIC_SCENARIO,FALSE,SRC019,CATEGORY_ANCHOR_NOT_ROW_EVIDENCE,EMAIL_COMPLAINT,KO_EN_MIXED,MULTIPLE_FIELDS,TRAIN,GVS-0300,GALAXY_WATCH_LTE에서 APP_UPDATE/PHONE_SYNC 조건에 워치 기록이 Samsung Health에 동기화되지 않음,관찰 사실과 원인 추정을 분리; 모델 기능 호환성 검사
GVS-0301,T31,Watch 알림과 LTE,WATCH,WATCH,WATCH_BT,GALAXY_WATCH_BT,UNSPECIFIED,UNSPECIFIED,UNSPECIFIED,UNSPECIFIED,DEFECT_REPORT,WATCH.NOTIFICATION,NOTIFICATION_MISSING,폰 화면이 켜져 있으면 워치 알림이 오지 않아 혼란,SETTINGS_CHANGE,PHONE_SCREEN_ON,AFTER_EVENT,INTERMITTENT,CONDITIONAL,BATTERY_ANXIETY,S0,SETTINGS_RELATED,USER_SETTING,WEARABLE_APP|BLUETOOTH|ESIM|CARRIER,USER_GUESS,설정 확인 또는 기본값 복원,UNSPECIFIED,CAUSE_CHECK_OR_REPAIR,FALSE,NONE,LOW,SYNTHETIC_SCENARIO,FALSE,SRC019,CATEGORY_ANCHOR_NOT_ROW_EVIDENCE,SAMSUNG_MEMBERS,KO,NONE,TRAIN,GVS-0301,GALAXY_WATCH_BT에서 SETTINGS_CHANGE/PHONE_SCREEN_ON 조건에 폰 화면이 켜져 있으면 워치 알림이 오지 않아 혼란,관찰 사실과 원인 추정을 분리; 모델 기능 호환성 검사
GVS-0302,T31,Watch 알림과 LTE,WATCH,WATCH,WATCH_LTE,GALAXY_WATCH_LTE,UNSPECIFIED,UNSPECIFIED,UNSPECIFIED,UNSPECIFIED,DEFECT_REPORT,WATCH.LTE,NO_FUNCTION,방해금지 동기화가 한쪽에서만 적용,OS_UPDATE,DND_SYNC,IMMEDIATE,DAILY,REPRODUCIBLE,PRIMARY_FUNCTION_DEGRADED,S1,NETWORK_PROVIDER_RELATED,NETWORK_OR_EXTERNAL_SERVICE,WEARABLE_APP|BLUETOOTH|ESIM|CARRIER,USER_GUESS,다른 망·장소·기기로 교차 확인,UNSPECIFIED,CAUSE_CHECK_OR_REPAIR,FALSE,NONE,MEDIUM,SYNTHETIC_SCENARIO,FALSE,SRC019,CATEGORY_ANCHOR_NOT_ROW_EVIDENCE,ECOMMERCE_REVIEW,KO,MODEL_VERSION,TRAIN,GVS-0302,GALAXY_WATCH_LTE에서 OS_UPDATE/DND_SYNC 조건에 방해금지 동기화가 한쪽에서만 적용,관찰 사실과 원인 추정을 분리; 모델 기능 호환성 검사
GVS-0303,T31,Watch 알림과 LTE,WATCH,WATCH,WATCH_BT,GALAXY_WATCH_BT,UNSPECIFIED,UNSPECIFIED,UNSPECIFIED,UNSPECIFIED,DEFECT_REPORT,WATCH.NOTIFICATION,DISCONNECT,특정 메신저 알림만 워치에서 누락,FIVE_G,APP_FILTER,GRADUAL,FREQUENT,NOT_TESTED,TASK_DELAY,S2,SOFTWARE_POSSIBLE,SOFTWARE_UPDATE_OR_APP,WEARABLE_APP|BLUETOOTH|ESIM|CARRIER,USER_GUESS,재부팅·업데이트·안전모드 중 일부 시도,UNSPECIFIED,CAUSE_CHECK_OR_REPAIR,FALSE,NONE,MEDIUM,SYNTHETIC_SCENARIO,FALSE,SRC019,CATEGORY_ANCHOR_NOT_ROW_EVIDENCE,CALL_CENTER_TRANSCRIPT,KO,FREQUENCY,TRAIN,GVS-0303,GALAXY_WATCH_BT에서 FIVE_G/APP_FILTER 조건에 특정 메신저 알림만 워치에서 누락,관찰 사실과 원인 추정을 분리; 모델 기능 호환성 검사
GVS-0304,T31,Watch 알림과 LTE,WATCH,WATCH,WATCH_LTE,GALAXY_WATCH_LTE,UNSPECIFIED,UNSPECIFIED,UNSPECIFIED,UNSPECIFIED,DEFECT_REPORT,WATCH.LTE,DELAY,원격 연결 상태에서 알림이 늦게 도착,UNKNOWN,REMOTE_CONNECTION,AFTER_AGING,ALWAYS,ALWAYS,MISSED_MOMENT,S3,SETTINGS_RELATED,USER_SETTING,WEARABLE_APP|BLUETOOTH|ESIM|CARRIER,USER_GUESS,설정 확인 또는 기본값 복원,UNSPECIFIED,CAUSE_CHECK_OR_REPAIR,FALSE,NONE,LOW,SYNTHETIC_SCENARIO,FALSE,SRC019,CATEGORY_ANCHOR_NOT_ROW_EVIDENCE,SERVICE_INTAKE,KO,TRIGGER,TRAIN,GVS-0304,GALAXY_WATCH_LTE에서 UNKNOWN/REMOTE_CONNECTION 조건에 원격 연결 상태에서 알림이 늦게 도착,관찰 사실과 원인 추정을 분리; 모델 기능 호환성 검사
GVS-0305,T31,Watch 알림과 LTE,WATCH,WATCH,WATCH_BT,GALAXY_WATCH_BT,UNSPECIFIED,UNSPECIFIED,UNSPECIFIED,UNSPECIFIED,DEFECT_REPORT,WATCH.NOTIFICATION,NOTIFICATION_MISSING,Watch LTE eSIM 활성화가 완료되지 않음,SETTINGS_CHANGE,ESIM_ACTIVATION,UNKNOWN,RARE,UNKNOWN,WORK_INTERRUPTED,S0,NETWORK_PROVIDER_RELATED,NETWORK_OR_EXTERNAL_SERVICE,WEARABLE_APP|BLUETOOTH|ESIM|CARRIER,USER_GUESS,다른 망·장소·기기로 교차 확인,UNSPECIFIED,CAUSE_CHECK_OR_REPAIR,FALSE,NONE,HIGH,SYNTHETIC_SCENARIO,FALSE,SRC019,CATEGORY_ANCHOR_NOT_ROW_EVIDENCE,SNS_POST,KO,ATTEMPTED_ACTION,VALID,GVS-0305,GALAXY_WATCH_BT에서 SETTINGS_CHANGE/ESIM_ACTIVATION 조건에 Watch LTE eSIM 활성화가 완료되지 않음,관찰 사실과 원인 추정을 분리; 모델 기능 호환성 검사
GVS-0306,T31,Watch 알림과 LTE,WATCH,WATCH,WATCH_LTE,GALAXY_WATCH_LTE,UNSPECIFIED,UNSPECIFIED,UNSPECIFIED,UNSPECIFIED,DEFECT_REPORT,WATCH.LTE,NO_FUNCTION,폰 없이 통화할 때 발신이 실패,OS_UPDATE,STANDALONE_CALL,AFTER_EVENT,INTERMITTENT,CONDITIONAL,REPEATED_RETRY,S1,SOFTWARE_POSSIBLE,SOFTWARE_UPDATE_OR_APP,WEARABLE_APP|BLUETOOTH|ESIM|CARRIER,USER_GUESS,재부팅·업데이트·안전모드 중 일부 시도,UNSPECIFIED,CAUSE_CHECK_OR_REPAIR,FALSE,NONE,LOW,SYNTHETIC_SCENARIO,FALSE,SRC019,CATEGORY_ANCHOR_NOT_ROW_EVIDENCE,COMMUNITY_POST,KO,MODEL_AND_VERSION,TRAIN,GVS-0306,GALAXY_WATCH_LTE에서 OS_UPDATE/STANDALONE_CALL 조건에 폰 없이 통화할 때 발신이 실패,관찰 사실과 원인 추정을 분리; 모델 기능 호환성 검사
GVS-0307,T31,Watch 알림과 LTE,WATCH,WATCH,WATCH_BT,GALAXY_WATCH_BT,UNSPECIFIED,UNSPECIFIED,UNSPECIFIED,UNSPECIFIED,DEFECT_REPORT,WATCH.NOTIFICATION,DISCONNECT,해외에서 워치 단독 로밍이 되지 않음,FIVE_G,ROAMING,IMMEDIATE,DAILY,REPRODUCIBLE,DATA_OR_SERVICE_UNAVAILABLE,S2,SETTINGS_RELATED,USER_SETTING,WEARABLE_APP|BLUETOOTH|ESIM|CARRIER,USER_GUESS,설정 확인 또는 기본값 복원,UNSPECIFIED,CAUSE_CHECK_OR_REPAIR,FALSE,NONE,MEDIUM,SYNTHETIC_SCENARIO,FALSE,SRC019,CATEGORY_ANCHOR_NOT_ROW_EVIDENCE,CHAT_SUPPORT,KO,TIME_PATTERN,TRAIN,GVS-0307,GALAXY_WATCH_BT에서 FIVE_G/ROAMING 조건에 해외에서 워치 단독 로밍이 되지 않음,관찰 사실과 원인 추정을 분리; 모델 기능 호환성 검사
GVS-0308,T31,Watch 알림과 LTE,WATCH,WATCH,WATCH_LTE,GALAXY_WATCH_LTE,UNSPECIFIED,UNSPECIFIED,UNSPECIFIED,UNSPECIFIED,DEFECT_REPORT,WATCH.LTE,DELAY,Bluetooth 범위를 벗어난 뒤 재연결이 늦음,UNKNOWN,BLUETOOTH_RANGE,GRADUAL,FREQUENT,NOT_TESTED,TRAVEL_DISRUPTION,S3,NETWORK_PROVIDER_RELATED,NETWORK_OR_EXTERNAL_SERVICE,WEARABLE_APP|BLUETOOTH|ESIM|CARRIER,USER_GUESS,다른 망·장소·기기로 교차 확인,UNSPECIFIED,CAUSE_CHECK_OR_REPAIR,FALSE,NONE,MEDIUM,SYNTHETIC_SCENARIO,FALSE,SRC019,CATEGORY_ANCHOR_NOT_ROW_EVIDENCE,SURVEY_FREE_TEXT,EN,NONE,TRAIN,GVS-0308,GALAXY_WATCH_LTE에서 UNKNOWN/BLUETOOTH_RANGE 조건에 Bluetooth 범위를 벗어난 뒤 재연결이 늦음,관찰 사실과 원인 추정을 분리; 모델 기능 호환성 검사
GVS-0309,T31,Watch 알림과 LTE,WATCH,WATCH,WATCH_BT,GALAXY_WATCH_BT,UNSPECIFIED,UNSPECIFIED,UNSPECIFIED,UNSPECIFIED,DEFECT_REPORT,WATCH.NOTIFICATION,NOTIFICATION_MISSING,워치에서 보낸 답장이 폰 대화에 반영되지 않음,SETTINGS_CHANGE,MESSAGE_REPLY,AFTER_AGING,ALWAYS,ALWAYS,FINANCIAL_OR_TIME_COST,S0,SOFTWARE_POSSIBLE,SOFTWARE_UPDATE_OR_APP,WEARABLE_APP|BLUETOOTH|ESIM|CARRIER,USER_GUESS,재부팅·업데이트·안전모드 중 일부 시도,UNSPECIFIED,CAUSE_CHECK_OR_REPAIR,FALSE,NONE,LOW,SYNTHETIC_SCENARIO,FALSE,SRC019,CATEGORY_ANCHOR_NOT_ROW_EVIDENCE,STORE_REVIEW,EN,CONTEXT,TRAIN,GVS-0309,GALAXY_WATCH_BT에서 SETTINGS_CHANGE/MESSAGE_REPLY 조건에 워치에서 보낸 답장이 폰 대화에 반영되지 않음,관찰 사실과 원인 추정을 분리; 모델 기능 호환성 검사
GVS-0310,T31,Watch 알림과 LTE,WATCH,WATCH,WATCH_LTE,GALAXY_WATCH_LTE,UNSPECIFIED,UNSPECIFIED,UNSPECIFIED,UNSPECIFIED,DEFECT_REPORT,WATCH.LTE,NO_FUNCTION,단독 긴급통화 시 위치 전송 여부를 문의,OS_UPDATE,EMERGENCY_CALL,UNKNOWN,RARE,UNKNOWN,USER_CONFUSION,S1,SETTINGS_RELATED,USER_SETTING,WEARABLE_APP|BLUETOOTH|ESIM|CARRIER,USER_GUESS,설정 확인 또는 기본값 복원,UNSPECIFIED,CAUSE_CHECK_OR_REPAIR,FALSE,NONE,HIGH,SYNTHETIC_SCENARIO,FALSE,SRC019,CATEGORY_ANCHOR_NOT_ROW_EVIDENCE,EMAIL_COMPLAINT,KO_EN_MIXED,MULTIPLE_FIELDS,TRAIN,GVS-0310,GALAXY_WATCH_LTE에서 OS_UPDATE/EMERGENCY_CALL 조건에 단독 긴급통화 시 위치 전송 여부를 문의,관찰 사실과 원인 추정을 분리; 모델 기능 호환성 검사
GVS-0311,T32,Buds 음량과 ANC,BUDS,EARBUD,BUDS_BASE,GALAXY_BUDS,UNSPECIFIED,UNSPECIFIED,UNSPECIFIED,UNSPECIFIED,DEFECT_REPORT,BUDS.AUDIO,LOW_VOLUME,한쪽 이어버드만 음량이 매우 작음,DUST,ONE_SIDE,AFTER_EVENT,INTERMITTENT,CONDITIONAL,BATTERY_ANXIETY,S1,ACCESSORY_RELATED,ACCESSORY,SPEAKER_MESH|ANC_MIC|FIT|AUDIO_SETTING,USER_GUESS,다른 액세서리로 교차 확인,UNSPECIFIED,CAUSE_CHECK_OR_REPAIR,FALSE,NONE,LOW,SYNTHETIC_SCENARIO,FALSE,SRC020,CATEGORY_ANCHOR_NOT_ROW_EVIDENCE,SAMSUNG_MEMBERS,KO,NONE,TRAIN,GVS-0311,GALAXY_BUDS에서 DUST/ONE_SIDE 조건에 한쪽 이어버드만 음량이 매우 작음,관찰 사실과 원인 추정을 분리; 모델 기능 호환성 검사
GVS-0312,T32,Buds 음량과 ANC,BUDS,EARBUD,BUDS_PRO,GALAXY_BUDS_PRO,UNSPECIFIED,UNSPECIFIED,UNSPECIFIED,UNSPECIFIED,DEFECT_REPORT,BUDS.ANC,AUDIO_ARTIFACT,스피커 망 이물 제거 후 잠시 음량이 회복,APP_UPDATE,EARWAX,IMMEDIATE,DAILY,REPRODUCIBLE,PRIMARY_FUNCTION_DEGRADED,S2,SETTINGS_RELATED,USER_SETTING,SPEAKER_MESH|ANC_MIC|FIT|AUDIO_SETTING,USER_GUESS,설정 확인 또는 기본값 복원,UNSPECIFIED,CAUSE_CHECK_OR_REPAIR,FALSE,NONE,MEDIUM,SYNTHETIC_SCENARIO,FALSE,SRC020,CATEGORY_ANCHOR_NOT_ROW_EVIDENCE,ECOMMERCE_REVIEW,KO,MODEL_VERSION,TRAIN,GVS-0312,GALAXY_BUDS_PRO에서 APP_UPDATE/EARWAX 조건에 스피커 망 이물 제거 후 잠시 음량이 회복,관찰 사실과 원인 추정을 분리; 모델 기능 호환성 검사
GVS-0313,T32,Buds 음량과 ANC,BUDS,EARBUD,BUDS_FE,GALAXY_BUDS_FE,UNSPECIFIED,UNSPECIFIED,UNSPECIFIED,UNSPECIFIED,DEFECT_REPORT,BUDS.AUDIO,DEGRADED,ANC에서 한쪽에만 화이트노이즈,UNKNOWN,ANC,GRADUAL,FREQUENT,NOT_TESTED,TASK_DELAY,S1,PRODUCT_DEFECT_POSSIBLE,HARDWARE_OR_COMPONENT,SPEAKER_MESH|ANC_MIC|FIT|AUDIO_SETTING,USER_GUESS,자가진단 또는 서비스센터 점검,UNSPECIFIED,CAUSE_CHECK_OR_REPAIR,FALSE,NONE,MEDIUM,SYNTHETIC_SCENARIO,FALSE,SRC020,CATEGORY_ANCHOR_NOT_ROW_EVIDENCE,CALL_CENTER_TRANSCRIPT,KO,FREQUENCY,TRAIN,GVS-0313,GALAXY_BUDS_FE에서 UNKNOWN/ANC 조건에 ANC에서 한쪽에만 화이트노이즈,관찰 사실과 원인 추정을 분리; 모델 기능 호환성 검사
GVS-0314,T32,Buds 음량과 ANC,BUDS,EARBUD,BUDS_BASE,GALAXY_BUDS,UNSPECIFIED,UNSPECIFIED,UNSPECIFIED,UNSPECIFIED,DEFECT_REPORT,BUDS.ANC,INACCURATE,주변소리 모드가 기계음처럼 들림,SETTINGS_CHANGE,AMBIENT,AFTER_AGING,ALWAYS,ALWAYS,MISSED_MOMENT,S2,SOFTWARE_POSSIBLE,SOFTWARE_UPDATE_OR_APP,SPEAKER_MESH|ANC_MIC|FIT|AUDIO_SETTING,USER_GUESS,재부팅·업데이트·안전모드 중 일부 시도,UNSPECIFIED,CAUSE_CHECK_OR_REPAIR,FALSE,NONE,LOW,SYNTHETIC_SCENARIO,FALSE,SRC020,CATEGORY_ANCHOR_NOT_ROW_EVIDENCE,SERVICE_INTAKE,KO,TRIGGER,TRAIN,GVS-0314,GALAXY_BUDS에서 SETTINGS_CHANGE/AMBIENT 조건에 주변소리 모드가 기계음처럼 들림,관찰 사실과 원인 추정을 분리; 모델 기능 호환성 검사
GVS-0315,T32,Buds 음량과 ANC,BUDS,EARBUD,BUDS_PRO,GALAXY_BUDS_PRO,UNSPECIFIED,UNSPECIFIED,UNSPECIFIED,UNSPECIFIED,DEFECT_REPORT,BUDS.AUDIO,LOW_VOLUME,바람이 불면 ANC 마이크에서 큰 소음,DUST,WIND,UNKNOWN,RARE,UNKNOWN,WORK_INTERRUPTED,S1,ACCESSORY_RELATED,ACCESSORY,SPEAKER_MESH|ANC_MIC|FIT|AUDIO_SETTING,USER_GUESS,다른 액세서리로 교차 확인,UNSPECIFIED,CAUSE_CHECK_OR_REPAIR,FALSE,NONE,HIGH,SYNTHETIC_SCENARIO,FALSE,SRC020,CATEGORY_ANCHOR_NOT_ROW_EVIDENCE,SNS_POST,KO,ATTEMPTED_ACTION,TRAIN,GVS-0315,GALAXY_BUDS_PRO에서 DUST/WIND 조건에 바람이 불면 ANC 마이크에서 큰 소음,관찰 사실과 원인 추정을 분리; 모델 기능 호환성 검사
GVS-0316,T32,Buds 음량과 ANC,BUDS,EARBUD,BUDS_FE,GALAXY_BUDS_FE,UNSPECIFIED,UNSPECIFIED,UNSPECIFIED,UNSPECIFIED,DEFECT_REPORT,BUDS.ANC,AUDIO_ARTIFACT,착용 테스트 결과가 귀팁마다 일관되지 않음,APP_UPDATE,FIT_TEST,AFTER_EVENT,INTERMITTENT,CONDITIONAL,REPEATED_RETRY,S2,SETTINGS_RELATED,USER_SETTING,SPEAKER_MESH|ANC_MIC|FIT|AUDIO_SETTING,USER_GUESS,설정 확인 또는 기본값 복원,UNSPECIFIED,CAUSE_CHECK_OR_REPAIR,FALSE,NONE,LOW,SYNTHETIC_SCENARIO,FALSE,SRC020,CATEGORY_ANCHOR_NOT_ROW_EVIDENCE,COMMUNITY_POST,KO,MODEL_AND_VERSION,TRAIN,GVS-0316,GALAXY_BUDS_FE에서 APP_UPDATE/FIT_TEST 조건에 착용 테스트 결과가 귀팁마다 일관되지 않음,관찰 사실과 원인 추정을 분리; 모델 기능 호환성 검사
GVS-0317,T32,Buds 음량과 ANC,BUDS,EARBUD,BUDS_BASE,GALAXY_BUDS,UNSPECIFIED,UNSPECIFIED,UNSPECIFIED,UNSPECIFIED,DEFECT_REPORT,BUDS.AUDIO,DEGRADED,좌우 밸런스 설정이 한쪽으로 치우쳐 있었음,UNKNOWN,BALANCE_SETTING,IMMEDIATE,DAILY,REPRODUCIBLE,DATA_OR_SERVICE_UNAVAILABLE,S1,PRODUCT_DEFECT_POSSIBLE,HARDWARE_OR_COMPONENT,SPEAKER_MESH|ANC_MIC|FIT|AUDIO_SETTING,USER_GUESS,자가진단 또는 서비스센터 점검,UNSPECIFIED,CAUSE_CHECK_OR_REPAIR,FALSE,NONE,MEDIUM,SYNTHETIC_SCENARIO,FALSE,SRC020,CATEGORY_ANCHOR_NOT_ROW_EVIDENCE,CHAT_SUPPORT,KO,TIME_PATTERN,TRAIN,GVS-0317,GALAXY_BUDS에서 UNKNOWN/BALANCE_SETTING 조건에 좌우 밸런스 설정이 한쪽으로 치우쳐 있었음,관찰 사실과 원인 추정을 분리; 모델 기능 호환성 검사
GVS-0318,T32,Buds 음량과 ANC,BUDS,EARBUD,BUDS_PRO,GALAXY_BUDS_PRO,UNSPECIFIED,UNSPECIFIED,UNSPECIFIED,UNSPECIFIED,DEFECT_REPORT,BUDS.ANC,INACCURATE,큰 소리에서 저음이 찢어짐,SETTINGS_CHANGE,HIGH_VOLUME,GRADUAL,FREQUENT,NOT_TESTED,TRAVEL_DISRUPTION,S2,SOFTWARE_POSSIBLE,SOFTWARE_UPDATE_OR_APP,SPEAKER_MESH|ANC_MIC|FIT|AUDIO_SETTING,USER_GUESS,재부팅·업데이트·안전모드 중 일부 시도,UNSPECIFIED,CAUSE_CHECK_OR_REPAIR,FALSE,NONE,MEDIUM,SYNTHETIC_SCENARIO,FALSE,SRC020,CATEGORY_ANCHOR_NOT_ROW_EVIDENCE,SURVEY_FREE_TEXT,EN,NONE,TRAIN,GVS-0318,GALAXY_BUDS_PRO에서 SETTINGS_CHANGE/HIGH_VOLUME 조건에 큰 소리에서 저음이 찢어짐,관찰 사실과 원인 추정을 분리; 모델 기능 호환성 검사
GVS-0319,T32,Buds 음량과 ANC,BUDS,EARBUD,BUDS_FE,GALAXY_BUDS_FE,UNSPECIFIED,UNSPECIFIED,UNSPECIFIED,UNSPECIFIED,DEFECT_REPORT,BUDS.AUDIO,LOW_VOLUME,코덱 변경 후 음질이 탁해짐,DUST,CODEC,AFTER_AGING,ALWAYS,ALWAYS,FINANCIAL_OR_TIME_COST,S1,ACCESSORY_RELATED,ACCESSORY,SPEAKER_MESH|ANC_MIC|FIT|AUDIO_SETTING,USER_GUESS,다른 액세서리로 교차 확인,UNSPECIFIED,CAUSE_CHECK_OR_REPAIR,FALSE,NONE,LOW,SYNTHETIC_SCENARIO,FALSE,SRC020,CATEGORY_ANCHOR_NOT_ROW_EVIDENCE,STORE_REVIEW,EN,CONTEXT,VALID,GVS-0319,GALAXY_BUDS_FE에서 DUST/CODEC 조건에 코덱 변경 후 음질이 탁해짐,관찰 사실과 원인 추정을 분리; 모델 기능 호환성 검사
GVS-0320,T32,Buds 음량과 ANC,BUDS,EARBUD,BUDS_BASE,GALAXY_BUDS,UNSPECIFIED,UNSPECIFIED,UNSPECIFIED,UNSPECIFIED,DEFECT_REPORT,BUDS.ANC,AUDIO_ARTIFACT,청소 후 삐 소리와 피드백이 발생,APP_UPDATE,AFTER_CLEANING,UNKNOWN,RARE,UNKNOWN,USER_CONFUSION,S2,SETTINGS_RELATED,USER_SETTING,SPEAKER_MESH|ANC_MIC|FIT|AUDIO_SETTING,USER_GUESS,설정 확인 또는 기본값 복원,UNSPECIFIED,CAUSE_CHECK_OR_REPAIR,FALSE,NONE,HIGH,SYNTHETIC_SCENARIO,FALSE,SRC020,CATEGORY_ANCHOR_NOT_ROW_EVIDENCE,EMAIL_COMPLAINT,KO_EN_MIXED,MULTIPLE_FIELDS,TRAIN,GVS-0320,GALAXY_BUDS에서 APP_UPDATE/AFTER_CLEANING 조건에 청소 후 삐 소리와 피드백이 발생,관찰 사실과 원인 추정을 분리; 모델 기능 호환성 검사
GVS-0321,T33,Buds 충전과 연결,BUDS,EARBUD,BUDS_BASE,GALAXY_BUDS,UNSPECIFIED,UNSPECIFIED,UNSPECIFIED,UNSPECIFIED,DEFECT_REPORT,BUDS.CHARGING,NOT_CHARGING,왼쪽 이어버드만 케이스에서 충전되지 않음,CHARGING,LEFT_BUD,AFTER_EVENT,INTERMITTENT,CONDITIONAL,BATTERY_ANXIETY,S1,PRODUCT_DEFECT_POSSIBLE,HARDWARE_OR_COMPONENT,EARBUD_BATTERY|CASE_CONTACT|BLUETOOTH|FIRMWARE,USER_GUESS,자가진단 또는 서비스센터 점검,UNSPECIFIED,CAUSE_CHECK_OR_REPAIR,FALSE,NONE,LOW,SYNTHETIC_SCENARIO,FALSE,SRC020,CATEGORY_ANCHOR_NOT_ROW_EVIDENCE,SAMSUNG_MEMBERS,KO,NONE,TRAIN,GVS-0321,GALAXY_BUDS에서 CHARGING/LEFT_BUD 조건에 왼쪽 이어버드만 케이스에서 충전되지 않음,관찰 사실과 원인 추정을 분리; 모델 기능 호환성 검사
GVS-0322,T33,Buds 충전과 연결,BUDS,EARBUD,BUDS_PRO,GALAXY_BUDS_PRO,UNSPECIFIED,UNSPECIFIED,UNSPECIFIED,UNSPECIFIED,DEFECT_REPORT,BUDS.CONNECTION,DISCONNECT,케이스 배터리가 낮으면 한쪽 충전이 중단,DUST,CASE_LOW_BATTERY,IMMEDIATE,DAILY,REPRODUCIBLE,PRIMARY_FUNCTION_DEGRADED,S2,ACCESSORY_RELATED,ACCESSORY,EARBUD_BATTERY|CASE_CONTACT|BLUETOOTH|FIRMWARE,USER_GUESS,다른 액세서리로 교차 확인,UNSPECIFIED,CAUSE_CHECK_OR_REPAIR,FALSE,NONE,MEDIUM,SYNTHETIC_SCENARIO,FALSE,SRC020,CATEGORY_ANCHOR_NOT_ROW_EVIDENCE,ECOMMERCE_REVIEW,KO,MODEL_VERSION,TRAIN,GVS-0322,GALAXY_BUDS_PRO에서 DUST/CASE_LOW_BATTERY 조건에 케이스 배터리가 낮으면 한쪽 충전이 중단,관찰 사실과 원인 추정을 분리; 모델 기능 호환성 검사
GVS-0323,T33,Buds 충전과 연결,BUDS,EARBUD,BUDS_FE,GALAXY_BUDS_FE,UNSPECIFIED,UNSPECIFIED,UNSPECIFIED,UNSPECIFIED,DEFECT_REPORT,BUDS.CHARGING,NO_FUNCTION,충전 접점 이물 때문에 표시등이 깜빡임,APP_UPDATE,CONTACT_DIRT,GRADUAL,FREQUENT,NOT_TESTED,TASK_DELAY,S3,SOFTWARE_POSSIBLE,SOFTWARE_UPDATE_OR_APP,EARBUD_BATTERY|CASE_CONTACT|BLUETOOTH|FIRMWARE,USER_GUESS,재부팅·업데이트·안전모드 중 일부 시도,UNSPECIFIED,CAUSE_CHECK_OR_REPAIR,FALSE,NONE,MEDIUM,SYNTHETIC_SCENARIO,FALSE,SRC020,CATEGORY_ANCHOR_NOT_ROW_EVIDENCE,CALL_CENTER_TRANSCRIPT,KO,FREQUENCY,TRAIN,GVS-0323,GALAXY_BUDS_FE에서 APP_UPDATE/CONTACT_DIRT 조건에 충전 접점 이물 때문에 표시등이 깜빡임,관찰 사실과 원인 추정을 분리; 모델 기능 호환성 검사
GVS-0324,T33,Buds 충전과 연결,BUDS,EARBUD,BUDS_BASE,GALAXY_BUDS,UNSPECIFIED,UNSPECIFIED,UNSPECIFIED,UNSPECIFIED,DEFECT_REPORT,BUDS.CONNECTION,INTERMITTENT,뚜껑을 열어도 폰에 팝업이 나타나지 않음,UNKNOWN,LID_OPEN,AFTER_AGING,ALWAYS,ALWAYS,MISSED_MOMENT,S1,PRODUCT_DEFECT_POSSIBLE,HARDWARE_OR_COMPONENT,EARBUD_BATTERY|CASE_CONTACT|BLUETOOTH|FIRMWARE,USER_GUESS,자가진단 또는 서비스센터 점검,UNSPECIFIED,CAUSE_CHECK_OR_REPAIR,FALSE,NONE,LOW,SYNTHETIC_SCENARIO,FALSE,SRC020,CATEGORY_ANCHOR_NOT_ROW_EVIDENCE,SERVICE_INTAKE,KO,TRIGGER,TRAIN,GVS-0324,GALAXY_BUDS에서 UNKNOWN/LID_OPEN 조건에 뚜껑을 열어도 폰에 팝업이 나타나지 않음,관찰 사실과 원인 추정을 분리; 모델 기능 호환성 검사
GVS-0325,T33,Buds 충전과 연결,BUDS,EARBUD,BUDS_PRO,GALAXY_BUDS_PRO,UNSPECIFIED,UNSPECIFIED,UNSPECIFIED,UNSPECIFIED,DEFECT_REPORT,BUDS.CHARGING,DELAY,초기화 후에도 페어링 목록에 나오지 않음,CHARGING,PAIRING,UNKNOWN,RARE,UNKNOWN,WORK_INTERRUPTED,S2,ACCESSORY_RELATED,ACCESSORY,EARBUD_BATTERY|CASE_CONTACT|BLUETOOTH|FIRMWARE,USER_GUESS,다른 액세서리로 교차 확인,UNSPECIFIED,CAUSE_CHECK_OR_REPAIR,FALSE,NONE,HIGH,SYNTHETIC_SCENARIO,FALSE,SRC020,CATEGORY_ANCHOR_NOT_ROW_EVIDENCE,SNS_POST,KO,ATTEMPTED_ACTION,TRAIN,GVS-0325,GALAXY_BUDS_PRO에서 CHARGING/PAIRING 조건에 초기화 후에도 페어링 목록에 나오지 않음,관찰 사실과 원인 추정을 분리; 모델 기능 호환성 검사
GVS-0326,T33,Buds 충전과 연결,BUDS,EARBUD,BUDS_FE,GALAXY_BUDS_FE,UNSPECIFIED,UNSPECIFIED,UNSPECIFIED,UNSPECIFIED,DEFECT_REPORT,BUDS.CONNECTION,NOT_CHARGING,노트북과 폰 사이 전환 때 연결이 끊김,DUST,MULTIPLE_DEVICES,AFTER_EVENT,INTERMITTENT,CONDITIONAL,REPEATED_RETRY,S3,SOFTWARE_POSSIBLE,SOFTWARE_UPDATE_OR_APP,EARBUD_BATTERY|CASE_CONTACT|BLUETOOTH|FIRMWARE,USER_GUESS,재부팅·업데이트·안전모드 중 일부 시도,UNSPECIFIED,CAUSE_CHECK_OR_REPAIR,FALSE,NONE,LOW,SYNTHETIC_SCENARIO,FALSE,SRC020,CATEGORY_ANCHOR_NOT_ROW_EVIDENCE,COMMUNITY_POST,KO,MODEL_AND_VERSION,VALID,GVS-0326,GALAXY_BUDS_FE에서 DUST/MULTIPLE_DEVICES 조건에 노트북과 폰 사이 전환 때 연결이 끊김,관찰 사실과 원인 추정을 분리; 모델 기능 호환성 검사
GVS-0327,T33,Buds 충전과 연결,BUDS,EARBUD,BUDS_BASE,GALAXY_BUDS,UNSPECIFIED,UNSPECIFIED,UNSPECIFIED,UNSPECIFIED,DEFECT_REPORT,BUDS.CHARGING,DISCONNECT,잠들며 착용 후 한쪽만 완전히 방전,APP_UPDATE,SLEEP,IMMEDIATE,DAILY,REPRODUCIBLE,DATA_OR_SERVICE_UNAVAILABLE,S1,PRODUCT_DEFECT_POSSIBLE,HARDWARE_OR_COMPONENT,EARBUD_BATTERY|CASE_CONTACT|BLUETOOTH|FIRMWARE,USER_GUESS,자가진단 또는 서비스센터 점검,UNSPECIFIED,CAUSE_CHECK_OR_REPAIR,FALSE,NONE,MEDIUM,SYNTHETIC_SCENARIO,FALSE,SRC020,CATEGORY_ANCHOR_NOT_ROW_EVIDENCE,CHAT_SUPPORT,KO,TIME_PATTERN,TRAIN,GVS-0327,GALAXY_BUDS에서 APP_UPDATE/SLEEP 조건에 잠들며 착용 후 한쪽만 완전히 방전,관찰 사실과 원인 추정을 분리; 모델 기능 호환성 검사
GVS-0328,T33,Buds 충전과 연결,BUDS,EARBUD,BUDS_PRO,GALAXY_BUDS_PRO,UNSPECIFIED,UNSPECIFIED,UNSPECIFIED,UNSPECIFIED,DEFECT_REPORT,BUDS.CONNECTION,NO_FUNCTION,야외 보행 중 주머니 위치에 따라 끊김,UNKNOWN,OUTDOOR,GRADUAL,FREQUENT,NOT_TESTED,TRAVEL_DISRUPTION,S2,ACCESSORY_RELATED,ACCESSORY,EARBUD_BATTERY|CASE_CONTACT|BLUETOOTH|FIRMWARE,USER_GUESS,다른 액세서리로 교차 확인,UNSPECIFIED,CAUSE_CHECK_OR_REPAIR,FALSE,NONE,MEDIUM,SYNTHETIC_SCENARIO,FALSE,SRC020,CATEGORY_ANCHOR_NOT_ROW_EVIDENCE,SURVEY_FREE_TEXT,EN,NONE,TRAIN,GVS-0328,GALAXY_BUDS_PRO에서 UNKNOWN/OUTDOOR 조건에 야외 보행 중 주머니 위치에 따라 끊김,관찰 사실과 원인 추정을 분리; 모델 기능 호환성 검사
GVS-0329,T33,Buds 충전과 연결,BUDS,EARBUD,BUDS_FE,GALAXY_BUDS_FE,UNSPECIFIED,UNSPECIFIED,UNSPECIFIED,UNSPECIFIED,DEFECT_REPORT,BUDS.CHARGING,INTERMITTENT,펌웨어 업데이트 중 한쪽이 연결 해제,CHARGING,FIRMWARE_UPDATE,AFTER_AGING,ALWAYS,ALWAYS,FINANCIAL_OR_TIME_COST,S3,SOFTWARE_POSSIBLE,SOFTWARE_UPDATE_OR_APP,EARBUD_BATTERY|CASE_CONTACT|BLUETOOTH|FIRMWARE,USER_GUESS,재부팅·업데이트·안전모드 중 일부 시도,UNSPECIFIED,CAUSE_CHECK_OR_REPAIR,FALSE,NONE,LOW,SYNTHETIC_SCENARIO,FALSE,SRC020,CATEGORY_ANCHOR_NOT_ROW_EVIDENCE,STORE_REVIEW,EN,CONTEXT,TEST,GVS-0329,GALAXY_BUDS_FE에서 CHARGING/FIRMWARE_UPDATE 조건에 펌웨어 업데이트 중 한쪽이 연결 해제,관찰 사실과 원인 추정을 분리; 모델 기능 호환성 검사
GVS-0330,T33,Buds 충전과 연결,BUDS,EARBUD,BUDS_BASE,GALAXY_BUDS,UNSPECIFIED,UNSPECIFIED,UNSPECIFIED,UNSPECIFIED,DEFECT_REPORT,BUDS.CONNECTION,DELAY,교체한 한쪽 이어버드가 기존 것과 커플링되지 않음,DUST,REPLACEMENT_BUD,UNKNOWN,RARE,UNKNOWN,USER_CONFUSION,S1,PRODUCT_DEFECT_POSSIBLE,HARDWARE_OR_COMPONENT,EARBUD_BATTERY|CASE_CONTACT|BLUETOOTH|FIRMWARE,USER_GUESS,자가진단 또는 서비스센터 점검,UNSPECIFIED,CAUSE_CHECK_OR_REPAIR,FALSE,NONE,HIGH,SYNTHETIC_SCENARIO,FALSE,SRC020,CATEGORY_ANCHOR_NOT_ROW_EVIDENCE,EMAIL_COMPLAINT,KO_EN_MIXED,MULTIPLE_FIELDS,TRAIN,GVS-0330,GALAXY_BUDS에서 DUST/REPLACEMENT_BUD 조건에 교체한 한쪽 이어버드가 기존 것과 커플링되지 않음,관찰 사실과 원인 추정을 분리; 모델 기능 호환성 검사
GVS-0331,T34,Buds 마이크와 착용,BUDS,EARBUD,BUDS_BASE,GALAXY_BUDS,UNSPECIFIED,UNSPECIFIED,UNSPECIFIED,UNSPECIFIED,DEFECT_REPORT,BUDS.MIC,NO_FUNCTION,통화 상대가 목소리가 멀고 작다고 함,UNKNOWN,PHONE_CALL,AFTER_EVENT,INTERMITTENT,CONDITIONAL,BATTERY_ANXIETY,S1,PRODUCT_DEFECT_POSSIBLE,HARDWARE_OR_COMPONENT,MIC|FIT_SENSOR|EAR_TIP|SOFTWARE,USER_GUESS,자가진단 또는 서비스센터 점검,UNSPECIFIED,CAUSE_CHECK_OR_REPAIR,FALSE,NONE,LOW,SYNTHETIC_SCENARIO,FALSE,SRC021,CATEGORY_ANCHOR_NOT_ROW_EVIDENCE,SAMSUNG_MEMBERS,KO,NONE,TRAIN,GVS-0331,GALAXY_BUDS에서 UNKNOWN/PHONE_CALL 조건에 통화 상대가 목소리가 멀고 작다고 함,관찰 사실과 원인 추정을 분리; 모델 기능 호환성 검사
GVS-0332,T34,Buds 마이크와 착용,BUDS,EARBUD,BUDS_PRO,GALAXY_BUDS_PRO,UNSPECIFIED,UNSPECIFIED,UNSPECIFIED,UNSPECIFIED,DEFECT_REPORT,BUDS.FIT,DEGRADED,화상회의에서 노이즈 억제가 음성을 잘라냄,APP_UPDATE,VIDEO_MEETING,IMMEDIATE,DAILY,REPRODUCIBLE,PRIMARY_FUNCTION_DEGRADED,S2,ENVIRONMENT_RELATED,ENVIRONMENTAL_CONDITION,MIC|FIT_SENSOR|EAR_TIP|SOFTWARE,USER_GUESS,환경 조건 제거 후 재시험,UNSPECIFIED,CAUSE_CHECK_OR_REPAIR,FALSE,NONE,MEDIUM,SYNTHETIC_SCENARIO,FALSE,SRC021,CATEGORY_ANCHOR_NOT_ROW_EVIDENCE,ECOMMERCE_REVIEW,KO,MODEL_VERSION,TRAIN,GVS-0332,GALAXY_BUDS_PRO에서 APP_UPDATE/VIDEO_MEETING 조건에 화상회의에서 노이즈 억제가 음성을 잘라냄,관찰 사실과 원인 추정을 분리; 모델 기능 호환성 검사
GVS-0333,T34,Buds 마이크와 착용,BUDS,EARBUD,BUDS_FE,GALAXY_BUDS_FE,UNSPECIFIED,UNSPECIFIED,UNSPECIFIED,UNSPECIFIED,DEFECT_REPORT,BUDS.MIC,INACCURATE,바람 부는 곳에서 말이 알아듣기 어려움,WATER,WIND,GRADUAL,FREQUENT,NOT_TESTED,TASK_DELAY,S1,SOFTWARE_POSSIBLE,SOFTWARE_UPDATE_OR_APP,MIC|FIT_SENSOR|EAR_TIP|SOFTWARE,USER_GUESS,재부팅·업데이트·안전모드 중 일부 시도,UNSPECIFIED,CAUSE_CHECK_OR_REPAIR,FALSE,NONE,MEDIUM,SYNTHETIC_SCENARIO,FALSE,SRC021,CATEGORY_ANCHOR_NOT_ROW_EVIDENCE,CALL_CENTER_TRANSCRIPT,KO,FREQUENCY,TRAIN,GVS-0333,GALAXY_BUDS_FE에서 WATER/WIND 조건에 바람 부는 곳에서 말이 알아듣기 어려움,관찰 사실과 원인 추정을 분리; 모델 기능 호환성 검사
GVS-0334,T34,Buds 마이크와 착용,BUDS,EARBUD,BUDS_BASE,GALAXY_BUDS,UNSPECIFIED,UNSPECIFIED,UNSPECIFIED,UNSPECIFIED,DEFECT_REPORT,BUDS.FIT,INTERMITTENT,땀에 젖은 뒤 마이크 품질이 나빠짐,SETTINGS_CHANGE,SWEAT,AFTER_AGING,ALWAYS,ALWAYS,MISSED_MOMENT,S2,ACCESSORY_RELATED,ACCESSORY,MIC|FIT_SENSOR|EAR_TIP|SOFTWARE,USER_GUESS,다른 액세서리로 교차 확인,UNSPECIFIED,CAUSE_CHECK_OR_REPAIR,FALSE,NONE,LOW,SYNTHETIC_SCENARIO,FALSE,SRC021,CATEGORY_ANCHOR_NOT_ROW_EVIDENCE,SERVICE_INTAKE,KO,TRIGGER,TRAIN,GVS-0334,GALAXY_BUDS에서 SETTINGS_CHANGE/SWEAT 조건에 땀에 젖은 뒤 마이크 품질이 나빠짐,관찰 사실과 원인 추정을 분리; 모델 기능 호환성 검사
GVS-0335,T34,Buds 마이크와 착용,BUDS,EARBUD,BUDS_PRO,GALAXY_BUDS_PRO,UNSPECIFIED,UNSPECIFIED,UNSPECIFIED,UNSPECIFIED,DEFECT_REPORT,BUDS.MIC,NO_FUNCTION,귀가 작아 오래 착용하면 통증,UNKNOWN,SMALL_EAR,UNKNOWN,RARE,UNKNOWN,WORK_INTERRUPTED,S1,PRODUCT_DEFECT_POSSIBLE,HARDWARE_OR_COMPONENT,MIC|FIT_SENSOR|EAR_TIP|SOFTWARE,USER_GUESS,자가진단 또는 서비스센터 점검,UNSPECIFIED,CAUSE_CHECK_OR_REPAIR,FALSE,NONE,HIGH,SYNTHETIC_SCENARIO,FALSE,SRC021,CATEGORY_ANCHOR_NOT_ROW_EVIDENCE,SNS_POST,KO,ATTEMPTED_ACTION,VALID,GVS-0335,GALAXY_BUDS_PRO에서 UNKNOWN/SMALL_EAR 조건에 귀가 작아 오래 착용하면 통증,관찰 사실과 원인 추정을 분리; 모델 기능 호환성 검사
GVS-0336,T34,Buds 마이크와 착용,BUDS,EARBUD,BUDS_FE,GALAXY_BUDS_FE,UNSPECIFIED,UNSPECIFIED,UNSPECIFIED,UNSPECIFIED,DEFECT_REPORT,BUDS.FIT,DEGRADED,착용 감지가 실제로 뺐는데도 재생 유지,APP_UPDATE,FIT_SENSOR,AFTER_EVENT,INTERMITTENT,CONDITIONAL,REPEATED_RETRY,S2,ENVIRONMENT_RELATED,ENVIRONMENTAL_CONDITION,MIC|FIT_SENSOR|EAR_TIP|SOFTWARE,USER_GUESS,환경 조건 제거 후 재시험,UNSPECIFIED,CAUSE_CHECK_OR_REPAIR,FALSE,NONE,LOW,SYNTHETIC_SCENARIO,FALSE,SRC021,CATEGORY_ANCHOR_NOT_ROW_EVIDENCE,COMMUNITY_POST,KO,MODEL_AND_VERSION,TRAIN,GVS-0336,GALAXY_BUDS_FE에서 APP_UPDATE/FIT_SENSOR 조건에 착용 감지가 실제로 뺐는데도 재생 유지,관찰 사실과 원인 추정을 분리; 모델 기능 호환성 검사
GVS-0337,T34,Buds 마이크와 착용,BUDS,EARBUD,BUDS_BASE,GALAXY_BUDS,UNSPECIFIED,UNSPECIFIED,UNSPECIFIED,UNSPECIFIED,DEFECT_REPORT,BUDS.MIC,INACCURATE,한쪽만 착용하면 마이크 선택이 불안정,WATER,ONE_BUD_MODE,IMMEDIATE,DAILY,REPRODUCIBLE,DATA_OR_SERVICE_UNAVAILABLE,S1,SOFTWARE_POSSIBLE,SOFTWARE_UPDATE_OR_APP,MIC|FIT_SENSOR|EAR_TIP|SOFTWARE,USER_GUESS,재부팅·업데이트·안전모드 중 일부 시도,UNSPECIFIED,CAUSE_CHECK_OR_REPAIR,FALSE,NONE,MEDIUM,SYNTHETIC_SCENARIO,FALSE,SRC021,CATEGORY_ANCHOR_NOT_ROW_EVIDENCE,CHAT_SUPPORT,KO,TIME_PATTERN,TRAIN,GVS-0337,GALAXY_BUDS에서 WATER/ONE_BUD_MODE 조건에 한쪽만 착용하면 마이크 선택이 불안정,관찰 사실과 원인 추정을 분리; 모델 기능 호환성 검사
GVS-0338,T34,Buds 마이크와 착용,BUDS,EARBUD,BUDS_PRO,GALAXY_BUDS_PRO,UNSPECIFIED,UNSPECIFIED,UNSPECIFIED,UNSPECIFIED,DEFECT_REPORT,BUDS.FIT,INTERMITTENT,주변소리 모드에서 내 목소리가 울림,SETTINGS_CHANGE,AMBIENT,GRADUAL,FREQUENT,NOT_TESTED,TRAVEL_DISRUPTION,S2,ACCESSORY_RELATED,ACCESSORY,MIC|FIT_SENSOR|EAR_TIP|SOFTWARE,USER_GUESS,다른 액세서리로 교차 확인,UNSPECIFIED,CAUSE_CHECK_OR_REPAIR,FALSE,NONE,MEDIUM,SYNTHETIC_SCENARIO,FALSE,SRC021,CATEGORY_ANCHOR_NOT_ROW_EVIDENCE,SURVEY_FREE_TEXT,EN,NONE,TRAIN,GVS-0338,GALAXY_BUDS_PRO에서 SETTINGS_CHANGE/AMBIENT 조건에 주변소리 모드에서 내 목소리가 울림,관찰 사실과 원인 추정을 분리; 모델 기능 호환성 검사
GVS-0339,T34,Buds 마이크와 착용,BUDS,EARBUD,BUDS_FE,GALAXY_BUDS_FE,UNSPECIFIED,UNSPECIFIED,UNSPECIFIED,UNSPECIFIED,DEFECT_REPORT,BUDS.MIC,NO_FUNCTION,음성 감지 기능이 기침에도 자주 반응,UNKNOWN,VOICE_DETECT,AFTER_AGING,ALWAYS,ALWAYS,FINANCIAL_OR_TIME_COST,S1,PRODUCT_DEFECT_POSSIBLE,HARDWARE_OR_COMPONENT,MIC|FIT_SENSOR|EAR_TIP|SOFTWARE,USER_GUESS,자가진단 또는 서비스센터 점검,UNSPECIFIED,CAUSE_CHECK_OR_REPAIR,FALSE,NONE,LOW,SYNTHETIC_SCENARIO,FALSE,SRC021,CATEGORY_ANCHOR_NOT_ROW_EVIDENCE,STORE_REVIEW,EN,CONTEXT,TEST,GVS-0339,GALAXY_BUDS_FE에서 UNKNOWN/VOICE_DETECT 조건에 음성 감지 기능이 기침에도 자주 반응,관찰 사실과 원인 추정을 분리; 모델 기능 호환성 검사
GVS-0340,T34,Buds 마이크와 착용,BUDS,EARBUD,BUDS_BASE,GALAXY_BUDS,UNSPECIFIED,UNSPECIFIED,UNSPECIFIED,UNSPECIFIED,DEFECT_REPORT,BUDS.FIT,DEGRADED,초기화 후에도 한쪽 마이크가 작동하지 않음,APP_UPDATE,AFTER_RESET,UNKNOWN,RARE,UNKNOWN,USER_CONFUSION,S2,ENVIRONMENT_RELATED,ENVIRONMENTAL_CONDITION,MIC|FIT_SENSOR|EAR_TIP|SOFTWARE,USER_GUESS,환경 조건 제거 후 재시험,UNSPECIFIED,CAUSE_CHECK_OR_REPAIR,FALSE,NONE,HIGH,SYNTHETIC_SCENARIO,FALSE,SRC021,CATEGORY_ANCHOR_NOT_ROW_EVIDENCE,EMAIL_COMPLAINT,KO_EN_MIXED,MULTIPLE_FIELDS,TEST,GVS-0340,GALAXY_BUDS에서 APP_UPDATE/AFTER_RESET 조건에 초기화 후에도 한쪽 마이크가 작동하지 않음,관찰 사실과 원인 추정을 분리; 모델 기능 호환성 검사
GVS-0341,T35,Tab 앱 레이아웃과 멀티태스킹,TABLET,TABLET,TAB_S,GALAXY_TAB_S,UNSPECIFIED,UNSPECIFIED,UNSPECIFIED,UNSPECIFIED,DEFECT_REPORT,TAB.APP_LAYOUT,INCOMPATIBLE,가로로 들었는데 앱이 세로 고정으로 작게 열림,SETTINGS_CHANGE,LANDSCAPE,AFTER_EVENT,INTERMITTENT,CONDITIONAL,BATTERY_ANXIETY,S0,SOFTWARE_POSSIBLE,SOFTWARE_UPDATE_OR_APP,APP_LAYOUT|ONE_UI|APP_COMPATIBILITY,USER_GUESS,재부팅·업데이트·안전모드 중 일부 시도,UNSPECIFIED,CAUSE_CHECK_OR_REPAIR,FALSE,NONE,LOW,SYNTHETIC_SCENARIO,FALSE,SRC026,CATEGORY_ANCHOR_NOT_ROW_EVIDENCE,SAMSUNG_MEMBERS,KO,NONE,TRAIN,GVS-0341,GALAXY_TAB_S에서 SETTINGS_CHANGE/LANDSCAPE 조건에 가로로 들었는데 앱이 세로 고정으로 작게 열림,관찰 사실과 원인 추정을 분리; 모델 기능 호환성 검사
GVS-0342,T35,Tab 앱 레이아웃과 멀티태스킹,TABLET,TABLET,TAB_S_FE,GALAXY_TAB_S_FE,UNSPECIFIED,UNSPECIFIED,UNSPECIFIED,UNSPECIFIED,DEFECT_REPORT,MULTITASKING.WINDOW,DIFFICULT_TO_USE,세로 전용 앱의 빈 공간이 너무 큼,APP_UPDATE,PORTRAIT_ONLY_APP,IMMEDIATE,DAILY,REPRODUCIBLE,PRIMARY_FUNCTION_DEGRADED,S1,UNKNOWN,UNKNOWN,APP_LAYOUT|ONE_UI|APP_COMPATIBILITY,USER_GUESS,조치 정보 없음,UNSPECIFIED,CAUSE_CHECK_OR_REPAIR,FALSE,NONE,MEDIUM,SYNTHETIC_SCENARIO,FALSE,SRC026,CATEGORY_ANCHOR_NOT_ROW_EVIDENCE,ECOMMERCE_REVIEW,KO,MODEL_VERSION,TRAIN,GVS-0342,GALAXY_TAB_S_FE에서 APP_UPDATE/PORTRAIT_ONLY_APP 조건에 세로 전용 앱의 빈 공간이 너무 큼,관찰 사실과 원인 추정을 분리; 모델 기능 호환성 검사
GVS-0343,T35,Tab 앱 레이아웃과 멀티태스킹,TABLET,TABLET,TAB_A,GALAXY_TAB_A,UNSPECIFIED,UNSPECIFIED,UNSPECIFIED,UNSPECIFIED,DEFECT_REPORT,TAB.APP_LAYOUT,CRASH,분할화면에서 한 앱이 최소 폭을 강제,OS_UPDATE,SPLIT_SCREEN,GRADUAL,FREQUENT,NOT_TESTED,TASK_DELAY,S2,SETTINGS_RELATED,USER_SETTING,APP_LAYOUT|ONE_UI|APP_COMPATIBILITY,USER_GUESS,설정 확인 또는 기본값 복원,UNSPECIFIED,CAUSE_CHECK_OR_REPAIR,FALSE,NONE,MEDIUM,SYNTHETIC_SCENARIO,FALSE,SRC026,CATEGORY_ANCHOR_NOT_ROW_EVIDENCE,CALL_CENTER_TRANSCRIPT,KO,FREQUENCY,TRAIN,GVS-0343,GALAXY_TAB_A에서 OS_UPDATE/SPLIT_SCREEN 조건에 분할화면에서 한 앱이 최소 폭을 강제,관찰 사실과 원인 추정을 분리; 모델 기능 호환성 검사
GVS-0344,T35,Tab 앱 레이아웃과 멀티태스킹,TABLET,TABLET,TAB_S,GALAXY_TAB_S,UNSPECIFIED,UNSPECIFIED,UNSPECIFIED,UNSPECIFIED,DEFECT_REPORT,MULTITASKING.WINDOW,DEGRADED,팝업창 크기 조절 손잡이가 화면 밖으로 나감,UNKNOWN,POPUP_VIEW,AFTER_AGING,ALWAYS,ALWAYS,MISSED_MOMENT,S0,SOFTWARE_POSSIBLE,SOFTWARE_UPDATE_OR_APP,APP_LAYOUT|ONE_UI|APP_COMPATIBILITY,USER_GUESS,재부팅·업데이트·안전모드 중 일부 시도,UNSPECIFIED,CAUSE_CHECK_OR_REPAIR,FALSE,NONE,LOW,SYNTHETIC_SCENARIO,FALSE,SRC026,CATEGORY_ANCHOR_NOT_ROW_EVIDENCE,SERVICE_INTAKE,KO,TRIGGER,VALID,GVS-0344,GALAXY_TAB_S에서 UNKNOWN/POPUP_VIEW 조건에 팝업창 크기 조절 손잡이가 화면 밖으로 나감,관찰 사실과 원인 추정을 분리; 모델 기능 호환성 검사
GVS-0345,T35,Tab 앱 레이아웃과 멀티태스킹,TABLET,TABLET,TAB_S_FE,GALAXY_TAB_S_FE,UNSPECIFIED,UNSPECIFIED,UNSPECIFIED,UNSPECIFIED,DEFECT_REPORT,TAB.APP_LAYOUT,INCOMPATIBLE,앱 화면비 강제 설정 후 버튼이 잘림,SETTINGS_CHANGE,ASPECT_RATIO,UNKNOWN,RARE,UNKNOWN,WORK_INTERRUPTED,S1,UNKNOWN,UNKNOWN,APP_LAYOUT|ONE_UI|APP_COMPATIBILITY,USER_GUESS,조치 정보 없음,UNSPECIFIED,CAUSE_CHECK_OR_REPAIR,FALSE,NONE,HIGH,SYNTHETIC_SCENARIO,FALSE,SRC026,CATEGORY_ANCHOR_NOT_ROW_EVIDENCE,SNS_POST,KO,ATTEMPTED_ACTION,TEST,GVS-0345,GALAXY_TAB_S_FE에서 SETTINGS_CHANGE/ASPECT_RATIO 조건에 앱 화면비 강제 설정 후 버튼이 잘림,관찰 사실과 원인 추정을 분리; 모델 기능 호환성 검사
GVS-0346,T35,Tab 앱 레이아웃과 멀티태스킹,TABLET,TABLET,TAB_A,GALAXY_TAB_A,UNSPECIFIED,UNSPECIFIED,UNSPECIFIED,UNSPECIFIED,DEFECT_REPORT,MULTITASKING.WINDOW,DIFFICULT_TO_USE,태스크바가 영상 컨트롤을 가림,APP_UPDATE,TASKBAR,AFTER_EVENT,INTERMITTENT,CONDITIONAL,REPEATED_RETRY,S2,SETTINGS_RELATED,USER_SETTING,APP_LAYOUT|ONE_UI|APP_COMPATIBILITY,USER_GUESS,설정 확인 또는 기본값 복원,UNSPECIFIED,CAUSE_CHECK_OR_REPAIR,FALSE,NONE,LOW,SYNTHETIC_SCENARIO,FALSE,SRC026,CATEGORY_ANCHOR_NOT_ROW_EVIDENCE,COMMUNITY_POST,KO,MODEL_AND_VERSION,TRAIN,GVS-0346,GALAXY_TAB_A에서 APP_UPDATE/TASKBAR 조건에 태스크바가 영상 컨트롤을 가림,관찰 사실과 원인 추정을 분리; 모델 기능 호환성 검사
GVS-0347,T35,Tab 앱 레이아웃과 멀티태스킹,TABLET,TABLET,TAB_S,GALAXY_TAB_S,UNSPECIFIED,UNSPECIFIED,UNSPECIFIED,UNSPECIFIED,DEFECT_REPORT,TAB.APP_LAYOUT,CRASH,외부 화면과 태블릿 화면 배치가 혼란,OS_UPDATE,EXTERNAL_DISPLAY,IMMEDIATE,DAILY,REPRODUCIBLE,DATA_OR_SERVICE_UNAVAILABLE,S0,SOFTWARE_POSSIBLE,SOFTWARE_UPDATE_OR_APP,APP_LAYOUT|ONE_UI|APP_COMPATIBILITY,USER_GUESS,재부팅·업데이트·안전모드 중 일부 시도,UNSPECIFIED,CAUSE_CHECK_OR_REPAIR,FALSE,NONE,MEDIUM,SYNTHETIC_SCENARIO,FALSE,SRC026,CATEGORY_ANCHOR_NOT_ROW_EVIDENCE,CHAT_SUPPORT,KO,TIME_PATTERN,TRAIN,GVS-0347,GALAXY_TAB_S에서 OS_UPDATE/EXTERNAL_DISPLAY 조건에 외부 화면과 태블릿 화면 배치가 혼란,관찰 사실과 원인 추정을 분리; 모델 기능 호환성 검사
GVS-0348,T35,Tab 앱 레이아웃과 멀티태스킹,TABLET,TABLET,TAB_S_FE,GALAXY_TAB_S_FE,UNSPECIFIED,UNSPECIFIED,UNSPECIFIED,UNSPECIFIED,DEFECT_REPORT,MULTITASKING.WINDOW,DEGRADED,게임이 멀티윈도우 진입 시 종료,UNKNOWN,GAME,GRADUAL,FREQUENT,NOT_TESTED,TRAVEL_DISRUPTION,S1,UNKNOWN,UNKNOWN,APP_LAYOUT|ONE_UI|APP_COMPATIBILITY,USER_GUESS,조치 정보 없음,UNSPECIFIED,CAUSE_CHECK_OR_REPAIR,FALSE,NONE,MEDIUM,SYNTHETIC_SCENARIO,FALSE,SRC026,CATEGORY_ANCHOR_NOT_ROW_EVIDENCE,SURVEY_FREE_TEXT,EN,NONE,VALID,GVS-0348,GALAXY_TAB_S_FE에서 UNKNOWN/GAME 조건에 게임이 멀티윈도우 진입 시 종료,관찰 사실과 원인 추정을 분리; 모델 기능 호환성 검사
GVS-0349,T35,Tab 앱 레이아웃과 멀티태스킹,TABLET,TABLET,TAB_A,GALAXY_TAB_A,UNSPECIFIED,UNSPECIFIED,UNSPECIFIED,UNSPECIFIED,DEFECT_REPORT,TAB.APP_LAYOUT,INCOMPATIBLE,영상 앱 두 개를 함께 열면 재생이 멈춤,SETTINGS_CHANGE,VIDEO_APP,AFTER_AGING,ALWAYS,ALWAYS,FINANCIAL_OR_TIME_COST,S2,SETTINGS_RELATED,USER_SETTING,APP_LAYOUT|ONE_UI|APP_COMPATIBILITY,USER_GUESS,설정 확인 또는 기본값 복원,UNSPECIFIED,CAUSE_CHECK_OR_REPAIR,FALSE,NONE,LOW,SYNTHETIC_SCENARIO,FALSE,SRC026,CATEGORY_ANCHOR_NOT_ROW_EVIDENCE,STORE_REVIEW,EN,CONTEXT,VALID,GVS-0349,GALAXY_TAB_A에서 SETTINGS_CHANGE/VIDEO_APP 조건에 영상 앱 두 개를 함께 열면 재생이 멈춤,관찰 사실과 원인 추정을 분리; 모델 기능 호환성 검사
GVS-0350,T35,Tab 앱 레이아웃과 멀티태스킹,TABLET,TABLET,TAB_S,GALAXY_TAB_S,UNSPECIFIED,UNSPECIFIED,UNSPECIFIED,UNSPECIFIED,DEFECT_REPORT,MULTITASKING.WINDOW,DIFFICULT_TO_USE,폰용 레이아웃이 늘어나 정보 밀도가 낮음,APP_UPDATE,FOLDABLE_LAYOUT,UNKNOWN,RARE,UNKNOWN,USER_CONFUSION,S0,SOFTWARE_POSSIBLE,SOFTWARE_UPDATE_OR_APP,APP_LAYOUT|ONE_UI|APP_COMPATIBILITY,USER_GUESS,재부팅·업데이트·안전모드 중 일부 시도,UNSPECIFIED,CAUSE_CHECK_OR_REPAIR,FALSE,NONE,HIGH,SYNTHETIC_SCENARIO,FALSE,SRC026,CATEGORY_ANCHOR_NOT_ROW_EVIDENCE,EMAIL_COMPLAINT,KO_EN_MIXED,MULTIPLE_FIELDS,TRAIN,GVS-0350,GALAXY_TAB_S에서 APP_UPDATE/FOLDABLE_LAYOUT 조건에 폰용 레이아웃이 늘어나 정보 밀도가 낮음,관찰 사실과 원인 추정을 분리; 모델 기능 호환성 검사
GVS-0351,T36,Tab S펜과 키보드,TABLET,TABLET,TAB_S,GALAXY_TAB_S,UNSPECIFIED,UNSPECIFIED,UNSPECIFIED,UNSPECIFIED,DEFECT_REPORT,TAB.SPEN,NO_FUNCTION,자석 커버 근처에서 S펜 선이 휘어짐,CASE,MAGNET_COVER,AFTER_EVENT,INTERMITTENT,CONDITIONAL,BATTERY_ANXIETY,S0,ACCESSORY_RELATED,ACCESSORY,SPEN|DIGITIZER|KEYBOARD_COVER|TRACKPAD,USER_GUESS,다른 액세서리로 교차 확인,UNSPECIFIED,CAUSE_CHECK_OR_REPAIR,FALSE,NONE,LOW,SYNTHETIC_SCENARIO,FALSE,SRC005,CATEGORY_ANCHOR_NOT_ROW_EVIDENCE,SAMSUNG_MEMBERS,KO,NONE,TRAIN,GVS-0351,GALAXY_TAB_S에서 CASE/MAGNET_COVER 조건에 자석 커버 근처에서 S펜 선이 휘어짐,관찰 사실과 원인 추정을 분리; 모델 기능 호환성 검사
GVS-0352,T36,Tab S펜과 키보드,TABLET,TABLET,TAB_S_FE,GALAXY_TAB_S_FE,UNSPECIFIED,UNSPECIFIED,UNSPECIFIED,UNSPECIFIED,DEFECT_REPORT,TAB.KEYBOARD,INTERMITTENT,필기 중 손바닥이 확대 제스처로 인식,APP_UPDATE,PALM_REJECTION,IMMEDIATE,DAILY,REPRODUCIBLE,PRIMARY_FUNCTION_DEGRADED,S1,SOFTWARE_POSSIBLE,SOFTWARE_UPDATE_OR_APP,SPEN|DIGITIZER|KEYBOARD_COVER|TRACKPAD,USER_GUESS,재부팅·업데이트·안전모드 중 일부 시도,UNSPECIFIED,CAUSE_CHECK_OR_REPAIR,FALSE,NONE,MEDIUM,SYNTHETIC_SCENARIO,FALSE,SRC026,CATEGORY_ANCHOR_NOT_ROW_EVIDENCE,ECOMMERCE_REVIEW,KO,MODEL_VERSION,VALID,GVS-0352,GALAXY_TAB_S_FE에서 APP_UPDATE/PALM_REJECTION 조건에 필기 중 손바닥이 확대 제스처로 인식,관찰 사실과 원인 추정을 분리; 모델 기능 호환성 검사
GVS-0353,T36,Tab S펜과 키보드,TABLET,TABLET,TAB_A,GALAXY_TAB_A,UNSPECIFIED,UNSPECIFIED,UNSPECIFIED,UNSPECIFIED,DEFECT_REPORT,TAB.SPEN,DELAY,노트 앱 업데이트 후 펜 지연이 증가,CHARGING,NOTE_APP,GRADUAL,FREQUENT,NOT_TESTED,TASK_DELAY,S2,PRODUCT_DEFECT_POSSIBLE,HARDWARE_OR_COMPONENT,SPEN|DIGITIZER|KEYBOARD_COVER|TRACKPAD,USER_GUESS,자가진단 또는 서비스센터 점검,UNSPECIFIED,CAUSE_CHECK_OR_REPAIR,FALSE,NONE,MEDIUM,SYNTHETIC_SCENARIO,FALSE,SRC005,CATEGORY_ANCHOR_NOT_ROW_EVIDENCE,CALL_CENTER_TRANSCRIPT,KO,FREQUENCY,TRAIN,GVS-0353,GALAXY_TAB_A에서 CHARGING/NOTE_APP 조건에 노트 앱 업데이트 후 펜 지연이 증가,관찰 사실과 원인 추정을 분리; 모델 기능 호환성 검사
GVS-0354,T36,Tab S펜과 키보드,TABLET,TABLET,TAB_S,GALAXY_TAB_S,UNSPECIFIED,UNSPECIFIED,UNSPECIFIED,UNSPECIFIED,DEFECT_REPORT,TAB.KEYBOARD,INACCURATE,키보드 커버 접점이 조금만 움직여도 끊김,UNKNOWN,KEYBOARD_CONTACT,AFTER_AGING,ALWAYS,ALWAYS,MISSED_MOMENT,S0,UNKNOWN,UNKNOWN,SPEN|DIGITIZER|KEYBOARD_COVER|TRACKPAD,USER_GUESS,조치 정보 없음,UNSPECIFIED,CAUSE_CHECK_OR_REPAIR,FALSE,NONE,LOW,SYNTHETIC_SCENARIO,FALSE,SRC026,CATEGORY_ANCHOR_NOT_ROW_EVIDENCE,SERVICE_INTAKE,KO,TRIGGER,TEST,GVS-0354,GALAXY_TAB_S에서 UNKNOWN/KEYBOARD_CONTACT 조건에 키보드 커버 접점이 조금만 움직여도 끊김,관찰 사실과 원인 추정을 분리; 모델 기능 호환성 검사
GVS-0355,T36,Tab S펜과 키보드,TABLET,TABLET,TAB_S_FE,GALAXY_TAB_S_FE,UNSPECIFIED,UNSPECIFIED,UNSPECIFIED,UNSPECIFIED,DEFECT_REPORT,TAB.SPEN,INCOMPATIBLE,트랙패드 클릭이 일부 영역에서 안 됨,CASE,TRACKPAD,UNKNOWN,RARE,UNKNOWN,WORK_INTERRUPTED,S1,ACCESSORY_RELATED,ACCESSORY,SPEN|DIGITIZER|KEYBOARD_COVER|TRACKPAD,USER_GUESS,다른 액세서리로 교차 확인,UNSPECIFIED,CAUSE_CHECK_OR_REPAIR,FALSE,NONE,HIGH,SYNTHETIC_SCENARIO,FALSE,SRC005,CATEGORY_ANCHOR_NOT_ROW_EVIDENCE,SNS_POST,KO,ATTEMPTED_ACTION,TRAIN,GVS-0355,GALAXY_TAB_S_FE에서 CASE/TRACKPAD 조건에 트랙패드 클릭이 일부 영역에서 안 됨,관찰 사실과 원인 추정을 분리; 모델 기능 호환성 검사
GVS-0356,T36,Tab S펜과 키보드,TABLET,TABLET,TAB_A,GALAXY_TAB_A,UNSPECIFIED,UNSPECIFIED,UNSPECIFIED,UNSPECIFIED,DEFECT_REPORT,TAB.KEYBOARD,NO_FUNCTION,한영 전환 단축키가 앱마다 다름,APP_UPDATE,LANGUAGE_SWITCH,AFTER_EVENT,INTERMITTENT,CONDITIONAL,REPEATED_RETRY,S2,SOFTWARE_POSSIBLE,SOFTWARE_UPDATE_OR_APP,SPEN|DIGITIZER|KEYBOARD_COVER|TRACKPAD,USER_GUESS,재부팅·업데이트·안전모드 중 일부 시도,UNSPECIFIED,CAUSE_CHECK_OR_REPAIR,FALSE,NONE,LOW,SYNTHETIC_SCENARIO,FALSE,SRC026,CATEGORY_ANCHOR_NOT_ROW_EVIDENCE,COMMUNITY_POST,KO,MODEL_AND_VERSION,TRAIN,GVS-0356,GALAXY_TAB_A에서 APP_UPDATE/LANGUAGE_SWITCH 조건에 한영 전환 단축키가 앱마다 다름,관찰 사실과 원인 추정을 분리; 모델 기능 호환성 검사
GVS-0357,T36,Tab S펜과 키보드,TABLET,TABLET,TAB_S,GALAXY_TAB_S,UNSPECIFIED,UNSPECIFIED,UNSPECIFIED,UNSPECIFIED,DEFECT_REPORT,TAB.SPEN,INTERMITTENT,무릎 위에서 키보드가 쉽게 분리,CHARGING,LAP_USE,IMMEDIATE,DAILY,REPRODUCIBLE,DATA_OR_SERVICE_UNAVAILABLE,S0,PRODUCT_DEFECT_POSSIBLE,HARDWARE_OR_COMPONENT,SPEN|DIGITIZER|KEYBOARD_COVER|TRACKPAD,USER_GUESS,자가진단 또는 서비스센터 점검,UNSPECIFIED,CAUSE_CHECK_OR_REPAIR,FALSE,NONE,MEDIUM,SYNTHETIC_SCENARIO,FALSE,SRC005,CATEGORY_ANCHOR_NOT_ROW_EVIDENCE,CHAT_SUPPORT,KO,TIME_PATTERN,TRAIN,GVS-0357,GALAXY_TAB_S에서 CHARGING/LAP_USE 조건에 무릎 위에서 키보드가 쉽게 분리,관찰 사실과 원인 추정을 분리; 모델 기능 호환성 검사
GVS-0358,T36,Tab S펜과 키보드,TABLET,TABLET,TAB_S_FE,GALAXY_TAB_S_FE,UNSPECIFIED,UNSPECIFIED,UNSPECIFIED,UNSPECIFIED,DEFECT_REPORT,TAB.KEYBOARD,DELAY,외부 마우스 연결 시 트랙패드가 비활성,UNKNOWN,EXTERNAL_MOUSE,GRADUAL,FREQUENT,NOT_TESTED,TRAVEL_DISRUPTION,S1,UNKNOWN,UNKNOWN,SPEN|DIGITIZER|KEYBOARD_COVER|TRACKPAD,USER_GUESS,조치 정보 없음,UNSPECIFIED,CAUSE_CHECK_OR_REPAIR,FALSE,NONE,MEDIUM,SYNTHETIC_SCENARIO,FALSE,SRC026,CATEGORY_ANCHOR_NOT_ROW_EVIDENCE,SURVEY_FREE_TEXT,EN,NONE,TRAIN,GVS-0358,GALAXY_TAB_S_FE에서 UNKNOWN/EXTERNAL_MOUSE 조건에 외부 마우스 연결 시 트랙패드가 비활성,관찰 사실과 원인 추정을 분리; 모델 기능 호환성 검사
GVS-0359,T36,Tab S펜과 키보드,TABLET,TABLET,TAB_A,GALAXY_TAB_A,UNSPECIFIED,UNSPECIFIED,UNSPECIFIED,UNSPECIFIED,DEFECT_REPORT,TAB.SPEN,INACCURATE,펜 호버 위치가 화면 가장자리에서 어긋남,CASE,PEN_HOVER,AFTER_AGING,ALWAYS,ALWAYS,FINANCIAL_OR_TIME_COST,S2,ACCESSORY_RELATED,ACCESSORY,SPEN|DIGITIZER|KEYBOARD_COVER|TRACKPAD,USER_GUESS,다른 액세서리로 교차 확인,UNSPECIFIED,CAUSE_CHECK_OR_REPAIR,FALSE,NONE,LOW,SYNTHETIC_SCENARIO,FALSE,SRC005,CATEGORY_ANCHOR_NOT_ROW_EVIDENCE,STORE_REVIEW,EN,CONTEXT,TRAIN,GVS-0359,GALAXY_TAB_A에서 CASE/PEN_HOVER 조건에 펜 호버 위치가 화면 가장자리에서 어긋남,관찰 사실과 원인 추정을 분리; 모델 기능 호환성 검사
GVS-0360,T36,Tab S펜과 키보드,TABLET,TABLET,TAB_S,GALAXY_TAB_S,UNSPECIFIED,UNSPECIFIED,UNSPECIFIED,UNSPECIFIED,DEFECT_REPORT,TAB.KEYBOARD,INCOMPATIBLE,S펜 미지원 Tab A 모델에서 펜 입력을 기대,APP_UPDATE,TAB_A_UNVERIFIED,UNKNOWN,RARE,UNKNOWN,USER_CONFUSION,S0,SOFTWARE_POSSIBLE,SOFTWARE_UPDATE_OR_APP,SPEN|DIGITIZER|KEYBOARD_COVER|TRACKPAD,USER_GUESS,재부팅·업데이트·안전모드 중 일부 시도,UNSPECIFIED,CAUSE_CHECK_OR_REPAIR,TRUE,NONE,HIGH,SYNTHETIC_SCENARIO,FALSE,SRC026,CATEGORY_ANCHOR_NOT_ROW_EVIDENCE,EMAIL_COMPLAINT,KO_EN_MIXED,MULTIPLE_FIELDS,TRAIN,GVS-0360,GALAXY_TAB_S에서 APP_UPDATE/TAB_A_UNVERIFIED 조건에 S펜 미지원 Tab A 모델에서 펜 입력을 기대,불량 확정 금지; 정상·설정·외부 요인을 원문에서 확정하지 말 것
GVS-0361,T37,디자인·기능·가치,PRODUCT,PHONE,S_ULTRA,GALAXY_S_ULTRA,UNSPECIFIED,UNSPECIFIED,UNSPECIFIED,UNSPECIFIED,USABILITY_COMPLAINT,DESIGN.SIZE_WEIGHT,DIFFICULT_TO_USE,한 손 사용하기에 너무 크고 무거움,DEVICE_MIGRATION,ONE_HAND,AFTER_EVENT,INTERMITTENT,CONDITIONAL,BATTERY_ANXIETY,S0,COMMERCIAL_PROCESS,COMMERCE_OR_LOGISTICS_PROCESS,PRODUCT_DESIGN|PORTFOLIO|PRICING,USER_GUESS,주문·택배·프로모션 문의,UNSPECIFIED,USABILITY_IMPROVEMENT,FALSE,NONE,LOW,SYNTHETIC_SCENARIO,FALSE,SRC018,CATEGORY_ANCHOR_NOT_ROW_EVIDENCE,SAMSUNG_MEMBERS,KO,NONE,TRAIN,GVS-0361,GALAXY_S_ULTRA에서 DEVICE_MIGRATION/ONE_HAND 조건에 한 손 사용하기에 너무 크고 무거움,관찰 사실과 원인 추정을 분리; 모델 기능 호환성 검사
GVS-0362,T37,디자인·기능·가치,PRODUCT,PHONE,S_ULTRA,GALAXY_S_ULTRA,UNSPECIFIED,UNSPECIFIED,UNSPECIFIED,UNSPECIFIED,FEATURE_REQUEST,DESIGN.SIZE_WEIGHT,FEATURE_MISSING,각진 모서리가 손바닥을 눌러 아픔,UNKNOWN,SHARP_CORNER,IMMEDIATE,DAILY,REPRODUCIBLE,PRIMARY_FUNCTION_DEGRADED,S1,UNSUPPORTED_FEATURE,FEATURE_NOT_SUPPORTED,PRODUCT_DESIGN|PORTFOLIO|PRICING,USER_GUESS,제품 사양 확인,UNSPECIFIED,FEATURE_ADDITION,FALSE,NONE,MEDIUM,SYNTHETIC_SCENARIO,FALSE,SRC018,CATEGORY_ANCHOR_NOT_ROW_EVIDENCE,ECOMMERCE_REVIEW,KO,MODEL_VERSION,TRAIN,GVS-0362,GALAXY_S_ULTRA에서 UNKNOWN/SHARP_CORNER 조건에 각진 모서리가 손바닥을 눌러 아픔,관찰 사실과 원인 추정을 분리; 모델 기능 호환성 검사
GVS-0363,T37,디자인·기능·가치,PRODUCT,PHONE,S_BASE_PLUS,GALAXY_S_BASE_PLUS,UNSPECIFIED,UNSPECIFIED,UNSPECIFIED,UNSPECIFIED,COMPARISON,DESIGN.SIZE_WEIGHT,VALUE_DISSATISFACTION,카메라 돌출 때문에 책상에서 흔들림,DEVICE_MIGRATION,CAMERA_BUMP,GRADUAL,FREQUENT,NOT_TESTED,TASK_DELAY,S0,COMMERCIAL_PROCESS,COMMERCE_OR_LOGISTICS_PROCESS,PRODUCT_DESIGN|PORTFOLIO|PRICING,USER_GUESS,주문·택배·프로모션 문의,UNSPECIFIED,INFORMATION,FALSE,NONE,MEDIUM,SYNTHETIC_SCENARIO,FALSE,SRC018,CATEGORY_ANCHOR_NOT_ROW_EVIDENCE,CALL_CENTER_TRANSCRIPT,KO,FREQUENCY,TRAIN,GVS-0363,GALAXY_S_BASE_PLUS에서 DEVICE_MIGRATION/CAMERA_BUMP 조건에 카메라 돌출 때문에 책상에서 흔들림,관찰 사실과 원인 추정을 분리; 모델 기능 호환성 검사
GVS-0364,T37,디자인·기능·가치,PRODUCT,PHONE,S_ULTRA,GALAXY_S_ULTRA,UNSPECIFIED,UNSPECIFIED,UNSPECIFIED,UNSPECIFIED,USABILITY_COMPLAINT,PRODUCT.FEATURE_SET,DIFFICULT_TO_USE,microSD 슬롯 삭제가 불편,UNKNOWN,NO_MICROSD,AFTER_AGING,ALWAYS,ALWAYS,MISSED_MOMENT,S1,UNKNOWN,UNKNOWN,PRODUCT_DESIGN|PORTFOLIO|PRICING,USER_GUESS,조치 정보 없음,UNSPECIFIED,USABILITY_IMPROVEMENT,FALSE,NONE,LOW,SYNTHETIC_SCENARIO,FALSE,SRC018,CATEGORY_ANCHOR_NOT_ROW_EVIDENCE,SERVICE_INTAKE,KO,TRIGGER,TRAIN,GVS-0364,GALAXY_S_ULTRA에서 UNKNOWN/NO_MICROSD 조건에 microSD 슬롯 삭제가 불편,관찰 사실과 원인 추정을 분리; 모델 기능 호환성 검사
GVS-0365,T37,디자인·기능·가치,PRODUCT,PHONE,S_BASE_PLUS,GALAXY_S_BASE_PLUS,UNSPECIFIED,UNSPECIFIED,UNSPECIFIED,UNSPECIFIED,FEATURE_REQUEST,PRODUCT.FEATURE_SET,FEATURE_MISSING,이어폰 단자가 없어 기존 장비를 못 씀,DEVICE_MIGRATION,NO_HEADPHONE,UNKNOWN,RARE,UNKNOWN,WORK_INTERRUPTED,S0,COMMERCIAL_PROCESS,COMMERCE_OR_LOGISTICS_PROCESS,PRODUCT_DESIGN|PORTFOLIO|PRICING,USER_GUESS,주문·택배·프로모션 문의,UNSPECIFIED,FEATURE_ADDITION,FALSE,NONE,HIGH,SYNTHETIC_SCENARIO,FALSE,SRC018,CATEGORY_ANCHOR_NOT_ROW_EVIDENCE,SNS_POST,KO,ATTEMPTED_ACTION,TRAIN,GVS-0365,GALAXY_S_BASE_PLUS에서 DEVICE_MIGRATION/NO_HEADPHONE 조건에 이어폰 단자가 없어 기존 장비를 못 씀,관찰 사실과 원인 추정을 분리; 모델 기능 호환성 검사
GVS-0366,T37,디자인·기능·가치,PRODUCT,PHONE,S_FE,GALAXY_S_FE,UNSPECIFIED,UNSPECIFIED,UNSPECIFIED,UNSPECIFIED,COMPARISON,PRODUCT.FEATURE_SET,VALUE_DISSATISFACTION,충전기 미포함인데 가격이 높다고 느낌,UNKNOWN,NO_CHARGER,AFTER_EVENT,INTERMITTENT,CONDITIONAL,REPEATED_RETRY,S1,UNSUPPORTED_FEATURE,FEATURE_NOT_SUPPORTED,PRODUCT_DESIGN|PORTFOLIO|PRICING,USER_GUESS,제품 사양 확인,UNSPECIFIED,INFORMATION,FALSE,NONE,LOW,SYNTHETIC_SCENARIO,FALSE,SRC018,CATEGORY_ANCHOR_NOT_ROW_EVIDENCE,COMMUNITY_POST,KO,MODEL_AND_VERSION,VALID,GVS-0366,GALAXY_S_FE에서 UNKNOWN/NO_CHARGER 조건에 충전기 미포함인데 가격이 높다고 느낌,관찰 사실과 원인 추정을 분리; 모델 기능 호환성 검사
GVS-0367,T37,디자인·기능·가치,PRODUCT,PHONE,S_ULTRA,GALAXY_S_ULTRA,UNSPECIFIED,UNSPECIFIED,UNSPECIFIED,UNSPECIFIED,USABILITY_COMPLAINT,PRODUCT.VALUE,DIFFICULT_TO_USE,저장용량 단계별 가격 차이가 과도,DEVICE_MIGRATION,STORAGE_UPSELL,IMMEDIATE,DAILY,REPRODUCIBLE,DATA_OR_SERVICE_UNAVAILABLE,S0,COMMERCIAL_PROCESS,COMMERCE_OR_LOGISTICS_PROCESS,PRODUCT_DESIGN|PORTFOLIO|PRICING,USER_GUESS,주문·택배·프로모션 문의,UNSPECIFIED,USABILITY_IMPROVEMENT,FALSE,NONE,MEDIUM,SYNTHETIC_SCENARIO,FALSE,SRC018,CATEGORY_ANCHOR_NOT_ROW_EVIDENCE,CHAT_SUPPORT,KO,TIME_PATTERN,TRAIN,GVS-0367,GALAXY_S_ULTRA에서 DEVICE_MIGRATION/STORAGE_UPSELL 조건에 저장용량 단계별 가격 차이가 과도,관찰 사실과 원인 추정을 분리; 모델 기능 호환성 검사
GVS-0368,T37,디자인·기능·가치,PRODUCT,PHONE,S_BASE_PLUS,GALAXY_S_BASE_PLUS,UNSPECIFIED,UNSPECIFIED,UNSPECIFIED,UNSPECIFIED,FEATURE_REQUEST,PRODUCT.VALUE,FEATURE_MISSING,경쟁 제품보다 충전 속도가 느리다고 비교,UNKNOWN,SLOW_CHARGE_COMPARE,GRADUAL,FREQUENT,NOT_TESTED,TRAVEL_DISRUPTION,S1,UNSUPPORTED_FEATURE,FEATURE_NOT_SUPPORTED,PRODUCT_DESIGN|PORTFOLIO|PRICING,USER_GUESS,제품 사양 확인,UNSPECIFIED,FEATURE_ADDITION,FALSE,NONE,MEDIUM,SYNTHETIC_SCENARIO,FALSE,SRC018,CATEGORY_ANCHOR_NOT_ROW_EVIDENCE,SURVEY_FREE_TEXT,EN,NONE,TRAIN,GVS-0368,GALAXY_S_BASE_PLUS에서 UNKNOWN/SLOW_CHARGE_COMPARE 조건에 경쟁 제품보다 충전 속도가 느리다고 비교,관찰 사실과 원인 추정을 분리; 모델 기능 호환성 검사
GVS-0369,T37,디자인·기능·가치,PRODUCT,PHONE,Z_FOLD,GALAXY_Z_FOLD,UNSPECIFIED,UNSPECIFIED,UNSPECIFIED,UNSPECIFIED,COMPARISON,PRODUCT.VALUE,VALUE_DISSATISFACTION,중고가 하락이 빨라 가치가 낮다고 평가,DEVICE_MIGRATION,TRADE_IN_VALUE,AFTER_AGING,ALWAYS,ALWAYS,FINANCIAL_OR_TIME_COST,S0,COMMERCIAL_PROCESS,COMMERCE_OR_LOGISTICS_PROCESS,PRODUCT_DESIGN|PORTFOLIO|PRICING,USER_GUESS,주문·택배·프로모션 문의,UNSPECIFIED,INFORMATION,FALSE,NONE,LOW,SYNTHETIC_SCENARIO,FALSE,SRC018,CATEGORY_ANCHOR_NOT_ROW_EVIDENCE,STORE_REVIEW,EN,CONTEXT,TRAIN,GVS-0369,GALAXY_Z_FOLD에서 DEVICE_MIGRATION/TRADE_IN_VALUE 조건에 중고가 하락이 빨라 가치가 낮다고 평가,관찰 사실과 원인 추정을 분리; 모델 기능 호환성 검사
GVS-0370,T37,디자인·기능·가치,PRODUCT,PHONE,S_ULTRA,GALAXY_S_ULTRA,UNSPECIFIED,UNSPECIFIED,UNSPECIFIED,UNSPECIFIED,USABILITY_COMPLAINT,PRODUCT.VALUE,DIFFICULT_TO_USE,전작과 체감 차이가 적어 업그레이드 이유가 없음,UNKNOWN,PREVIOUS_MODEL,UNKNOWN,RARE,UNKNOWN,USER_CONFUSION,S1,UNKNOWN,UNKNOWN,PRODUCT_DESIGN|PORTFOLIO|PRICING,USER_GUESS,조치 정보 없음,UNSPECIFIED,USABILITY_IMPROVEMENT,FALSE,NONE,HIGH,SYNTHETIC_SCENARIO,FALSE,SRC018,CATEGORY_ANCHOR_NOT_ROW_EVIDENCE,EMAIL_COMPLAINT,KO_EN_MIXED,MULTIPLE_FIELDS,TRAIN,GVS-0370,GALAXY_S_ULTRA에서 UNKNOWN/PREVIOUS_MODEL 조건에 전작과 체감 차이가 적어 업그레이드 이유가 없음,관찰 사실과 원인 추정을 분리; 모델 기능 호환성 검사
GVS-0371,T38,주문·프로모션·배송,COMMERCE,COMMERCE,COMMERCE,COMMERCE,UNSPECIFIED,UNSPECIFIED,UNSPECIFIED,UNSPECIFIED,PURCHASE_COMPLAINT,COMMERCE.ORDER_PROMO,NO_FUNCTION,사전예약 주문 상태가 며칠째 준비 중,UNKNOWN,PREORDER,AFTER_EVENT,INTERMITTENT,CONDITIONAL,BATTERY_ANXIETY,S1,COMMERCIAL_PROCESS,COMMERCE_OR_LOGISTICS_PROCESS,ECOMMERCE|PAYMENT|PROMOTION|LOGISTICS,USER_GUESS,주문·택배·프로모션 문의,UNSPECIFIED,ORDER_REMEDY_OR_REFUND,FALSE,NONE,LOW,SYNTHETIC_SCENARIO,FALSE,SRC022,CATEGORY_ANCHOR_NOT_ROW_EVIDENCE,SAMSUNG_MEMBERS,KO,NONE,TEST,GVS-0371,COMMERCE에서 UNKNOWN/PREORDER 조건에 사전예약 주문 상태가 며칠째 준비 중,관찰 사실과 원인 추정을 분리; 모델 기능 호환성 검사
GVS-0372,T38,주문·프로모션·배송,COMMERCE,COMMERCE,COMMERCE,COMMERCE,UNSPECIFIED,UNSPECIFIED,UNSPECIFIED,UNSPECIFIED,PURCHASE_COMPLAINT,COMMERCE.DELIVERY,DELAY,쿠폰 조건을 충족했는데 적용되지 않음,UNKNOWN,COUPON,IMMEDIATE,DAILY,REPRODUCIBLE,PRIMARY_FUNCTION_DEGRADED,S2,COMMERCIAL_PROCESS,COMMERCE_OR_LOGISTICS_PROCESS,ECOMMERCE|PAYMENT|PROMOTION|LOGISTICS,USER_GUESS,주문·택배·프로모션 문의,UNSPECIFIED,ORDER_REMEDY_OR_REFUND,FALSE,NONE,MEDIUM,SYNTHETIC_SCENARIO,FALSE,SRC022,CATEGORY_ANCHOR_NOT_ROW_EVIDENCE,ECOMMERCE_REVIEW,KO,MODEL_VERSION,TRAIN,GVS-0372,COMMERCE에서 UNKNOWN/COUPON 조건에 쿠폰 조건을 충족했는데 적용되지 않음,관찰 사실과 원인 추정을 분리; 모델 기능 호환성 검사
GVS-0373,T38,주문·프로모션·배송,COMMERCE,COMMERCE,COMMERCE,COMMERCE,UNSPECIFIED,UNSPECIFIED,UNSPECIFIED,UNSPECIFIED,PURCHASE_COMPLAINT,COMMERCE.ORDER_PROMO,MISSING_DATA,교육 할인 인증이 반복 실패,UNKNOWN,EDUCATION_DISCOUNT,GRADUAL,FREQUENT,NOT_TESTED,TASK_DELAY,S3,COMMERCIAL_PROCESS,COMMERCE_OR_LOGISTICS_PROCESS,ECOMMERCE|PAYMENT|PROMOTION|LOGISTICS,USER_GUESS,주문·택배·프로모션 문의,UNSPECIFIED,ORDER_REMEDY_OR_REFUND,FALSE,NONE,MEDIUM,SYNTHETIC_SCENARIO,FALSE,SRC022,CATEGORY_ANCHOR_NOT_ROW_EVIDENCE,CALL_CENTER_TRANSCRIPT,KO,FREQUENCY,TRAIN,GVS-0373,COMMERCE에서 UNKNOWN/EDUCATION_DISCOUNT 조건에 교육 할인 인증이 반복 실패,관찰 사실과 원인 추정을 분리; 모델 기능 호환성 검사
GVS-0374,T38,주문·프로모션·배송,COMMERCE,COMMERCE,COMMERCE,COMMERCE,UNSPECIFIED,UNSPECIFIED,UNSPECIFIED,UNSPECIFIED,PURCHASE_COMPLAINT,COMMERCE.DELIVERY,VALUE_DISSATISFACTION,장바구니에서 결제 단계로 가며 가격이 변경,UNKNOWN,CART_PRICE,AFTER_AGING,ALWAYS,ALWAYS,MISSED_MOMENT,S1,COMMERCIAL_PROCESS,COMMERCE_OR_LOGISTICS_PROCESS,ECOMMERCE|PAYMENT|PROMOTION|LOGISTICS,USER_GUESS,주문·택배·프로모션 문의,UNSPECIFIED,ORDER_REMEDY_OR_REFUND,FALSE,NONE,LOW,SYNTHETIC_SCENARIO,FALSE,SRC022,CATEGORY_ANCHOR_NOT_ROW_EVIDENCE,SERVICE_INTAKE,KO,TRIGGER,TRAIN,GVS-0374,COMMERCE에서 UNKNOWN/CART_PRICE 조건에 장바구니에서 결제 단계로 가며 가격이 변경,관찰 사실과 원인 추정을 분리; 모델 기능 호환성 검사
GVS-0375,T38,주문·프로모션·배송,COMMERCE,COMMERCE,COMMERCE,COMMERCE,UNSPECIFIED,UNSPECIFIED,UNSPECIFIED,UNSPECIFIED,PURCHASE_COMPLAINT,COMMERCE.ORDER_PROMO,NO_FUNCTION,결제 승인됐지만 주문 내역이 생성되지 않음,UNKNOWN,PAYMENT,UNKNOWN,RARE,UNKNOWN,WORK_INTERRUPTED,S2,COMMERCIAL_PROCESS,COMMERCE_OR_LOGISTICS_PROCESS,ECOMMERCE|PAYMENT|PROMOTION|LOGISTICS,USER_GUESS,주문·택배·프로모션 문의,UNSPECIFIED,ORDER_REMEDY_OR_REFUND,FALSE,NONE,HIGH,SYNTHETIC_SCENARIO,FALSE,SRC022,CATEGORY_ANCHOR_NOT_ROW_EVIDENCE,SNS_POST,KO,ATTEMPTED_ACTION,TRAIN,GVS-0375,COMMERCE에서 UNKNOWN/PAYMENT 조건에 결제 승인됐지만 주문 내역이 생성되지 않음,관찰 사실과 원인 추정을 분리; 모델 기능 호환성 검사
GVS-0376,T38,주문·프로모션·배송,COMMERCE,COMMERCE,COMMERCE,COMMERCE,UNSPECIFIED,UNSPECIFIED,UNSPECIFIED,UNSPECIFIED,PURCHASE_COMPLAINT,COMMERCE.DELIVERY,DELAY,재고가 있는데 주문이 자동 취소,UNKNOWN,ORDER_CANCEL,AFTER_EVENT,INTERMITTENT,CONDITIONAL,REPEATED_RETRY,S3,COMMERCIAL_PROCESS,COMMERCE_OR_LOGISTICS_PROCESS,ECOMMERCE|PAYMENT|PROMOTION|LOGISTICS,USER_GUESS,주문·택배·프로모션 문의,UNSPECIFIED,ORDER_REMEDY_OR_REFUND,FALSE,NONE,LOW,SYNTHETIC_SCENARIO,FALSE,SRC022,CATEGORY_ANCHOR_NOT_ROW_EVIDENCE,COMMUNITY_POST,KO,MODEL_AND_VERSION,TRAIN,GVS-0376,COMMERCE에서 UNKNOWN/ORDER_CANCEL 조건에 재고가 있는데 주문이 자동 취소,관찰 사실과 원인 추정을 분리; 모델 기능 호환성 검사
GVS-0377,T38,주문·프로모션·배송,COMMERCE,COMMERCE,COMMERCE,COMMERCE,UNSPECIFIED,UNSPECIFIED,UNSPECIFIED,UNSPECIFIED,PURCHASE_COMPLAINT,COMMERCE.ORDER_PROMO,MISSING_DATA,출시일이 지나도 배송 일정 안내가 없음,UNKNOWN,SHIPMENT_DELAY,IMMEDIATE,DAILY,REPRODUCIBLE,DATA_OR_SERVICE_UNAVAILABLE,S1,COMMERCIAL_PROCESS,COMMERCE_OR_LOGISTICS_PROCESS,ECOMMERCE|PAYMENT|PROMOTION|LOGISTICS,USER_GUESS,주문·택배·프로모션 문의,UNSPECIFIED,ORDER_REMEDY_OR_REFUND,FALSE,NONE,MEDIUM,SYNTHETIC_SCENARIO,FALSE,SRC022,CATEGORY_ANCHOR_NOT_ROW_EVIDENCE,CHAT_SUPPORT,KO,TIME_PATTERN,TRAIN,GVS-0377,COMMERCE에서 UNKNOWN/SHIPMENT_DELAY 조건에 출시일이 지나도 배송 일정 안내가 없음,관찰 사실과 원인 추정을 분리; 모델 기능 호환성 검사
GVS-0378,T38,주문·프로모션·배송,COMMERCE,COMMERCE,COMMERCE,COMMERCE,UNSPECIFIED,UNSPECIFIED,UNSPECIFIED,UNSPECIFIED,PURCHASE_COMPLAINT,COMMERCE.DELIVERY,VALUE_DISSATISFACTION,주문한 색상과 다른 제품이 도착,UNKNOWN,WRONG_COLOR,GRADUAL,FREQUENT,NOT_TESTED,TRAVEL_DISRUPTION,S2,COMMERCIAL_PROCESS,COMMERCE_OR_LOGISTICS_PROCESS,ECOMMERCE|PAYMENT|PROMOTION|LOGISTICS,USER_GUESS,주문·택배·프로모션 문의,UNSPECIFIED,ORDER_REMEDY_OR_REFUND,FALSE,NONE,MEDIUM,SYNTHETIC_SCENARIO,FALSE,SRC022,CATEGORY_ANCHOR_NOT_ROW_EVIDENCE,SURVEY_FREE_TEXT,EN,NONE,TRAIN,GVS-0378,COMMERCE에서 UNKNOWN/WRONG_COLOR 조건에 주문한 색상과 다른 제품이 도착,관찰 사실과 원인 추정을 분리; 모델 기능 호환성 검사
GVS-0379,T38,주문·프로모션·배송,COMMERCE,COMMERCE,COMMERCE,COMMERCE,UNSPECIFIED,UNSPECIFIED,UNSPECIFIED,UNSPECIFIED,PURCHASE_COMPLAINT,COMMERCE.ORDER_PROMO,NO_FUNCTION,사은품 신청 기록이 누락,UNKNOWN,MISSING_GIFT,AFTER_AGING,ALWAYS,ALWAYS,FINANCIAL_OR_TIME_COST,S3,COMMERCIAL_PROCESS,COMMERCE_OR_LOGISTICS_PROCESS,ECOMMERCE|PAYMENT|PROMOTION|LOGISTICS,USER_GUESS,주문·택배·프로모션 문의,UNSPECIFIED,ORDER_REMEDY_OR_REFUND,FALSE,NONE,LOW,SYNTHETIC_SCENARIO,FALSE,SRC022,CATEGORY_ANCHOR_NOT_ROW_EVIDENCE,STORE_REVIEW,EN,CONTEXT,TRAIN,GVS-0379,COMMERCE에서 UNKNOWN/MISSING_GIFT 조건에 사은품 신청 기록이 누락,관찰 사실과 원인 추정을 분리; 모델 기능 호환성 검사
GVS-0380,T38,주문·프로모션·배송,COMMERCE,COMMERCE,COMMERCE,COMMERCE,UNSPECIFIED,UNSPECIFIED,UNSPECIFIED,UNSPECIFIED,PURCHASE_COMPLAINT,COMMERCE.DELIVERY,DELAY,배송 박스와 제품 외관이 파손,UNKNOWN,DELIVERY_DAMAGE,UNKNOWN,RARE,UNKNOWN,USER_CONFUSION,S1,COMMERCIAL_PROCESS,COMMERCE_OR_LOGISTICS_PROCESS,ECOMMERCE|PAYMENT|PROMOTION|LOGISTICS,USER_GUESS,주문·택배·프로모션 문의,UNSPECIFIED,ORDER_REMEDY_OR_REFUND,FALSE,NONE,HIGH,SYNTHETIC_SCENARIO,FALSE,SRC022,CATEGORY_ANCHOR_NOT_ROW_EVIDENCE,EMAIL_COMPLAINT,KO_EN_MIXED,MULTIPLE_FIELDS,TRAIN,GVS-0380,COMMERCE에서 UNKNOWN/DELIVERY_DAMAGE 조건에 배송 박스와 제품 외관이 파손,관찰 사실과 원인 추정을 분리; 모델 기능 호환성 검사
GVS-0381,T39,보증·수리·데이터,SERVICE,SERVICE,SERVICE,SERVICE,UNSPECIFIED,UNSPECIFIED,UNSPECIFIED,UNSPECIFIED,SERVICE_COMPLAINT,SERVICE.WARRANTY,DELAY,작은 외관 흠집을 이유로 무상수리가 거절,UNKNOWN,WARRANTY_DENIAL,AFTER_EVENT,INTERMITTENT,CONDITIONAL,BATTERY_ANXIETY,S1,SERVICE_PROCESS,SERVICE_POLICY_OR_PROCESS,SERVICE_PROCESS|PARTS|DIAGNOSIS|DATA_HANDLING,USER_GUESS,센터·고객지원 문의,UNSPECIFIED,SERVICE_REVIEW_OR_REMEDY,FALSE,NONE,LOW,SYNTHETIC_SCENARIO,FALSE,SRC022,CATEGORY_ANCHOR_NOT_ROW_EVIDENCE,SAMSUNG_MEMBERS,KO,NONE,TRAIN,GVS-0381,SERVICE에서 UNKNOWN/WARRANTY_DENIAL 조건에 작은 외관 흠집을 이유로 무상수리가 거절,관찰 사실과 원인 추정을 분리; 모델 기능 호환성 검사
GVS-0382,T39,보증·수리·데이터,SERVICE,SERVICE,SERVICE,SERVICE,UNSPECIFIED,UNSPECIFIED,UNSPECIFIED,UNSPECIFIED,WARRANTY_DISPUTE,SERVICE.REPAIR,VALUE_DISSATISFACTION,고장과 무관한 찍힘이 과실 판정 근거가 됨,UNKNOWN,COSMETIC_DAMAGE,IMMEDIATE,DAILY,REPRODUCIBLE,PRIMARY_FUNCTION_DEGRADED,S2,SERVICE_PROCESS,SERVICE_POLICY_OR_PROCESS,SERVICE_PROCESS|PARTS|DIAGNOSIS|DATA_HANDLING,USER_GUESS,센터·고객지원 문의,UNSPECIFIED,WARRANTY_REASSESSMENT,FALSE,NONE,MEDIUM,SYNTHETIC_SCENARIO,FALSE,SRC023,CATEGORY_ANCHOR_NOT_ROW_EVIDENCE,ECOMMERCE_REVIEW,KO,MODEL_VERSION,TRAIN,GVS-0382,SERVICE에서 UNKNOWN/COSMETIC_DAMAGE 조건에 고장과 무관한 찍힘이 과실 판정 근거가 됨,관찰 사실과 원인 추정을 분리; 모델 기능 호환성 검사
GVS-0383,T39,보증·수리·데이터,SERVICE,SERVICE,SERVICE,SERVICE,UNSPECIFIED,UNSPECIFIED,UNSPECIFIED,UNSPECIFIED,SERVICE_COMPLAINT,SERVICE.DATA_HANDLING,MISSING_DATA,같은 증상으로 여러 번 수리했지만 재발,UNKNOWN,REPEAT_REPAIR,GRADUAL,FREQUENT,NOT_TESTED,TASK_DELAY,S3,SERVICE_PROCESS,SERVICE_POLICY_OR_PROCESS,SERVICE_PROCESS|PARTS|DIAGNOSIS|DATA_HANDLING,USER_GUESS,센터·고객지원 문의,UNSPECIFIED,SERVICE_REVIEW_OR_REMEDY,FALSE,NONE,MEDIUM,SYNTHETIC_SCENARIO,FALSE,SRC022,CATEGORY_ANCHOR_NOT_ROW_EVIDENCE,CALL_CENTER_TRANSCRIPT,KO,FREQUENCY,TRAIN,GVS-0383,SERVICE에서 UNKNOWN/REPEAT_REPAIR 조건에 같은 증상으로 여러 번 수리했지만 재발,관찰 사실과 원인 추정을 분리; 모델 기능 호환성 검사
GVS-0384,T39,보증·수리·데이터,SERVICE,SERVICE,SERVICE,SERVICE,UNSPECIFIED,UNSPECIFIED,UNSPECIFIED,UNSPECIFIED,WARRANTY_DISPUTE,SERVICE.WARRANTY,NO_FUNCTION,부품 재고가 없어 수리 일정이 계속 미뤄짐,UNKNOWN,PARTS_SHORTAGE,AFTER_AGING,ALWAYS,ALWAYS,MISSED_MOMENT,S4,SERVICE_PROCESS,SERVICE_POLICY_OR_PROCESS,SERVICE_PROCESS|PARTS|DIAGNOSIS|DATA_HANDLING,USER_GUESS,센터·고객지원 문의,UNSPECIFIED,WARRANTY_REASSESSMENT,FALSE,DATA_IRREVERSIBLE,LOW,SYNTHETIC_SCENARIO,FALSE,SRC023,CATEGORY_ANCHOR_NOT_ROW_EVIDENCE,SERVICE_INTAKE,KO,TRIGGER,TRAIN,GVS-0384,SERVICE에서 UNKNOWN/PARTS_SHORTAGE 조건에 부품 재고가 없어 수리 일정이 계속 미뤄짐,관찰 사실과 원인 추정을 분리; 모델 기능 호환성 검사
GVS-0385,T39,보증·수리·데이터,SERVICE,SERVICE,SERVICE,SERVICE,UNSPECIFIED,UNSPECIFIED,UNSPECIFIED,UNSPECIFIED,SERVICE_COMPLAINT,SERVICE.REPAIR,DELAY,센터에서는 정상이라지만 집에서 재현,UNKNOWN,NO_FAULT_FOUND,UNKNOWN,RARE,UNKNOWN,WORK_INTERRUPTED,S1,SERVICE_PROCESS,SERVICE_POLICY_OR_PROCESS,SERVICE_PROCESS|PARTS|DIAGNOSIS|DATA_HANDLING,USER_GUESS,센터·고객지원 문의,UNSPECIFIED,SERVICE_REVIEW_OR_REMEDY,FALSE,NONE,HIGH,SYNTHETIC_SCENARIO,FALSE,SRC022,CATEGORY_ANCHOR_NOT_ROW_EVIDENCE,SNS_POST,KO,ATTEMPTED_ACTION,TRAIN,GVS-0385,SERVICE에서 UNKNOWN/NO_FAULT_FOUND 조건에 센터에서는 정상이라지만 집에서 재현,관찰 사실과 원인 추정을 분리; 모델 기능 호환성 검사
GVS-0386,T39,보증·수리·데이터,SERVICE,SERVICE,SERVICE,SERVICE,UNSPECIFIED,UNSPECIFIED,UNSPECIFIED,UNSPECIFIED,WARRANTY_DISPUTE,SERVICE.DATA_HANDLING,VALUE_DISSATISFACTION,메인보드 교체 전 데이터 삭제 안내가 부족,UNKNOWN,MAINBOARD_REPLACE,AFTER_EVENT,INTERMITTENT,CONDITIONAL,REPEATED_RETRY,S2,SERVICE_PROCESS,SERVICE_POLICY_OR_PROCESS,SERVICE_PROCESS|PARTS|DIAGNOSIS|DATA_HANDLING,USER_GUESS,센터·고객지원 문의,UNSPECIFIED,WARRANTY_REASSESSMENT,FALSE,NONE,LOW,SYNTHETIC_SCENARIO,FALSE,SRC023,CATEGORY_ANCHOR_NOT_ROW_EVIDENCE,COMMUNITY_POST,KO,MODEL_AND_VERSION,TRAIN,GVS-0386,SERVICE에서 UNKNOWN/MAINBOARD_REPLACE 조건에 메인보드 교체 전 데이터 삭제 안내가 부족,관찰 사실과 원인 추정을 분리; 모델 기능 호환성 검사
GVS-0387,T39,보증·수리·데이터,SERVICE,SERVICE,SERVICE,SERVICE,UNSPECIFIED,UNSPECIFIED,UNSPECIFIED,UNSPECIFIED,SERVICE_COMPLAINT,SERVICE.WARRANTY,MISSING_DATA,수리 후 사진과 인증 정보가 모두 사라짐,UNKNOWN,FACTORY_RESET,IMMEDIATE,DAILY,REPRODUCIBLE,DATA_OR_SERVICE_UNAVAILABLE,S3,SERVICE_PROCESS,SERVICE_POLICY_OR_PROCESS,SERVICE_PROCESS|PARTS|DIAGNOSIS|DATA_HANDLING,USER_GUESS,센터·고객지원 문의,UNSPECIFIED,SERVICE_REVIEW_OR_REMEDY,FALSE,NONE,MEDIUM,SYNTHETIC_SCENARIO,FALSE,SRC022,CATEGORY_ANCHOR_NOT_ROW_EVIDENCE,CHAT_SUPPORT,KO,TIME_PATTERN,TRAIN,GVS-0387,SERVICE에서 UNKNOWN/FACTORY_RESET 조건에 수리 후 사진과 인증 정보가 모두 사라짐,관찰 사실과 원인 추정을 분리; 모델 기능 호환성 검사
GVS-0388,T39,보증·수리·데이터,SERVICE,SERVICE,SERVICE,SERVICE,UNSPECIFIED,UNSPECIFIED,UNSPECIFIED,UNSPECIFIED,WARRANTY_DISPUTE,SERVICE.REPAIR,NO_FUNCTION,Maintenance Mode 사용법 안내를 받지 못함,UNKNOWN,MAINTENANCE_MODE,GRADUAL,FREQUENT,NOT_TESTED,TRAVEL_DISRUPTION,S4,SERVICE_PROCESS,SERVICE_POLICY_OR_PROCESS,SERVICE_PROCESS|PARTS|DIAGNOSIS|DATA_HANDLING,USER_GUESS,센터·고객지원 문의,UNSPECIFIED,WARRANTY_REASSESSMENT,FALSE,DATA_IRREVERSIBLE,MEDIUM,SYNTHETIC_SCENARIO,FALSE,SRC023,CATEGORY_ANCHOR_NOT_ROW_EVIDENCE,SURVEY_FREE_TEXT,EN,NONE,VALID,GVS-0388,SERVICE에서 UNKNOWN/MAINTENANCE_MODE 조건에 Maintenance Mode 사용법 안내를 받지 못함,관찰 사실과 원인 추정을 분리; 모델 기능 호환성 검사
GVS-0389,T39,보증·수리·데이터,SERVICE,SERVICE,SERVICE,SERVICE,UNSPECIFIED,UNSPECIFIED,UNSPECIFIED,UNSPECIFIED,SERVICE_COMPLAINT,SERVICE.DATA_HANDLING,DELAY,택배 수리 중 진행 상태를 알 수 없음,UNKNOWN,MAIL_IN,AFTER_AGING,ALWAYS,ALWAYS,FINANCIAL_OR_TIME_COST,S1,SERVICE_PROCESS,SERVICE_POLICY_OR_PROCESS,SERVICE_PROCESS|PARTS|DIAGNOSIS|DATA_HANDLING,USER_GUESS,센터·고객지원 문의,UNSPECIFIED,SERVICE_REVIEW_OR_REMEDY,FALSE,NONE,LOW,SYNTHETIC_SCENARIO,FALSE,SRC022,CATEGORY_ANCHOR_NOT_ROW_EVIDENCE,STORE_REVIEW,EN,CONTEXT,TRAIN,GVS-0389,SERVICE에서 UNKNOWN/MAIL_IN 조건에 택배 수리 중 진행 상태를 알 수 없음,관찰 사실과 원인 추정을 분리; 모델 기능 호환성 검사
GVS-0390,T39,보증·수리·데이터,SERVICE,SERVICE,SERVICE,SERVICE,UNSPECIFIED,UNSPECIFIED,UNSPECIFIED,UNSPECIFIED,WARRANTY_DISPUTE,SERVICE.WARRANTY,VALUE_DISSATISFACTION,센터와 고객지원의 설명이 서로 다름,UNKNOWN,COMMUNICATION,UNKNOWN,RARE,UNKNOWN,USER_CONFUSION,S2,SERVICE_PROCESS,SERVICE_POLICY_OR_PROCESS,SERVICE_PROCESS|PARTS|DIAGNOSIS|DATA_HANDLING,USER_GUESS,센터·고객지원 문의,UNSPECIFIED,WARRANTY_REASSESSMENT,FALSE,NONE,HIGH,SYNTHETIC_SCENARIO,FALSE,SRC023,CATEGORY_ANCHOR_NOT_ROW_EVIDENCE,EMAIL_COMPLAINT,KO_EN_MIXED,MULTIPLE_FIELDS,VALID,GVS-0390,SERVICE에서 UNKNOWN/COMMUNICATION 조건에 센터와 고객지원의 설명이 서로 다름,관찰 사실과 원인 추정을 분리; 모델 기능 호환성 검사
GVS-0391,T40,보상판매,TRADE_IN,COMMERCE,COMMERCE,COMMERCE,UNSPECIFIED,UNSPECIFIED,UNSPECIFIED,UNSPECIFIED,PURCHASE_COMPLAINT,TRADE_IN.VALUATION,VALUE_DISSATISFACTION,온라인 예상가보다 실제 판정가가 크게 낮음,UNKNOWN,GRADE_DOWN,AFTER_EVENT,INTERMITTENT,CONDITIONAL,BATTERY_ANXIETY,S1,COMMERCIAL_PROCESS,COMMERCE_OR_LOGISTICS_PROCESS,TRADE_IN_PROCESS|LOGISTICS|VALUATION,USER_GUESS,주문·택배·프로모션 문의,UNSPECIFIED,ORDER_REMEDY_OR_REFUND,FALSE,NONE,LOW,SYNTHETIC_SCENARIO,FALSE,SRC022,CATEGORY_ANCHOR_NOT_ROW_EVIDENCE,SAMSUNG_MEMBERS,KO,NONE,TRAIN,GVS-0391,COMMERCE에서 UNKNOWN/GRADE_DOWN 조건에 온라인 예상가보다 실제 판정가가 크게 낮음,관찰 사실과 원인 추정을 분리; 모델 기능 호환성 검사
GVS-0392,T40,보상판매,TRADE_IN,COMMERCE,COMMERCE,COMMERCE,UNSPECIFIED,UNSPECIFIED,UNSPECIFIED,UNSPECIFIED,PURCHASE_COMPLAINT,TRADE_IN.LOGISTICS,MISSING_DATA,화면 번인을 이유로 등급이 하락,UNKNOWN,SCREEN_BURN_IN,IMMEDIATE,DAILY,REPRODUCIBLE,PRIMARY_FUNCTION_DEGRADED,S2,COMMERCIAL_PROCESS,COMMERCE_OR_LOGISTICS_PROCESS,TRADE_IN_PROCESS|LOGISTICS|VALUATION,USER_GUESS,주문·택배·프로모션 문의,UNSPECIFIED,ORDER_REMEDY_OR_REFUND,FALSE,NONE,MEDIUM,SYNTHETIC_SCENARIO,FALSE,SRC022,CATEGORY_ANCHOR_NOT_ROW_EVIDENCE,ECOMMERCE_REVIEW,KO,MODEL_VERSION,TRAIN,GVS-0392,COMMERCE에서 UNKNOWN/SCREEN_BURN_IN 조건에 화면 번인을 이유로 등급이 하락,관찰 사실과 원인 추정을 분리; 모델 기능 호환성 검사
GVS-0393,T40,보상판매,TRADE_IN,COMMERCE,COMMERCE,COMMERCE,UNSPECIFIED,UNSPECIFIED,UNSPECIFIED,UNSPECIFIED,PURCHASE_COMPLAINT,TRADE_IN.VALUATION,DELAY,IMEI 입력 오류로 접수가 취소,UNKNOWN,IMEI,GRADUAL,FREQUENT,NOT_TESTED,TASK_DELAY,S3,COMMERCIAL_PROCESS,COMMERCE_OR_LOGISTICS_PROCESS,TRADE_IN_PROCESS|LOGISTICS|VALUATION,USER_GUESS,주문·택배·프로모션 문의,UNSPECIFIED,ORDER_REMEDY_OR_REFUND,FALSE,NONE,MEDIUM,SYNTHETIC_SCENARIO,FALSE,SRC022,CATEGORY_ANCHOR_NOT_ROW_EVIDENCE,CALL_CENTER_TRANSCRIPT,KO,FREQUENCY,TRAIN,GVS-0393,COMMERCE에서 UNKNOWN/IMEI 조건에 IMEI 입력 오류로 접수가 취소,관찰 사실과 원인 추정을 분리; 모델 기능 호환성 검사
GVS-0394,T40,보상판매,TRADE_IN,COMMERCE,COMMERCE,COMMERCE,UNSPECIFIED,UNSPECIFIED,UNSPECIFIED,UNSPECIFIED,PURCHASE_COMPLAINT,TRADE_IN.LOGISTICS,PHYSICAL_DAMAGE,택배 추적상 배송됐지만 기기를 찾지 못함,UNKNOWN,LOST_PACKAGE,AFTER_AGING,ALWAYS,ALWAYS,MISSED_MOMENT,S1,COMMERCIAL_PROCESS,COMMERCE_OR_LOGISTICS_PROCESS,TRADE_IN_PROCESS|LOGISTICS|VALUATION,USER_GUESS,주문·택배·프로모션 문의,UNSPECIFIED,ORDER_REMEDY_OR_REFUND,FALSE,NONE,LOW,SYNTHETIC_SCENARIO,FALSE,SRC022,CATEGORY_ANCHOR_NOT_ROW_EVIDENCE,SERVICE_INTAKE,KO,TRIGGER,TRAIN,GVS-0394,COMMERCE에서 UNKNOWN/LOST_PACKAGE 조건에 택배 추적상 배송됐지만 기기를 찾지 못함,관찰 사실과 원인 추정을 분리; 모델 기능 호환성 검사
GVS-0395,T40,보상판매,TRADE_IN,COMMERCE,COMMERCE,COMMERCE,UNSPECIFIED,UNSPECIFIED,UNSPECIFIED,UNSPECIFIED,PURCHASE_COMPLAINT,TRADE_IN.VALUATION,VALUE_DISSATISFACTION,발송 전 사진과 검수 결과가 다름,UNKNOWN,PHOTO_EVIDENCE,UNKNOWN,RARE,UNKNOWN,WORK_INTERRUPTED,S2,COMMERCIAL_PROCESS,COMMERCE_OR_LOGISTICS_PROCESS,TRADE_IN_PROCESS|LOGISTICS|VALUATION,USER_GUESS,주문·택배·프로모션 문의,UNSPECIFIED,ORDER_REMEDY_OR_REFUND,FALSE,NONE,HIGH,SYNTHETIC_SCENARIO,FALSE,SRC022,CATEGORY_ANCHOR_NOT_ROW_EVIDENCE,SNS_POST,KO,ATTEMPTED_ACTION,TRAIN,GVS-0395,COMMERCE에서 UNKNOWN/PHOTO_EVIDENCE 조건에 발송 전 사진과 검수 결과가 다름,관찰 사실과 원인 추정을 분리; 모델 기능 호환성 검사
GVS-0396,T40,보상판매,TRADE_IN,COMMERCE,COMMERCE,COMMERCE,UNSPECIFIED,UNSPECIFIED,UNSPECIFIED,UNSPECIFIED,PURCHASE_COMPLAINT,TRADE_IN.LOGISTICS,MISSING_DATA,반납 기한 안내를 늦게 받아 혜택 취소,UNKNOWN,LATE_RETURN,AFTER_EVENT,INTERMITTENT,CONDITIONAL,REPEATED_RETRY,S3,COMMERCIAL_PROCESS,COMMERCE_OR_LOGISTICS_PROCESS,TRADE_IN_PROCESS|LOGISTICS|VALUATION,USER_GUESS,주문·택배·프로모션 문의,UNSPECIFIED,ORDER_REMEDY_OR_REFUND,FALSE,NONE,LOW,SYNTHETIC_SCENARIO,FALSE,SRC022,CATEGORY_ANCHOR_NOT_ROW_EVIDENCE,COMMUNITY_POST,KO,MODEL_AND_VERSION,TRAIN,GVS-0396,COMMERCE에서 UNKNOWN/LATE_RETURN 조건에 반납 기한 안내를 늦게 받아 혜택 취소,관찰 사실과 원인 추정을 분리; 모델 기능 호환성 검사
GVS-0397,T40,보상판매,TRADE_IN,COMMERCE,COMMERCE,COMMERCE,UNSPECIFIED,UNSPECIFIED,UNSPECIFIED,UNSPECIFIED,PURCHASE_COMPLAINT,TRADE_IN.VALUATION,DELAY,차액 청구 이메일을 받지 못함,UNKNOWN,EMAIL_MISSING,IMMEDIATE,DAILY,REPRODUCIBLE,DATA_OR_SERVICE_UNAVAILABLE,S1,COMMERCIAL_PROCESS,COMMERCE_OR_LOGISTICS_PROCESS,TRADE_IN_PROCESS|LOGISTICS|VALUATION,USER_GUESS,주문·택배·프로모션 문의,UNSPECIFIED,ORDER_REMEDY_OR_REFUND,FALSE,NONE,MEDIUM,SYNTHETIC_SCENARIO,FALSE,SRC022,CATEGORY_ANCHOR_NOT_ROW_EVIDENCE,CHAT_SUPPORT,KO,TIME_PATTERN,TRAIN,GVS-0397,COMMERCE에서 UNKNOWN/EMAIL_MISSING 조건에 차액 청구 이메일을 받지 못함,관찰 사실과 원인 추정을 분리; 모델 기능 호환성 검사
GVS-0398,T40,보상판매,TRADE_IN,COMMERCE,COMMERCE,COMMERCE,UNSPECIFIED,UNSPECIFIED,UNSPECIFIED,UNSPECIFIED,PURCHASE_COMPLAINT,TRADE_IN.LOGISTICS,PHYSICAL_DAMAGE,같은 상태인데 채널별 견적이 다름,UNKNOWN,DIFFERENT_QUOTE,GRADUAL,FREQUENT,NOT_TESTED,TRAVEL_DISRUPTION,S2,COMMERCIAL_PROCESS,COMMERCE_OR_LOGISTICS_PROCESS,TRADE_IN_PROCESS|LOGISTICS|VALUATION,USER_GUESS,주문·택배·프로모션 문의,UNSPECIFIED,ORDER_REMEDY_OR_REFUND,FALSE,NONE,MEDIUM,SYNTHETIC_SCENARIO,FALSE,SRC022,CATEGORY_ANCHOR_NOT_ROW_EVIDENCE,SURVEY_FREE_TEXT,EN,NONE,TRAIN,GVS-0398,COMMERCE에서 UNKNOWN/DIFFERENT_QUOTE 조건에 같은 상태인데 채널별 견적이 다름,관찰 사실과 원인 추정을 분리; 모델 기능 호환성 검사
GVS-0399,T40,보상판매,TRADE_IN,COMMERCE,COMMERCE,COMMERCE,UNSPECIFIED,UNSPECIFIED,UNSPECIFIED,UNSPECIFIED,PURCHASE_COMPLAINT,TRADE_IN.VALUATION,VALUE_DISSATISFACTION,초기화했지만 계정 잠금이 남았다고 반려,UNKNOWN,DATA_WIPE,AFTER_AGING,ALWAYS,ALWAYS,FINANCIAL_OR_TIME_COST,S3,COMMERCIAL_PROCESS,COMMERCE_OR_LOGISTICS_PROCESS,TRADE_IN_PROCESS|LOGISTICS|VALUATION,USER_GUESS,주문·택배·프로모션 문의,UNSPECIFIED,ORDER_REMEDY_OR_REFUND,FALSE,NONE,LOW,SYNTHETIC_SCENARIO,FALSE,SRC022,CATEGORY_ANCHOR_NOT_ROW_EVIDENCE,STORE_REVIEW,EN,CONTEXT,TRAIN,GVS-0399,COMMERCE에서 UNKNOWN/DATA_WIPE 조건에 초기화했지만 계정 잠금이 남았다고 반려,관찰 사실과 원인 추정을 분리; 모델 기능 호환성 검사
GVS-0400,T40,보상판매,TRADE_IN,COMMERCE,COMMERCE,COMMERCE,UNSPECIFIED,UNSPECIFIED,UNSPECIFIED,UNSPECIFIED,PURCHASE_COMPLAINT,TRADE_IN.LOGISTICS,MISSING_DATA,보상 거절된 기기 반환이 지연,UNKNOWN,RETURN_REJECTED,UNKNOWN,RARE,UNKNOWN,USER_CONFUSION,S1,COMMERCIAL_PROCESS,COMMERCE_OR_LOGISTICS_PROCESS,TRADE_IN_PROCESS|LOGISTICS|VALUATION,USER_GUESS,주문·택배·프로모션 문의,UNSPECIFIED,ORDER_REMEDY_OR_REFUND,FALSE,NONE,HIGH,SYNTHETIC_SCENARIO,FALSE,SRC022,CATEGORY_ANCHOR_NOT_ROW_EVIDENCE,EMAIL_COMPLAINT,KO_EN_MIXED,MULTIPLE_FIELDS,TRAIN,GVS-0400,COMMERCE에서 UNKNOWN/RETURN_REJECTED 조건에 보상 거절된 기기 반환이 지연,관찰 사실과 원인 추정을 분리; 모델 기능 호환성 검사
GVS-0401,T41,정상 OIS 소리 Hard negative,HARD_NEGATIVE,PHONE,S_BASE_PLUS,GALAXY_S_BASE_PLUS,UNSPECIFIED,UNSPECIFIED,UNSPECIFIED,UNSPECIFIED,HOW_TO,CAMERA.OIS,FALSE_POSITIVE,폰을 흔들면 카메라 쪽에서 작은 딸깍 소리,IMPACT,SHAKE_PHONE,AFTER_EVENT,INTERMITTENT,CONDITIONAL,BATTERY_ANXIETY,S0,EXPECTED_BEHAVIOR,NORMAL_DESIGN_BEHAVIOR,OIS,USER_GUESS,공식 안내 확인,UNSPECIFIED,INSTRUCTIONS_OR_CONFIRMATION,TRUE,NONE,LOW,SYNTHETIC_SCENARIO,FALSE,SRC009,CATEGORY_ANCHOR_NOT_ROW_EVIDENCE,SAMSUNG_MEMBERS,KO,NONE,TRAIN,GVS-0401,GALAXY_S_BASE_PLUS에서 IMPACT/SHAKE_PHONE 조건에 폰을 흔들면 카메라 쪽에서 작은 딸깍 소리,불량 확정 금지; 정상·설정·외부 요인을 원문에서 확정하지 말 것
GVS-0402,T41,정상 OIS 소리 Hard negative,HARD_NEGATIVE,PHONE,S_ULTRA,GALAXY_S_ULTRA,UNSPECIFIED,UNSPECIFIED,UNSPECIFIED,UNSPECIFIED,HOW_TO,CAMERA.OIS,FALSE_POSITIVE,카메라가 꺼진 상태에서만 렌즈 소리가 남,CAMERA_USE,CAMERA_OFF,IMMEDIATE,DAILY,REPRODUCIBLE,PRIMARY_FUNCTION_DEGRADED,S0,EXPECTED_BEHAVIOR,NORMAL_DESIGN_BEHAVIOR,OIS,USER_GUESS,공식 안내 확인,UNSPECIFIED,INSTRUCTIONS_OR_CONFIRMATION,TRUE,NONE,MEDIUM,SYNTHETIC_SCENARIO,FALSE,SRC009,CATEGORY_ANCHOR_NOT_ROW_EVIDENCE,ECOMMERCE_REVIEW,KO,MODEL_VERSION,TRAIN,GVS-0402,GALAXY_S_ULTRA에서 CAMERA_USE/CAMERA_OFF 조건에 카메라가 꺼진 상태에서만 렌즈 소리가 남,불량 확정 금지; 정상·설정·외부 요인을 원문에서 확정하지 말 것
GVS-0403,T41,정상 OIS 소리 Hard negative,HARD_NEGATIVE,PHONE,S_FE,GALAXY_S_FE,UNSPECIFIED,UNSPECIFIED,UNSPECIFIED,UNSPECIFIED,HOW_TO,CAMERA.OIS,FALSE_POSITIVE,망원 카메라 탑재 모델에서 흔들림 소리,UNKNOWN,ZOOM_LENS,GRADUAL,FREQUENT,NOT_TESTED,TASK_DELAY,S0,EXPECTED_BEHAVIOR,NORMAL_DESIGN_BEHAVIOR,OIS,USER_GUESS,공식 안내 확인,UNSPECIFIED,INSTRUCTIONS_OR_CONFIRMATION,TRUE,NONE,MEDIUM,SYNTHETIC_SCENARIO,FALSE,SRC009,CATEGORY_ANCHOR_NOT_ROW_EVIDENCE,CALL_CENTER_TRANSCRIPT,KO,FREQUENCY,TRAIN,GVS-0403,GALAXY_S_FE에서 UNKNOWN/ZOOM_LENS 조건에 망원 카메라 탑재 모델에서 흔들림 소리,불량 확정 금지; 정상·설정·외부 요인을 원문에서 확정하지 말 것
GVS-0404,T41,정상 OIS 소리 Hard negative,HARD_NEGATIVE,PHONE,Z_FOLD,GALAXY_Z_FOLD,UNSPECIFIED,UNSPECIFIED,UNSPECIFIED,UNSPECIFIED,HOW_TO,CAMERA.OIS,FALSE_POSITIVE,강한 진동 설정에서 카메라 부근 소리가 들림,IMPACT,HAPTIC,AFTER_AGING,ALWAYS,ALWAYS,MISSED_MOMENT,S0,EXPECTED_BEHAVIOR,NORMAL_DESIGN_BEHAVIOR,OIS,USER_GUESS,공식 안내 확인,UNSPECIFIED,INSTRUCTIONS_OR_CONFIRMATION,TRUE,NONE,LOW,SYNTHETIC_SCENARIO,FALSE,SRC009,CATEGORY_ANCHOR_NOT_ROW_EVIDENCE,SERVICE_INTAKE,KO,TRIGGER,TEST,GVS-0404,GALAXY_Z_FOLD에서 IMPACT/HAPTIC 조건에 강한 진동 설정에서 카메라 부근 소리가 들림,불량 확정 금지; 정상·설정·외부 요인을 원문에서 확정하지 말 것
GVS-0405,T41,정상 OIS 소리 Hard negative,HARD_NEGATIVE,PHONE,S_BASE_PLUS,GALAXY_S_BASE_PLUS,UNSPECIFIED,UNSPECIFIED,UNSPECIFIED,UNSPECIFIED,HOW_TO,CAMERA.OIS,FALSE_POSITIVE,걸을 때 가방 안에서 미세한 달그락 소리,CAMERA_USE,WALKING,UNKNOWN,RARE,UNKNOWN,WORK_INTERRUPTED,S0,EXPECTED_BEHAVIOR,NORMAL_DESIGN_BEHAVIOR,OIS,USER_GUESS,공식 안내 확인,UNSPECIFIED,INSTRUCTIONS_OR_CONFIRMATION,TRUE,NONE,HIGH,SYNTHETIC_SCENARIO,FALSE,SRC009,CATEGORY_ANCHOR_NOT_ROW_EVIDENCE,SNS_POST,KO,ATTEMPTED_ACTION,TRAIN,GVS-0405,GALAXY_S_BASE_PLUS에서 CAMERA_USE/WALKING 조건에 걸을 때 가방 안에서 미세한 달그락 소리,불량 확정 금지; 정상·설정·외부 요인을 원문에서 확정하지 말 것
GVS-0406,T41,정상 OIS 소리 Hard negative,HARD_NEGATIVE,PHONE,S_ULTRA,GALAXY_S_ULTRA,UNSPECIFIED,UNSPECIFIED,UNSPECIFIED,UNSPECIFIED,HOW_TO,CAMERA.OIS,FALSE_POSITIVE,가방에서 꺼내 흔들었을 때만 소리,UNKNOWN,BAG,AFTER_EVENT,INTERMITTENT,CONDITIONAL,REPEATED_RETRY,S0,EXPECTED_BEHAVIOR,NORMAL_DESIGN_BEHAVIOR,OIS,USER_GUESS,공식 안내 확인,UNSPECIFIED,INSTRUCTIONS_OR_CONFIRMATION,TRUE,NONE,LOW,SYNTHETIC_SCENARIO,FALSE,SRC009,CATEGORY_ANCHOR_NOT_ROW_EVIDENCE,COMMUNITY_POST,KO,MODEL_AND_VERSION,TRAIN,GVS-0406,GALAXY_S_ULTRA에서 UNKNOWN/BAG 조건에 가방에서 꺼내 흔들었을 때만 소리,불량 확정 금지; 정상·설정·외부 요인을 원문에서 확정하지 말 것
GVS-0407,T41,정상 OIS 소리 Hard negative,HARD_NEGATIVE,PHONE,S_FE,GALAXY_S_FE,UNSPECIFIED,UNSPECIFIED,UNSPECIFIED,UNSPECIFIED,HOW_TO,CAMERA.OIS,FALSE_POSITIVE,낙하 뒤 처음 알아차렸지만 촬영은 정상,IMPACT,AFTER_DROP_CONCERN,IMMEDIATE,DAILY,REPRODUCIBLE,DATA_OR_SERVICE_UNAVAILABLE,S0,EXPECTED_BEHAVIOR,NORMAL_DESIGN_BEHAVIOR,OIS,USER_GUESS,공식 안내 확인,UNSPECIFIED,INSTRUCTIONS_OR_CONFIRMATION,TRUE,NONE,MEDIUM,SYNTHETIC_SCENARIO,FALSE,SRC009,CATEGORY_ANCHOR_NOT_ROW_EVIDENCE,CHAT_SUPPORT,KO,TIME_PATTERN,VALID,GVS-0407,GALAXY_S_FE에서 IMPACT/AFTER_DROP_CONCERN 조건에 낙하 뒤 처음 알아차렸지만 촬영은 정상,불량 확정 금지; 정상·설정·외부 요인을 원문에서 확정하지 말 것
GVS-0408,T41,정상 OIS 소리 Hard negative,HARD_NEGATIVE,PHONE,Z_FOLD,GALAXY_Z_FOLD,UNSPECIFIED,UNSPECIFIED,UNSPECIFIED,UNSPECIFIED,HOW_TO,CAMERA.OIS,FALSE_POSITIVE,영상 시작 순간 렌즈가 움직이는 소리,CAMERA_USE,VIDEO_START,GRADUAL,FREQUENT,NOT_TESTED,TRAVEL_DISRUPTION,S0,EXPECTED_BEHAVIOR,NORMAL_DESIGN_BEHAVIOR,OIS,USER_GUESS,공식 안내 확인,UNSPECIFIED,INSTRUCTIONS_OR_CONFIRMATION,TRUE,NONE,MEDIUM,SYNTHETIC_SCENARIO,FALSE,SRC009,CATEGORY_ANCHOR_NOT_ROW_EVIDENCE,SURVEY_FREE_TEXT,EN,NONE,TRAIN,GVS-0408,GALAXY_Z_FOLD에서 CAMERA_USE/VIDEO_START 조건에 영상 시작 순간 렌즈가 움직이는 소리,불량 확정 금지; 정상·설정·외부 요인을 원문에서 확정하지 말 것
GVS-0409,T41,정상 OIS 소리 Hard negative,HARD_NEGATIVE,PHONE,S_BASE_PLUS,GALAXY_S_BASE_PLUS,UNSPECIFIED,UNSPECIFIED,UNSPECIFIED,UNSPECIFIED,HOW_TO,CAMERA.OIS,FALSE_POSITIVE,줌 배율 전환 때 기계적 클릭음,UNKNOWN,LENS_SWITCH,AFTER_AGING,ALWAYS,ALWAYS,FINANCIAL_OR_TIME_COST,S0,EXPECTED_BEHAVIOR,NORMAL_DESIGN_BEHAVIOR,OIS,USER_GUESS,공식 안내 확인,UNSPECIFIED,INSTRUCTIONS_OR_CONFIRMATION,TRUE,NONE,LOW,SYNTHETIC_SCENARIO,FALSE,SRC009,CATEGORY_ANCHOR_NOT_ROW_EVIDENCE,STORE_REVIEW,EN,CONTEXT,TRAIN,GVS-0409,GALAXY_S_BASE_PLUS에서 UNKNOWN/LENS_SWITCH 조건에 줌 배율 전환 때 기계적 클릭음,불량 확정 금지; 정상·설정·외부 요인을 원문에서 확정하지 말 것
GVS-0410,T41,정상 OIS 소리 Hard negative,HARD_NEGATIVE,PHONE,S_ULTRA,GALAXY_S_ULTRA,UNSPECIFIED,UNSPECIFIED,UNSPECIFIED,UNSPECIFIED,HOW_TO,CAMERA.OIS,FALSE_POSITIVE,조용한 방에서만 들리는 OIS 유격음,IMPACT,QUIET_ROOM,UNKNOWN,RARE,UNKNOWN,USER_CONFUSION,S0,EXPECTED_BEHAVIOR,NORMAL_DESIGN_BEHAVIOR,OIS,USER_GUESS,공식 안내 확인,UNSPECIFIED,INSTRUCTIONS_OR_CONFIRMATION,TRUE,NONE,HIGH,SYNTHETIC_SCENARIO,FALSE,SRC009,CATEGORY_ANCHOR_NOT_ROW_EVIDENCE,EMAIL_COMPLAINT,KO_EN_MIXED,MULTIPLE_FIELDS,TRAIN,GVS-0410,GALAXY_S_ULTRA에서 IMPACT/QUIET_ROOM 조건에 조용한 방에서만 들리는 OIS 유격음,불량 확정 금지; 정상·설정·외부 요인을 원문에서 확정하지 말 것
GVS-0411,T42,배터리 학습·약전계 Hard negative,HARD_NEGATIVE,PHONE,S_BASE_PLUS,GALAXY_S_BASE_PLUS,UNSPECIFIED,UNSPECIFIED,UNSPECIFIED,UNSPECIFIED,HOW_TO,POWER.BATTERY.ENDURANCE,EXCESS_CONSUMPTION,개통 첫날 앱 설치 중 배터리가 빨리 닳음,INITIAL_SETUP,FIRST_48_HOURS,AFTER_EVENT,INTERMITTENT,CONDITIONAL,BATTERY_ANXIETY,S0,EXPECTED_BEHAVIOR,NORMAL_DESIGN_BEHAVIOR,ADAPTIVE_BATTERY|MODEM|INITIAL_SYNC,USER_GUESS,공식 안내 확인,UNSPECIFIED,INSTRUCTIONS_OR_CONFIRMATION,TRUE,NONE,LOW,SYNTHETIC_SCENARIO,FALSE,SRC010,CATEGORY_ANCHOR_NOT_ROW_EVIDENCE,SAMSUNG_MEMBERS,KO,NONE,TEST,GVS-0411,GALAXY_S_BASE_PLUS에서 INITIAL_SETUP/FIRST_48_HOURS 조건에 개통 첫날 앱 설치 중 배터리가 빨리 닳음,불량 확정 금지; 정상·설정·외부 요인을 원문에서 확정하지 말 것
GVS-0412,T42,배터리 학습·약전계 Hard negative,HARD_NEGATIVE,PHONE,S_ULTRA,GALAXY_S_ULTRA,UNSPECIFIED,UNSPECIFIED,UNSPECIFIED,UNSPECIFIED,HOW_TO,POWER.BATTERY.ENDURANCE,FALSE_POSITIVE,Smart Switch 복원 동안 발열과 소모가 큼,OS_UPDATE,APP_RESTORE,IMMEDIATE,DAILY,REPRODUCIBLE,PRIMARY_FUNCTION_DEGRADED,S0,NETWORK_PROVIDER_RELATED,NETWORK_OR_EXTERNAL_SERVICE,ADAPTIVE_BATTERY|MODEM|INITIAL_SYNC,USER_GUESS,다른 망·장소·기기로 교차 확인,UNSPECIFIED,INSTRUCTIONS_OR_CONFIRMATION,TRUE,NONE,MEDIUM,SYNTHETIC_SCENARIO,FALSE,SRC010,CATEGORY_ANCHOR_NOT_ROW_EVIDENCE,ECOMMERCE_REVIEW,KO,MODEL_VERSION,TRAIN,GVS-0412,GALAXY_S_ULTRA에서 OS_UPDATE/APP_RESTORE 조건에 Smart Switch 복원 동안 발열과 소모가 큼,불량 확정 금지; 정상·설정·외부 요인을 원문에서 확정하지 말 것
GVS-0413,T42,배터리 학습·약전계 Hard negative,HARD_NEGATIVE,PHONE,S_FE,GALAXY_S_FE,UNSPECIFIED,UNSPECIFIED,UNSPECIFIED,UNSPECIFIED,HOW_TO,POWER.BATTERY.ENDURANCE,EXCESS_CONSUMPTION,배터리 메뉴에 사용 패턴 학습 중 표시,FIVE_G,USAGE_LEARNING,GRADUAL,FREQUENT,NOT_TESTED,TASK_DELAY,S0,EXPECTED_BEHAVIOR,NORMAL_DESIGN_BEHAVIOR,ADAPTIVE_BATTERY|MODEM|INITIAL_SYNC,USER_GUESS,공식 안내 확인,UNSPECIFIED,INSTRUCTIONS_OR_CONFIRMATION,TRUE,NONE,MEDIUM,SYNTHETIC_SCENARIO,FALSE,SRC010,CATEGORY_ANCHOR_NOT_ROW_EVIDENCE,CALL_CENTER_TRANSCRIPT,KO,FREQUENCY,TRAIN,GVS-0413,GALAXY_S_FE에서 FIVE_G/USAGE_LEARNING 조건에 배터리 메뉴에 사용 패턴 학습 중 표시,불량 확정 금지; 정상·설정·외부 요인을 원문에서 확정하지 말 것
GVS-0414,T42,배터리 학습·약전계 Hard negative,HARD_NEGATIVE,PHONE,Z_FOLD,GALAXY_Z_FOLD,UNSPECIFIED,UNSPECIFIED,UNSPECIFIED,UNSPECIFIED,HOW_TO,POWER.BATTERY.ENDURANCE,FALSE_POSITIVE,약한 5G 지역에서 LTE보다 소모가 증가,DEVICE_MIGRATION,WEAK_5G,AFTER_AGING,ALWAYS,ALWAYS,MISSED_MOMENT,S0,NETWORK_PROVIDER_RELATED,NETWORK_OR_EXTERNAL_SERVICE,ADAPTIVE_BATTERY|MODEM|INITIAL_SYNC,USER_GUESS,다른 망·장소·기기로 교차 확인,UNSPECIFIED,INSTRUCTIONS_OR_CONFIRMATION,TRUE,NONE,LOW,SYNTHETIC_SCENARIO,FALSE,SRC010,CATEGORY_ANCHOR_NOT_ROW_EVIDENCE,SERVICE_INTAKE,KO,TRIGGER,TRAIN,GVS-0414,GALAXY_Z_FOLD에서 DEVICE_MIGRATION/WEAK_5G 조건에 약한 5G 지역에서 LTE보다 소모가 증가,불량 확정 금지; 정상·설정·외부 요인을 원문에서 확정하지 말 것
GVS-0415,T42,배터리 학습·약전계 Hard negative,HARD_NEGATIVE,PHONE,Z_FLIP,GALAXY_Z_FLIP,UNSPECIFIED,UNSPECIFIED,UNSPECIFIED,UNSPECIFIED,HOW_TO,POWER.BATTERY.ENDURANCE,EXCESS_CONSUMPTION,사진 인덱싱 중 백그라운드 사용량이 높음,INITIAL_SETUP,PHOTO_INDEX,UNKNOWN,RARE,UNKNOWN,WORK_INTERRUPTED,S0,EXPECTED_BEHAVIOR,NORMAL_DESIGN_BEHAVIOR,ADAPTIVE_BATTERY|MODEM|INITIAL_SYNC,USER_GUESS,공식 안내 확인,UNSPECIFIED,INSTRUCTIONS_OR_CONFIRMATION,TRUE,NONE,HIGH,SYNTHETIC_SCENARIO,FALSE,SRC010,CATEGORY_ANCHOR_NOT_ROW_EVIDENCE,SNS_POST,KO,ATTEMPTED_ACTION,TRAIN,GVS-0415,GALAXY_Z_FLIP에서 INITIAL_SETUP/PHOTO_INDEX 조건에 사진 인덱싱 중 백그라운드 사용량이 높음,불량 확정 금지; 정상·설정·외부 요인을 원문에서 확정하지 말 것
GVS-0416,T42,배터리 학습·약전계 Hard negative,HARD_NEGATIVE,PHONE,A_SERIES,GALAXY_A,UNSPECIFIED,UNSPECIFIED,UNSPECIFIED,UNSPECIFIED,HOW_TO,POWER.BATTERY.ENDURANCE,FALSE_POSITIVE,새 워치 연결 첫날 업데이트로 소모 증가,OS_UPDATE,WATCH_SETUP,AFTER_EVENT,INTERMITTENT,CONDITIONAL,REPEATED_RETRY,S0,NETWORK_PROVIDER_RELATED,NETWORK_OR_EXTERNAL_SERVICE,ADAPTIVE_BATTERY|MODEM|INITIAL_SYNC,USER_GUESS,다른 망·장소·기기로 교차 확인,UNSPECIFIED,INSTRUCTIONS_OR_CONFIRMATION,TRUE,NONE,LOW,SYNTHETIC_SCENARIO,FALSE,SRC010,CATEGORY_ANCHOR_NOT_ROW_EVIDENCE,COMMUNITY_POST,KO,MODEL_AND_VERSION,TRAIN,GVS-0416,GALAXY_A에서 OS_UPDATE/WATCH_SETUP 조건에 새 워치 연결 첫날 업데이트로 소모 증가,불량 확정 금지; 정상·설정·외부 요인을 원문에서 확정하지 말 것
GVS-0417,T42,배터리 학습·약전계 Hard negative,HARD_NEGATIVE,WATCH,WATCH_BT,GALAXY_WATCH_BT,UNSPECIFIED,UNSPECIFIED,UNSPECIFIED,UNSPECIFIED,HOW_TO,WATCH.BATTERY,EXCESS_CONSUMPTION,클라우드 동기화가 끝나기 전 배터리가 짧음,FIVE_G,CLOUD_SYNC,IMMEDIATE,DAILY,REPRODUCIBLE,DATA_OR_SERVICE_UNAVAILABLE,S0,EXPECTED_BEHAVIOR,NORMAL_DESIGN_BEHAVIOR,ADAPTIVE_BATTERY|MODEM|INITIAL_SYNC,USER_GUESS,공식 안내 확인,UNSPECIFIED,INSTRUCTIONS_OR_CONFIRMATION,TRUE,NONE,MEDIUM,SYNTHETIC_SCENARIO,FALSE,SRC010,CATEGORY_ANCHOR_NOT_ROW_EVIDENCE,CHAT_SUPPORT,KO,TIME_PATTERN,TRAIN,GVS-0417,GALAXY_WATCH_BT에서 FIVE_G/CLOUD_SYNC 조건에 클라우드 동기화가 끝나기 전 배터리가 짧음,불량 확정 금지; 정상·설정·외부 요인을 원문에서 확정하지 말 것
GVS-0418,T42,배터리 학습·약전계 Hard negative,HARD_NEGATIVE,WATCH,WATCH_LTE,GALAXY_WATCH_LTE,UNSPECIFIED,UNSPECIFIED,UNSPECIFIED,UNSPECIFIED,HOW_TO,WATCH.BATTERY,FALSE_POSITIVE,업데이트 직후 시스템 최적화 중 발열,DEVICE_MIGRATION,SYSTEM_OPTIMIZATION,GRADUAL,FREQUENT,NOT_TESTED,TRAVEL_DISRUPTION,S0,NETWORK_PROVIDER_RELATED,NETWORK_OR_EXTERNAL_SERVICE,ADAPTIVE_BATTERY|MODEM|INITIAL_SYNC,USER_GUESS,다른 망·장소·기기로 교차 확인,UNSPECIFIED,INSTRUCTIONS_OR_CONFIRMATION,TRUE,NONE,MEDIUM,SYNTHETIC_SCENARIO,FALSE,SRC010,CATEGORY_ANCHOR_NOT_ROW_EVIDENCE,SURVEY_FREE_TEXT,EN,NONE,TEST,GVS-0418,GALAXY_WATCH_LTE에서 DEVICE_MIGRATION/SYSTEM_OPTIMIZATION 조건에 업데이트 직후 시스템 최적화 중 발열,불량 확정 금지; 정상·설정·외부 요인을 원문에서 확정하지 말 것
GVS-0419,T42,배터리 학습·약전계 Hard negative,HARD_NEGATIVE,PHONE,S_BASE_PLUS,GALAXY_S_BASE_PLUS,UNSPECIFIED,UNSPECIFIED,UNSPECIFIED,UNSPECIFIED,HOW_TO,POWER.BATTERY.ENDURANCE,EXCESS_CONSUMPTION,여러 앱 업데이트가 동시에 진행돼 소모,INITIAL_SETUP,MANY_UPDATES,AFTER_AGING,ALWAYS,ALWAYS,FINANCIAL_OR_TIME_COST,S0,EXPECTED_BEHAVIOR,NORMAL_DESIGN_BEHAVIOR,ADAPTIVE_BATTERY|MODEM|INITIAL_SYNC,USER_GUESS,공식 안내 확인,UNSPECIFIED,INSTRUCTIONS_OR_CONFIRMATION,TRUE,NONE,LOW,SYNTHETIC_SCENARIO,FALSE,SRC010,CATEGORY_ANCHOR_NOT_ROW_EVIDENCE,STORE_REVIEW,EN,CONTEXT,TRAIN,GVS-0419,GALAXY_S_BASE_PLUS에서 INITIAL_SETUP/MANY_UPDATES 조건에 여러 앱 업데이트가 동시에 진행돼 소모,불량 확정 금지; 정상·설정·외부 요인을 원문에서 확정하지 말 것
GVS-0420,T42,배터리 학습·약전계 Hard negative,HARD_NEGATIVE,PHONE,S_ULTRA,GALAXY_S_ULTRA,UNSPECIFIED,UNSPECIFIED,UNSPECIFIED,UNSPECIFIED,HOW_TO,POWER.BATTERY.ENDURANCE,FALSE_POSITIVE,새 eSIM 활성화 후 망 탐색 중 소모,OS_UPDATE,NEW_ESIM,UNKNOWN,RARE,UNKNOWN,USER_CONFUSION,S0,NETWORK_PROVIDER_RELATED,NETWORK_OR_EXTERNAL_SERVICE,ADAPTIVE_BATTERY|MODEM|INITIAL_SYNC,USER_GUESS,다른 망·장소·기기로 교차 확인,UNSPECIFIED,INSTRUCTIONS_OR_CONFIRMATION,TRUE,NONE,HIGH,SYNTHETIC_SCENARIO,FALSE,SRC010,CATEGORY_ANCHOR_NOT_ROW_EVIDENCE,EMAIL_COMPLAINT,KO_EN_MIXED,MULTIPLE_FIELDS,TRAIN,GVS-0420,GALAXY_S_ULTRA에서 OS_UPDATE/NEW_ESIM 조건에 새 eSIM 활성화 후 망 탐색 중 소모,불량 확정 금지; 정상·설정·외부 요인을 원문에서 확정하지 말 것
GVS-0421,T43,알림 설정 Hard negative,HARD_NEGATIVE,PHONE,S_BASE_PLUS,GALAXY_S_BASE_PLUS,UNSPECIFIED,UNSPECIFIED,UNSPECIFIED,UNSPECIFIED,HOW_TO,NOTIFICATION.DELIVERY,NOTIFICATION_MISSING,방해금지 시간 중 알림 소리가 나지 않음,SETTINGS_CHANGE,DND,AFTER_EVENT,INTERMITTENT,CONDITIONAL,BATTERY_ANXIETY,S0,SETTINGS_RELATED,USER_SETTING,DND|POWER_POLICY|APP_SETTING,USER_GUESS,설정 확인 또는 기본값 복원,UNSPECIFIED,INSTRUCTIONS_OR_CONFIRMATION,TRUE,NONE,LOW,SYNTHETIC_SCENARIO,FALSE,SRC013,CATEGORY_ANCHOR_NOT_ROW_EVIDENCE,SAMSUNG_MEMBERS,KO,NONE,TRAIN,GVS-0421,GALAXY_S_BASE_PLUS에서 SETTINGS_CHANGE/DND 조건에 방해금지 시간 중 알림 소리가 나지 않음,불량 확정 금지; 정상·설정·외부 요인을 원문에서 확정하지 말 것
GVS-0422,T43,알림 설정 Hard negative,HARD_NEGATIVE,PHONE,S_ULTRA,GALAXY_S_ULTRA,UNSPECIFIED,UNSPECIFIED,UNSPECIFIED,UNSPECIFIED,HOW_TO,NOTIFICATION.DELIVERY,FALSE_POSITIVE,수면모드에서 선택 앱만 알림 허용,SETTINGS_CHANGE,SLEEP_MODE,IMMEDIATE,DAILY,REPRODUCIBLE,PRIMARY_FUNCTION_DEGRADED,S0,SETTINGS_RELATED,USER_SETTING,DND|POWER_POLICY|APP_SETTING,USER_GUESS,설정 확인 또는 기본값 복원,UNSPECIFIED,INSTRUCTIONS_OR_CONFIRMATION,TRUE,NONE,MEDIUM,SYNTHETIC_SCENARIO,FALSE,SRC013,CATEGORY_ANCHOR_NOT_ROW_EVIDENCE,ECOMMERCE_REVIEW,KO,MODEL_VERSION,TEST,GVS-0422,GALAXY_S_ULTRA에서 SETTINGS_CHANGE/SLEEP_MODE 조건에 수면모드에서 선택 앱만 알림 허용,불량 확정 금지; 정상·설정·외부 요인을 원문에서 확정하지 말 것
GVS-0423,T43,알림 설정 Hard negative,HARD_NEGATIVE,PHONE,S_FE,GALAXY_S_FE,UNSPECIFIED,UNSPECIFIED,UNSPECIFIED,UNSPECIFIED,HOW_TO,NOTIFICATION.DELIVERY,NOTIFICATION_MISSING,앱이 절전 상태라 백그라운드 알림 지연,SETTINGS_CHANGE,APP_SLEEP,GRADUAL,FREQUENT,NOT_TESTED,TASK_DELAY,S0,SETTINGS_RELATED,USER_SETTING,DND|POWER_POLICY|APP_SETTING,USER_GUESS,설정 확인 또는 기본값 복원,UNSPECIFIED,INSTRUCTIONS_OR_CONFIRMATION,TRUE,NONE,MEDIUM,SYNTHETIC_SCENARIO,FALSE,SRC013,CATEGORY_ANCHOR_NOT_ROW_EVIDENCE,CALL_CENTER_TRANSCRIPT,KO,FREQUENCY,TRAIN,GVS-0423,GALAXY_S_FE에서 SETTINGS_CHANGE/APP_SLEEP 조건에 앱이 절전 상태라 백그라운드 알림 지연,불량 확정 금지; 정상·설정·외부 요인을 원문에서 확정하지 말 것
GVS-0424,T43,알림 설정 Hard negative,HARD_NEGATIVE,PHONE,Z_FOLD,GALAXY_Z_FOLD,UNSPECIFIED,UNSPECIFIED,UNSPECIFIED,UNSPECIFIED,HOW_TO,NOTIFICATION.DELIVERY,FALSE_POSITIVE,앱 내 특정 알림 카테고리가 꺼져 있음,SETTINGS_CHANGE,CATEGORY_DISABLED,AFTER_AGING,ALWAYS,ALWAYS,MISSED_MOMENT,S0,SETTINGS_RELATED,USER_SETTING,DND|POWER_POLICY|APP_SETTING,USER_GUESS,설정 확인 또는 기본값 복원,UNSPECIFIED,INSTRUCTIONS_OR_CONFIRMATION,TRUE,NONE,LOW,SYNTHETIC_SCENARIO,FALSE,SRC013,CATEGORY_ANCHOR_NOT_ROW_EVIDENCE,SERVICE_INTAKE,KO,TRIGGER,TRAIN,GVS-0424,GALAXY_Z_FOLD에서 SETTINGS_CHANGE/CATEGORY_DISABLED 조건에 앱 내 특정 알림 카테고리가 꺼져 있음,불량 확정 금지; 정상·설정·외부 요인을 원문에서 확정하지 말 것
GVS-0425,T43,알림 설정 Hard negative,HARD_NEGATIVE,PHONE,Z_FLIP,GALAXY_Z_FLIP,UNSPECIFIED,UNSPECIFIED,UNSPECIFIED,UNSPECIFIED,HOW_TO,NOTIFICATION.DELIVERY,NOTIFICATION_MISSING,폰 사용 중에는 워치 알림을 숨기는 설정,SETTINGS_CHANGE,WATCH_ROUTING,UNKNOWN,RARE,UNKNOWN,WORK_INTERRUPTED,S0,SETTINGS_RELATED,USER_SETTING,DND|POWER_POLICY|APP_SETTING,USER_GUESS,설정 확인 또는 기본값 복원,UNSPECIFIED,INSTRUCTIONS_OR_CONFIRMATION,TRUE,NONE,HIGH,SYNTHETIC_SCENARIO,FALSE,SRC013,CATEGORY_ANCHOR_NOT_ROW_EVIDENCE,SNS_POST,KO,ATTEMPTED_ACTION,TRAIN,GVS-0425,GALAXY_Z_FLIP에서 SETTINGS_CHANGE/WATCH_ROUTING 조건에 폰 사용 중에는 워치 알림을 숨기는 설정,불량 확정 금지; 정상·설정·외부 요인을 원문에서 확정하지 말 것
GVS-0426,T43,알림 설정 Hard negative,HARD_NEGATIVE,PHONE,A_SERIES,GALAXY_A,UNSPECIFIED,UNSPECIFIED,UNSPECIFIED,UNSPECIFIED,HOW_TO,NOTIFICATION.DELIVERY,FALSE_POSITIVE,배터리 제한 때문에 메신저 푸시가 늦음,SETTINGS_CHANGE,BATTERY_RESTRICTED,AFTER_EVENT,INTERMITTENT,CONDITIONAL,REPEATED_RETRY,S0,SETTINGS_RELATED,USER_SETTING,DND|POWER_POLICY|APP_SETTING,USER_GUESS,설정 확인 또는 기본값 복원,UNSPECIFIED,INSTRUCTIONS_OR_CONFIRMATION,TRUE,NONE,LOW,SYNTHETIC_SCENARIO,FALSE,SRC013,CATEGORY_ANCHOR_NOT_ROW_EVIDENCE,COMMUNITY_POST,KO,MODEL_AND_VERSION,TRAIN,GVS-0426,GALAXY_A에서 SETTINGS_CHANGE/BATTERY_RESTRICTED 조건에 배터리 제한 때문에 메신저 푸시가 늦음,불량 확정 금지; 정상·설정·외부 요인을 원문에서 확정하지 말 것
GVS-0427,T43,알림 설정 Hard negative,HARD_NEGATIVE,WATCH,WATCH_BT,GALAXY_WATCH_BT,UNSPECIFIED,UNSPECIFIED,UNSPECIFIED,UNSPECIFIED,HOW_TO,NOTIFICATION.DELIVERY,NOTIFICATION_MISSING,집중모드에서 선택 앱 알림이 차단,SETTINGS_CHANGE,FOCUS_MODE,IMMEDIATE,DAILY,REPRODUCIBLE,DATA_OR_SERVICE_UNAVAILABLE,S0,SETTINGS_RELATED,USER_SETTING,DND|POWER_POLICY|APP_SETTING,USER_GUESS,설정 확인 또는 기본값 복원,UNSPECIFIED,INSTRUCTIONS_OR_CONFIRMATION,TRUE,NONE,MEDIUM,SYNTHETIC_SCENARIO,FALSE,SRC013,CATEGORY_ANCHOR_NOT_ROW_EVIDENCE,CHAT_SUPPORT,KO,TIME_PATTERN,TRAIN,GVS-0427,GALAXY_WATCH_BT에서 SETTINGS_CHANGE/FOCUS_MODE 조건에 집중모드에서 선택 앱 알림이 차단,불량 확정 금지; 정상·설정·외부 요인을 원문에서 확정하지 말 것
GVS-0428,T43,알림 설정 Hard negative,HARD_NEGATIVE,WATCH,WATCH_LTE,GALAXY_WATCH_LTE,UNSPECIFIED,UNSPECIFIED,UNSPECIFIED,UNSPECIFIED,HOW_TO,NOTIFICATION.DELIVERY,FALSE_POSITIVE,업무 프로필이 일시중지되어 알림 없음,SETTINGS_CHANGE,WORK_PROFILE,GRADUAL,FREQUENT,NOT_TESTED,TRAVEL_DISRUPTION,S0,SETTINGS_RELATED,USER_SETTING,DND|POWER_POLICY|APP_SETTING,USER_GUESS,설정 확인 또는 기본값 복원,UNSPECIFIED,INSTRUCTIONS_OR_CONFIRMATION,TRUE,NONE,MEDIUM,SYNTHETIC_SCENARIO,FALSE,SRC013,CATEGORY_ANCHOR_NOT_ROW_EVIDENCE,SURVEY_FREE_TEXT,EN,NONE,TRAIN,GVS-0428,GALAXY_WATCH_LTE에서 SETTINGS_CHANGE/WORK_PROFILE 조건에 업무 프로필이 일시중지되어 알림 없음,불량 확정 금지; 정상·설정·외부 요인을 원문에서 확정하지 말 것
GVS-0429,T43,알림 설정 Hard negative,HARD_NEGATIVE,PHONE,S_BASE_PLUS,GALAXY_S_BASE_PLUS,UNSPECIFIED,UNSPECIFIED,UNSPECIFIED,UNSPECIFIED,HOW_TO,NOTIFICATION.DELIVERY,NOTIFICATION_MISSING,무음 알림으로 상태표시줄에만 나타남,SETTINGS_CHANGE,SILENT_NOTIFICATION,AFTER_AGING,ALWAYS,ALWAYS,FINANCIAL_OR_TIME_COST,S0,SETTINGS_RELATED,USER_SETTING,DND|POWER_POLICY|APP_SETTING,USER_GUESS,설정 확인 또는 기본값 복원,UNSPECIFIED,INSTRUCTIONS_OR_CONFIRMATION,TRUE,NONE,LOW,SYNTHETIC_SCENARIO,FALSE,SRC013,CATEGORY_ANCHOR_NOT_ROW_EVIDENCE,STORE_REVIEW,EN,CONTEXT,TRAIN,GVS-0429,GALAXY_S_BASE_PLUS에서 SETTINGS_CHANGE/SILENT_NOTIFICATION 조건에 무음 알림으로 상태표시줄에만 나타남,불량 확정 금지; 정상·설정·외부 요인을 원문에서 확정하지 말 것
GVS-0430,T43,알림 설정 Hard negative,HARD_NEGATIVE,PHONE,S_ULTRA,GALAXY_S_ULTRA,UNSPECIFIED,UNSPECIFIED,UNSPECIFIED,UNSPECIFIED,HOW_TO,NOTIFICATION.DELIVERY,FALSE_POSITIVE,대화 알림 채널이 사용자가 음소거한 상태,SETTINGS_CHANGE,CHANNEL_MUTED,UNKNOWN,RARE,UNKNOWN,USER_CONFUSION,S0,SETTINGS_RELATED,USER_SETTING,DND|POWER_POLICY|APP_SETTING,USER_GUESS,설정 확인 또는 기본값 복원,UNSPECIFIED,INSTRUCTIONS_OR_CONFIRMATION,TRUE,NONE,HIGH,SYNTHETIC_SCENARIO,FALSE,SRC013,CATEGORY_ANCHOR_NOT_ROW_EVIDENCE,EMAIL_COMPLAINT,KO_EN_MIXED,MULTIPLE_FIELDS,TRAIN,GVS-0430,GALAXY_S_ULTRA에서 SETTINGS_CHANGE/CHANNEL_MUTED 조건에 대화 알림 채널이 사용자가 음소거한 상태,불량 확정 금지; 정상·설정·외부 요인을 원문에서 확정하지 말 것
GVS-0431,T44,수분·케이블 Hard negative,HARD_NEGATIVE,PHONE,S_BASE_PLUS,GALAXY_S_BASE_PLUS,UNSPECIFIED,UNSPECIFIED,UNSPECIFIED,UNSPECIFIED,HOW_TO,CHARGING.WIRED,FALSE_DETECTION,장마철 고습도에서 수분 감지 경고,HUMIDITY,RAINY_SEASON,AFTER_EVENT,INTERMITTENT,CONDITIONAL,BATTERY_ANXIETY,S0,ENVIRONMENT_RELATED,ENVIRONMENTAL_CONDITION,MOISTURE_SENSOR|USB_PORT|CABLE,USER_GUESS,환경 조건 제거 후 재시험,UNSPECIFIED,INSTRUCTIONS_OR_CONFIRMATION,TRUE,NONE,LOW,SYNTHETIC_SCENARIO,FALSE,SRC011,CATEGORY_ANCHOR_NOT_ROW_EVIDENCE,SAMSUNG_MEMBERS,KO,NONE,TRAIN,GVS-0431,GALAXY_S_BASE_PLUS에서 HUMIDITY/RAINY_SEASON 조건에 장마철 고습도에서 수분 감지 경고,불량 확정 금지; 정상·설정·외부 요인을 원문에서 확정하지 말 것
GVS-0432,T44,수분·케이블 Hard negative,HARD_NEGATIVE,PHONE,S_ULTRA,GALAXY_S_ULTRA,UNSPECIFIED,UNSPECIFIED,UNSPECIFIED,UNSPECIFIED,HOW_TO,CHARGING.WIRED,NOT_CHARGING,샤워실 근처 사용 후 유선충전 안전 차단,WATER,BATHROOM,IMMEDIATE,DAILY,REPRODUCIBLE,PRIMARY_FUNCTION_DEGRADED,S1,ACCESSORY_RELATED,ACCESSORY,MOISTURE_SENSOR|USB_PORT|CABLE,USER_GUESS,다른 액세서리로 교차 확인,UNSPECIFIED,INSTRUCTIONS_OR_CONFIRMATION,TRUE,NONE,MEDIUM,SYNTHETIC_SCENARIO,FALSE,SRC011,CATEGORY_ANCHOR_NOT_ROW_EVIDENCE,ECOMMERCE_REVIEW,KO,MODEL_VERSION,TRAIN,GVS-0432,GALAXY_S_ULTRA에서 WATER/BATHROOM 조건에 샤워실 근처 사용 후 유선충전 안전 차단,불량 확정 금지; 정상·설정·외부 요인을 원문에서 확정하지 말 것
GVS-0433,T44,수분·케이블 Hard negative,HARD_NEGATIVE,PHONE,S_FE,GALAXY_S_FE,UNSPECIFIED,UNSPECIFIED,UNSPECIFIED,UNSPECIFIED,HOW_TO,CHARGING.WIRED,FALSE_POSITIVE,바닷물 노출 후 충분히 건조되지 않은 상태,DUST,SALT_WATER,GRADUAL,FREQUENT,NOT_TESTED,TASK_DELAY,S0,EXPECTED_BEHAVIOR,NORMAL_DESIGN_BEHAVIOR,MOISTURE_SENSOR|USB_PORT|CABLE,USER_GUESS,공식 안내 확인,UNSPECIFIED,INSTRUCTIONS_OR_CONFIRMATION,TRUE,NONE,MEDIUM,SYNTHETIC_SCENARIO,FALSE,SRC011,CATEGORY_ANCHOR_NOT_ROW_EVIDENCE,CALL_CENTER_TRANSCRIPT,KO,FREQUENCY,TRAIN,GVS-0433,GALAXY_S_FE에서 DUST/SALT_WATER 조건에 바닷물 노출 후 충분히 건조되지 않은 상태,불량 확정 금지; 정상·설정·외부 요인을 원문에서 확정하지 말 것
GVS-0434,T44,수분·케이블 Hard negative,HARD_NEGATIVE,PHONE,Z_FOLD,GALAXY_Z_FOLD,UNSPECIFIED,UNSPECIFIED,UNSPECIFIED,UNSPECIFIED,HOW_TO,CHARGING.WIRED,FALSE_DETECTION,포트 안 먼지와 이물로 감지 경고,CABLE,PORT_LINT,AFTER_AGING,ALWAYS,ALWAYS,MISSED_MOMENT,S1,ENVIRONMENT_RELATED,ENVIRONMENTAL_CONDITION,MOISTURE_SENSOR|USB_PORT|CABLE,USER_GUESS,환경 조건 제거 후 재시험,UNSPECIFIED,INSTRUCTIONS_OR_CONFIRMATION,TRUE,NONE,LOW,SYNTHETIC_SCENARIO,FALSE,SRC011,CATEGORY_ANCHOR_NOT_ROW_EVIDENCE,SERVICE_INTAKE,KO,TRIGGER,TRAIN,GVS-0434,GALAXY_Z_FOLD에서 CABLE/PORT_LINT 조건에 포트 안 먼지와 이물로 감지 경고,불량 확정 금지; 정상·설정·외부 요인을 원문에서 확정하지 말 것
GVS-0435,T44,수분·케이블 Hard negative,HARD_NEGATIVE,PHONE,Z_FLIP,GALAXY_Z_FLIP,UNSPECIFIED,UNSPECIFIED,UNSPECIFIED,UNSPECIFIED,HOW_TO,CHARGING.WIRED,NOT_CHARGING,손상된 케이블을 꽂을 때만 경고,HUMIDITY,DAMAGED_CABLE,UNKNOWN,RARE,UNKNOWN,WORK_INTERRUPTED,S0,ACCESSORY_RELATED,ACCESSORY,MOISTURE_SENSOR|USB_PORT|CABLE,USER_GUESS,다른 액세서리로 교차 확인,UNSPECIFIED,INSTRUCTIONS_OR_CONFIRMATION,TRUE,NONE,HIGH,SYNTHETIC_SCENARIO,FALSE,SRC011,CATEGORY_ANCHOR_NOT_ROW_EVIDENCE,SNS_POST,KO,ATTEMPTED_ACTION,TEST,GVS-0435,GALAXY_Z_FLIP에서 HUMIDITY/DAMAGED_CABLE 조건에 손상된 케이블을 꽂을 때만 경고,불량 확정 금지; 정상·설정·외부 요인을 원문에서 확정하지 말 것
GVS-0436,T44,수분·케이블 Hard negative,HARD_NEGATIVE,PHONE,A_SERIES,GALAXY_A,UNSPECIFIED,UNSPECIFIED,UNSPECIFIED,UNSPECIFIED,HOW_TO,CHARGING.WIRED,FALSE_POSITIVE,젖은 케이블 때문에 폰 포트가 마른 뒤에도 경고,WATER,WET_CABLE,AFTER_EVENT,INTERMITTENT,CONDITIONAL,REPEATED_RETRY,S1,EXPECTED_BEHAVIOR,NORMAL_DESIGN_BEHAVIOR,MOISTURE_SENSOR|USB_PORT|CABLE,USER_GUESS,공식 안내 확인,UNSPECIFIED,INSTRUCTIONS_OR_CONFIRMATION,TRUE,NONE,LOW,SYNTHETIC_SCENARIO,FALSE,SRC011,CATEGORY_ANCHOR_NOT_ROW_EVIDENCE,COMMUNITY_POST,KO,MODEL_AND_VERSION,TRAIN,GVS-0436,GALAXY_A에서 WATER/WET_CABLE 조건에 젖은 케이블 때문에 폰 포트가 마른 뒤에도 경고,불량 확정 금지; 정상·설정·외부 요인을 원문에서 확정하지 말 것
GVS-0437,T44,수분·케이블 Hard negative,HARD_NEGATIVE,PHONE,XCOVER,GALAXY_XCOVER,UNSPECIFIED,UNSPECIFIED,UNSPECIFIED,UNSPECIFIED,HOW_TO,CHARGING.WIRED,FALSE_DETECTION,추운 곳에서 따뜻한 실내로 들어온 뒤 결로,DUST,COLD_TO_WARM,IMMEDIATE,DAILY,REPRODUCIBLE,DATA_OR_SERVICE_UNAVAILABLE,S0,ENVIRONMENT_RELATED,ENVIRONMENTAL_CONDITION,MOISTURE_SENSOR|USB_PORT|CABLE,USER_GUESS,환경 조건 제거 후 재시험,UNSPECIFIED,INSTRUCTIONS_OR_CONFIRMATION,TRUE,NONE,MEDIUM,SYNTHETIC_SCENARIO,FALSE,SRC011,CATEGORY_ANCHOR_NOT_ROW_EVIDENCE,CHAT_SUPPORT,KO,TIME_PATTERN,VALID,GVS-0437,GALAXY_XCOVER에서 DUST/COLD_TO_WARM 조건에 추운 곳에서 따뜻한 실내로 들어온 뒤 결로,불량 확정 금지; 정상·설정·외부 요인을 원문에서 확정하지 말 것
GVS-0438,T44,수분·케이블 Hard negative,HARD_NEGATIVE,PHONE,S_BASE_PLUS,GALAXY_S_BASE_PLUS,UNSPECIFIED,UNSPECIFIED,UNSPECIFIED,UNSPECIFIED,HOW_TO,CHARGING.WIRED,NOT_CHARGING,완전 건조 후 USB 캐시 오류 가능성,CABLE,USB_CACHE,GRADUAL,FREQUENT,NOT_TESTED,TRAVEL_DISRUPTION,S1,ACCESSORY_RELATED,ACCESSORY,MOISTURE_SENSOR|USB_PORT|CABLE,USER_GUESS,다른 액세서리로 교차 확인,UNSPECIFIED,INSTRUCTIONS_OR_CONFIRMATION,TRUE,NONE,MEDIUM,SYNTHETIC_SCENARIO,FALSE,SRC011,CATEGORY_ANCHOR_NOT_ROW_EVIDENCE,SURVEY_FREE_TEXT,EN,NONE,TRAIN,GVS-0438,GALAXY_S_BASE_PLUS에서 CABLE/USB_CACHE 조건에 완전 건조 후 USB 캐시 오류 가능성,불량 확정 금지; 정상·설정·외부 요인을 원문에서 확정하지 말 것
GVS-0439,T44,수분·케이블 Hard negative,HARD_NEGATIVE,PHONE,S_ULTRA,GALAXY_S_ULTRA,UNSPECIFIED,UNSPECIFIED,UNSPECIFIED,UNSPECIFIED,HOW_TO,CHARGING.WIRED,FALSE_POSITIVE,수영 후 외관만 닦고 바로 충전 시도,HUMIDITY,AFTER_SWIM,AFTER_AGING,ALWAYS,ALWAYS,FINANCIAL_OR_TIME_COST,S0,EXPECTED_BEHAVIOR,NORMAL_DESIGN_BEHAVIOR,MOISTURE_SENSOR|USB_PORT|CABLE,USER_GUESS,공식 안내 확인,UNSPECIFIED,INSTRUCTIONS_OR_CONFIRMATION,TRUE,NONE,LOW,SYNTHETIC_SCENARIO,FALSE,SRC011,CATEGORY_ANCHOR_NOT_ROW_EVIDENCE,STORE_REVIEW,EN,CONTEXT,TRAIN,GVS-0439,GALAXY_S_ULTRA에서 HUMIDITY/AFTER_SWIM 조건에 수영 후 외관만 닦고 바로 충전 시도,불량 확정 금지; 정상·설정·외부 요인을 원문에서 확정하지 말 것
GVS-0440,T44,수분·케이블 Hard negative,HARD_NEGATIVE,PHONE,S_FE,GALAXY_S_FE,UNSPECIFIED,UNSPECIFIED,UNSPECIFIED,UNSPECIFIED,HOW_TO,CHARGING.WIRED,FALSE_DETECTION,차량 에어컨 환경에서 포트에 결로 가능,WATER,CONDENSATION,UNKNOWN,RARE,UNKNOWN,USER_CONFUSION,S1,ENVIRONMENT_RELATED,ENVIRONMENTAL_CONDITION,MOISTURE_SENSOR|USB_PORT|CABLE,USER_GUESS,환경 조건 제거 후 재시험,UNSPECIFIED,INSTRUCTIONS_OR_CONFIRMATION,TRUE,NONE,HIGH,SYNTHETIC_SCENARIO,FALSE,SRC011,CATEGORY_ANCHOR_NOT_ROW_EVIDENCE,EMAIL_COMPLAINT,KO_EN_MIXED,MULTIPLE_FIELDS,TRAIN,GVS-0440,GALAXY_S_FE에서 WATER/CONDENSATION 조건에 차량 에어컨 환경에서 포트에 결로 가능,불량 확정 금지; 정상·설정·외부 요인을 원문에서 확정하지 말 것
GVS-0441,T45,지문 조건 Hard negative,HARD_NEGATIVE,PHONE,S_BASE_PLUS,GALAXY_S_BASE_PLUS,UNSPECIFIED,UNSPECIFIED,UNSPECIFIED,UNSPECIFIED,HOW_TO,BIOMETRIC.FINGERPRINT,DEGRADED,매우 건조한 손가락에서 인식률 저하,SCREEN_PROTECTOR,DRY_FINGER,AFTER_EVENT,INTERMITTENT,CONDITIONAL,BATTERY_ANXIETY,S0,ENVIRONMENT_RELATED,ENVIRONMENTAL_CONDITION,FINGER_CONDITION|PROTECTOR|SENSOR,USER_GUESS,환경 조건 제거 후 재시험,UNSPECIFIED,INSTRUCTIONS_OR_CONFIRMATION,TRUE,NONE,LOW,SYNTHETIC_SCENARIO,FALSE,SRC012,CATEGORY_ANCHOR_NOT_ROW_EVIDENCE,SAMSUNG_MEMBERS,KO,NONE,TRAIN,GVS-0441,GALAXY_S_BASE_PLUS에서 SCREEN_PROTECTOR/DRY_FINGER 조건에 매우 건조한 손가락에서 인식률 저하,불량 확정 금지; 정상·설정·외부 요인을 원문에서 확정하지 말 것
GVS-0442,T45,지문 조건 Hard negative,HARD_NEGATIVE,PHONE,S_ULTRA,GALAXY_S_ULTRA,UNSPECIFIED,UNSPECIFIED,UNSPECIFIED,UNSPECIFIED,HOW_TO,BIOMETRIC.FINGERPRINT,FALSE_POSITIVE,젖은 손으로 잠금 해제를 반복 실패,LOW_TEMP,WET_FINGER,IMMEDIATE,DAILY,REPRODUCIBLE,PRIMARY_FUNCTION_DEGRADED,S0,ACCESSORY_RELATED,ACCESSORY,FINGER_CONDITION|PROTECTOR|SENSOR,USER_GUESS,다른 액세서리로 교차 확인,UNSPECIFIED,INSTRUCTIONS_OR_CONFIRMATION,TRUE,NONE,MEDIUM,SYNTHETIC_SCENARIO,FALSE,SRC012,CATEGORY_ANCHOR_NOT_ROW_EVIDENCE,ECOMMERCE_REVIEW,KO,MODEL_VERSION,TRAIN,GVS-0442,GALAXY_S_ULTRA에서 LOW_TEMP/WET_FINGER 조건에 젖은 손으로 잠금 해제를 반복 실패,불량 확정 금지; 정상·설정·외부 요인을 원문에서 확정하지 말 것
GVS-0443,T45,지문 조건 Hard negative,HARD_NEGATIVE,PHONE,S_FE,GALAXY_S_FE,UNSPECIFIED,UNSPECIFIED,UNSPECIFIED,UNSPECIFIED,HOW_TO,BIOMETRIC.FINGERPRINT,DEGRADED,로션이 묻은 상태에서 센서 오인식,WATER,LOTION,GRADUAL,FREQUENT,NOT_TESTED,TASK_DELAY,S0,EXPECTED_BEHAVIOR,NORMAL_DESIGN_BEHAVIOR,FINGER_CONDITION|PROTECTOR|SENSOR,USER_GUESS,공식 안내 확인,UNSPECIFIED,INSTRUCTIONS_OR_CONFIRMATION,TRUE,NONE,MEDIUM,SYNTHETIC_SCENARIO,FALSE,SRC012,CATEGORY_ANCHOR_NOT_ROW_EVIDENCE,CALL_CENTER_TRANSCRIPT,KO,FREQUENCY,VALID,GVS-0443,GALAXY_S_FE에서 WATER/LOTION 조건에 로션이 묻은 상태에서 센서 오인식,불량 확정 금지; 정상·설정·외부 요인을 원문에서 확정하지 말 것
GVS-0444,T45,지문 조건 Hard negative,HARD_NEGATIVE,PHONE,Z_FOLD,GALAXY_Z_FOLD,UNSPECIFIED,UNSPECIFIED,UNSPECIFIED,UNSPECIFIED,HOW_TO,BIOMETRIC.FINGERPRINT,FALSE_POSITIVE,긁힌 보호필름이 센서 영역을 가림,SCREEN_PROTECTOR,SCRATCHED_FILM,AFTER_AGING,ALWAYS,ALWAYS,MISSED_MOMENT,S0,ENVIRONMENT_RELATED,ENVIRONMENTAL_CONDITION,FINGER_CONDITION|PROTECTOR|SENSOR,USER_GUESS,환경 조건 제거 후 재시험,UNSPECIFIED,INSTRUCTIONS_OR_CONFIRMATION,TRUE,NONE,LOW,SYNTHETIC_SCENARIO,FALSE,SRC012,CATEGORY_ANCHOR_NOT_ROW_EVIDENCE,SERVICE_INTAKE,KO,TRIGGER,TRAIN,GVS-0444,GALAXY_Z_FOLD에서 SCREEN_PROTECTOR/SCRATCHED_FILM 조건에 긁힌 보호필름이 센서 영역을 가림,불량 확정 금지; 정상·설정·외부 요인을 원문에서 확정하지 말 것
GVS-0445,T45,지문 조건 Hard negative,HARD_NEGATIVE,PHONE,Z_FLIP,GALAXY_Z_FLIP,UNSPECIFIED,UNSPECIFIED,UNSPECIFIED,UNSPECIFIED,HOW_TO,BIOMETRIC.FINGERPRINT,DEGRADED,두꺼운 강화유리 부착 후 인식률 저하,LOW_TEMP,THICK_GLASS,UNKNOWN,RARE,UNKNOWN,WORK_INTERRUPTED,S0,ACCESSORY_RELATED,ACCESSORY,FINGER_CONDITION|PROTECTOR|SENSOR,USER_GUESS,다른 액세서리로 교차 확인,UNSPECIFIED,INSTRUCTIONS_OR_CONFIRMATION,TRUE,NONE,HIGH,SYNTHETIC_SCENARIO,FALSE,SRC012,CATEGORY_ANCHOR_NOT_ROW_EVIDENCE,SNS_POST,KO,ATTEMPTED_ACTION,TRAIN,GVS-0445,GALAXY_Z_FLIP에서 LOW_TEMP/THICK_GLASS 조건에 두꺼운 강화유리 부착 후 인식률 저하,불량 확정 금지; 정상·설정·외부 요인을 원문에서 확정하지 말 것
GVS-0446,T45,지문 조건 Hard negative,HARD_NEGATIVE,PHONE,A_SERIES,GALAXY_A,UNSPECIFIED,UNSPECIFIED,UNSPECIFIED,UNSPECIFIED,HOW_TO,BIOMETRIC.FINGERPRINT,FALSE_POSITIVE,손끝만 살짝 대어 등록 면적이 부족,WATER,FINGERTIP_ONLY,AFTER_EVENT,INTERMITTENT,CONDITIONAL,REPEATED_RETRY,S0,EXPECTED_BEHAVIOR,NORMAL_DESIGN_BEHAVIOR,FINGER_CONDITION|PROTECTOR|SENSOR,USER_GUESS,공식 안내 확인,UNSPECIFIED,INSTRUCTIONS_OR_CONFIRMATION,TRUE,NONE,LOW,SYNTHETIC_SCENARIO,FALSE,SRC012,CATEGORY_ANCHOR_NOT_ROW_EVIDENCE,COMMUNITY_POST,KO,MODEL_AND_VERSION,TRAIN,GVS-0446,GALAXY_A에서 WATER/FINGERTIP_ONLY 조건에 손끝만 살짝 대어 등록 면적이 부족,불량 확정 금지; 정상·설정·외부 요인을 원문에서 확정하지 말 것
GVS-0447,T45,지문 조건 Hard negative,HARD_NEGATIVE,TABLET,TAB_S,GALAXY_TAB_S,UNSPECIFIED,UNSPECIFIED,UNSPECIFIED,UNSPECIFIED,HOW_TO,BIOMETRIC.FINGERPRINT,DEGRADED,추운 야외에서 손 상태가 변해 인식 실패,SCREEN_PROTECTOR,COLD_OUTDOOR,IMMEDIATE,DAILY,REPRODUCIBLE,DATA_OR_SERVICE_UNAVAILABLE,S0,ENVIRONMENT_RELATED,ENVIRONMENTAL_CONDITION,FINGER_CONDITION|PROTECTOR|SENSOR,USER_GUESS,환경 조건 제거 후 재시험,UNSPECIFIED,INSTRUCTIONS_OR_CONFIRMATION,TRUE,NONE,MEDIUM,SYNTHETIC_SCENARIO,FALSE,SRC012,CATEGORY_ANCHOR_NOT_ROW_EVIDENCE,CHAT_SUPPORT,KO,TIME_PATTERN,TRAIN,GVS-0447,GALAXY_TAB_S에서 SCREEN_PROTECTOR/COLD_OUTDOOR 조건에 추운 야외에서 손 상태가 변해 인식 실패,불량 확정 금지; 정상·설정·외부 요인을 원문에서 확정하지 말 것
GVS-0448,T45,지문 조건 Hard negative,HARD_NEGATIVE,PHONE,S_BASE_PLUS,GALAXY_S_BASE_PLUS,UNSPECIFIED,UNSPECIFIED,UNSPECIFIED,UNSPECIFIED,HOW_TO,BIOMETRIC.FINGERPRINT,FALSE_POSITIVE,새 필름 부착 후 지문 재등록을 하지 않음,LOW_TEMP,NEW_PROTECTOR,GRADUAL,FREQUENT,NOT_TESTED,TRAVEL_DISRUPTION,S0,ACCESSORY_RELATED,ACCESSORY,FINGER_CONDITION|PROTECTOR|SENSOR,USER_GUESS,다른 액세서리로 교차 확인,UNSPECIFIED,INSTRUCTIONS_OR_CONFIRMATION,TRUE,NONE,MEDIUM,SYNTHETIC_SCENARIO,FALSE,SRC012,CATEGORY_ANCHOR_NOT_ROW_EVIDENCE,SURVEY_FREE_TEXT,EN,NONE,TRAIN,GVS-0448,GALAXY_S_BASE_PLUS에서 LOW_TEMP/NEW_PROTECTOR 조건에 새 필름 부착 후 지문 재등록을 하지 않음,불량 확정 금지; 정상·설정·외부 요인을 원문에서 확정하지 말 것
GVS-0449,T45,지문 조건 Hard negative,HARD_NEGATIVE,PHONE,S_ULTRA,GALAXY_S_ULTRA,UNSPECIFIED,UNSPECIFIED,UNSPECIFIED,UNSPECIFIED,HOW_TO,BIOMETRIC.FINGERPRINT,DEGRADED,센서 영역 화면에 먼지와 유분이 많음,WATER,DIRTY_SCREEN,AFTER_AGING,ALWAYS,ALWAYS,FINANCIAL_OR_TIME_COST,S0,EXPECTED_BEHAVIOR,NORMAL_DESIGN_BEHAVIOR,FINGER_CONDITION|PROTECTOR|SENSOR,USER_GUESS,공식 안내 확인,UNSPECIFIED,INSTRUCTIONS_OR_CONFIRMATION,TRUE,NONE,LOW,SYNTHETIC_SCENARIO,FALSE,SRC012,CATEGORY_ANCHOR_NOT_ROW_EVIDENCE,STORE_REVIEW,EN,CONTEXT,TRAIN,GVS-0449,GALAXY_S_ULTRA에서 WATER/DIRTY_SCREEN 조건에 센서 영역 화면에 먼지와 유분이 많음,불량 확정 금지; 정상·설정·외부 요인을 원문에서 확정하지 말 것
GVS-0450,T45,지문 조건 Hard negative,HARD_NEGATIVE,PHONE,S_FE,GALAXY_S_FE,UNSPECIFIED,UNSPECIFIED,UNSPECIFIED,UNSPECIFIED,HOW_TO,BIOMETRIC.FINGERPRINT,FALSE_POSITIVE,등록하지 않은 다른 손가락으로 시도,SCREEN_PROTECTOR,WRONG_REGISTERED_FINGER,UNKNOWN,RARE,UNKNOWN,USER_CONFUSION,S0,ENVIRONMENT_RELATED,ENVIRONMENTAL_CONDITION,FINGER_CONDITION|PROTECTOR|SENSOR,USER_GUESS,환경 조건 제거 후 재시험,UNSPECIFIED,INSTRUCTIONS_OR_CONFIRMATION,TRUE,NONE,HIGH,SYNTHETIC_SCENARIO,FALSE,SRC012,CATEGORY_ANCHOR_NOT_ROW_EVIDENCE,EMAIL_COMPLAINT,KO_EN_MIXED,MULTIPLE_FIELDS,TRAIN,GVS-0450,GALAXY_S_FE에서 SCREEN_PROTECTOR/WRONG_REGISTERED_FINGER 조건에 등록하지 않은 다른 손가락으로 시도,불량 확정 금지; 정상·설정·외부 요인을 원문에서 확정하지 말 것
GVS-0451,T46,외부 인프라 Hard negative,HARD_NEGATIVE,PHONE,S_BASE_PLUS,GALAXY_S_BASE_PLUS,UNSPECIFIED,UNSPECIFIED,UNSPECIFIED,UNSPECIFIED,HOW_TO,NETWORK.WIFI,NO_FUNCTION,같은 공유기의 모든 기기가 인터넷 불가,UNKNOWN,ROUTER_OUTAGE,AFTER_EVENT,INTERMITTENT,CONDITIONAL,BATTERY_ANXIETY,S0,NETWORK_PROVIDER_RELATED,NETWORK_OR_EXTERNAL_SERVICE,ROUTER|CARRIER|HEAD_UNIT|BANK|SERVICE,USER_GUESS,다른 망·장소·기기로 교차 확인,UNSPECIFIED,INSTRUCTIONS_OR_CONFIRMATION,TRUE,NONE,LOW,SYNTHETIC_SCENARIO,FALSE,SRC003,CATEGORY_ANCHOR_NOT_ROW_EVIDENCE,SAMSUNG_MEMBERS,KO,NONE,TRAIN,GVS-0451,GALAXY_S_BASE_PLUS에서 UNKNOWN/ROUTER_OUTAGE 조건에 같은 공유기의 모든 기기가 인터넷 불가,불량 확정 금지; 정상·설정·외부 요인을 원문에서 확정하지 말 것
GVS-0452,T46,외부 인프라 Hard negative,HARD_NEGATIVE,PHONE,S_ULTRA,GALAXY_S_ULTRA,UNSPECIFIED,UNSPECIFIED,UNSPECIFIED,UNSPECIFIED,HOW_TO,NETWORK.MOBILE,DISCONNECT,지역 통신사 장애 시간과 데이터 불가가 일치,UNKNOWN,CARRIER_OUTAGE,IMMEDIATE,DAILY,REPRODUCIBLE,PRIMARY_FUNCTION_DEGRADED,S1,ACCESSORY_RELATED,ACCESSORY,ROUTER|CARRIER|HEAD_UNIT|BANK|SERVICE,USER_GUESS,다른 액세서리로 교차 확인,UNSPECIFIED,INSTRUCTIONS_OR_CONFIRMATION,TRUE,NONE,MEDIUM,SYNTHETIC_SCENARIO,FALSE,SRC003,CATEGORY_ANCHOR_NOT_ROW_EVIDENCE,ECOMMERCE_REVIEW,KO,MODEL_VERSION,TRAIN,GVS-0452,GALAXY_S_ULTRA에서 UNKNOWN/CARRIER_OUTAGE 조건에 지역 통신사 장애 시간과 데이터 불가가 일치,불량 확정 금지; 정상·설정·외부 요인을 원문에서 확정하지 말 것
GVS-0453,T46,외부 인프라 Hard negative,HARD_NEGATIVE,PHONE,S_FE,GALAXY_S_FE,UNSPECIFIED,UNSPECIFIED,UNSPECIFIED,UNSPECIFIED,HOW_TO,CONNECTIVITY.ANDROID_AUTO,SLOW,차량 헤드유닛 펌웨어 문제로 여러 폰이 끊김,UNKNOWN,CAR_FIRMWARE,GRADUAL,FREQUENT,NOT_TESTED,TASK_DELAY,S0,NETWORK_PROVIDER_RELATED,NETWORK_OR_EXTERNAL_SERVICE,ROUTER|CARRIER|HEAD_UNIT|BANK|SERVICE,USER_GUESS,다른 망·장소·기기로 교차 확인,UNSPECIFIED,INSTRUCTIONS_OR_CONFIRMATION,TRUE,NONE,MEDIUM,SYNTHETIC_SCENARIO,FALSE,SRC003,CATEGORY_ANCHOR_NOT_ROW_EVIDENCE,CALL_CENTER_TRANSCRIPT,KO,FREQUENCY,TRAIN,GVS-0453,GALAXY_S_FE에서 UNKNOWN/CAR_FIRMWARE 조건에 차량 헤드유닛 펌웨어 문제로 여러 폰이 끊김,불량 확정 금지; 정상·설정·외부 요인을 원문에서 확정하지 말 것
GVS-0454,T46,외부 인프라 Hard negative,HARD_NEGATIVE,PHONE,Z_FOLD,GALAXY_Z_FOLD,UNSPECIFIED,UNSPECIFIED,UNSPECIFIED,UNSPECIFIED,HOW_TO,WALLET.PAYMENT,FALSE_POSITIVE,은행 점검 시간에 Wallet 인증 실패,UNKNOWN,BANK_MAINTENANCE,AFTER_AGING,ALWAYS,ALWAYS,MISSED_MOMENT,S1,ACCESSORY_RELATED,ACCESSORY,ROUTER|CARRIER|HEAD_UNIT|BANK|SERVICE,USER_GUESS,다른 액세서리로 교차 확인,UNSPECIFIED,INSTRUCTIONS_OR_CONFIRMATION,TRUE,NONE,LOW,SYNTHETIC_SCENARIO,FALSE,SRC003,CATEGORY_ANCHOR_NOT_ROW_EVIDENCE,SERVICE_INTAKE,KO,TRIGGER,TRAIN,GVS-0454,GALAXY_Z_FOLD에서 UNKNOWN/BANK_MAINTENANCE 조건에 은행 점검 시간에 Wallet 인증 실패,불량 확정 금지; 정상·설정·외부 요인을 원문에서 확정하지 말 것
GVS-0455,T46,외부 인프라 Hard negative,HARD_NEGATIVE,PHONE,Z_FLIP,GALAXY_Z_FLIP,UNSPECIFIED,UNSPECIFIED,UNSPECIFIED,UNSPECIFIED,HOW_TO,APP.COMPATIBILITY,NO_FUNCTION,외부 서비스 장애로 앱 로그인이 불가,UNKNOWN,SERVICE_DOWNTIME,UNKNOWN,RARE,UNKNOWN,WORK_INTERRUPTED,S0,NETWORK_PROVIDER_RELATED,NETWORK_OR_EXTERNAL_SERVICE,ROUTER|CARRIER|HEAD_UNIT|BANK|SERVICE,USER_GUESS,다른 망·장소·기기로 교차 확인,UNSPECIFIED,INSTRUCTIONS_OR_CONFIRMATION,TRUE,NONE,HIGH,SYNTHETIC_SCENARIO,FALSE,SRC003,CATEGORY_ANCHOR_NOT_ROW_EVIDENCE,SNS_POST,KO,ATTEMPTED_ACTION,TRAIN,GVS-0455,GALAXY_Z_FLIP에서 UNKNOWN/SERVICE_DOWNTIME 조건에 외부 서비스 장애로 앱 로그인이 불가,불량 확정 금지; 정상·설정·외부 요인을 원문에서 확정하지 말 것
GVS-0456,T46,외부 인프라 Hard negative,HARD_NEGATIVE,PHONE,A_SERIES,GALAXY_A,UNSPECIFIED,UNSPECIFIED,UNSPECIFIED,UNSPECIFIED,HOW_TO,NETWORK.WIFI,DISCONNECT,공공망 약관 동의를 하지 않아 인터넷 차단,UNKNOWN,CAPTIVE_PORTAL,AFTER_EVENT,INTERMITTENT,CONDITIONAL,REPEATED_RETRY,S1,ACCESSORY_RELATED,ACCESSORY,ROUTER|CARRIER|HEAD_UNIT|BANK|SERVICE,USER_GUESS,다른 액세서리로 교차 확인,UNSPECIFIED,INSTRUCTIONS_OR_CONFIRMATION,TRUE,NONE,LOW,SYNTHETIC_SCENARIO,FALSE,SRC003,CATEGORY_ANCHOR_NOT_ROW_EVIDENCE,COMMUNITY_POST,KO,MODEL_AND_VERSION,TRAIN,GVS-0456,GALAXY_A에서 UNKNOWN/CAPTIVE_PORTAL 조건에 공공망 약관 동의를 하지 않아 인터넷 차단,불량 확정 금지; 정상·설정·외부 요인을 원문에서 확정하지 말 것
GVS-0457,T46,외부 인프라 Hard negative,HARD_NEGATIVE,TABLET,TAB_S,GALAXY_TAB_S,UNSPECIFIED,UNSPECIFIED,UNSPECIFIED,UNSPECIFIED,HOW_TO,NETWORK.MOBILE,SLOW,사용자 지정 DNS 오류로 일부 도메인만 실패,UNKNOWN,DNS,IMMEDIATE,DAILY,REPRODUCIBLE,DATA_OR_SERVICE_UNAVAILABLE,S0,NETWORK_PROVIDER_RELATED,NETWORK_OR_EXTERNAL_SERVICE,ROUTER|CARRIER|HEAD_UNIT|BANK|SERVICE,USER_GUESS,다른 망·장소·기기로 교차 확인,UNSPECIFIED,INSTRUCTIONS_OR_CONFIRMATION,TRUE,NONE,MEDIUM,SYNTHETIC_SCENARIO,FALSE,SRC003,CATEGORY_ANCHOR_NOT_ROW_EVIDENCE,CHAT_SUPPORT,KO,TIME_PATTERN,TRAIN,GVS-0457,GALAXY_TAB_S에서 UNKNOWN/DNS 조건에 사용자 지정 DNS 오류로 일부 도메인만 실패,불량 확정 금지; 정상·설정·외부 요인을 원문에서 확정하지 말 것
GVS-0458,T46,외부 인프라 Hard negative,HARD_NEGATIVE,PHONE,S_BASE_PLUS,GALAXY_S_BASE_PLUS,UNSPECIFIED,UNSPECIFIED,UNSPECIFIED,UNSPECIFIED,HOW_TO,CONNECTIVITY.ANDROID_AUTO,FALSE_POSITIVE,VPN 서버 장애로 연결 앱 전체가 느림,UNKNOWN,VPN,GRADUAL,FREQUENT,NOT_TESTED,TRAVEL_DISRUPTION,S1,ACCESSORY_RELATED,ACCESSORY,ROUTER|CARRIER|HEAD_UNIT|BANK|SERVICE,USER_GUESS,다른 액세서리로 교차 확인,UNSPECIFIED,INSTRUCTIONS_OR_CONFIRMATION,TRUE,NONE,MEDIUM,SYNTHETIC_SCENARIO,FALSE,SRC003,CATEGORY_ANCHOR_NOT_ROW_EVIDENCE,SURVEY_FREE_TEXT,EN,NONE,VALID,GVS-0458,GALAXY_S_BASE_PLUS에서 UNKNOWN/VPN 조건에 VPN 서버 장애로 연결 앱 전체가 느림,불량 확정 금지; 정상·설정·외부 요인을 원문에서 확정하지 말 것
GVS-0459,T46,외부 인프라 Hard negative,HARD_NEGATIVE,PHONE,S_ULTRA,GALAXY_S_ULTRA,UNSPECIFIED,UNSPECIFIED,UNSPECIFIED,UNSPECIFIED,HOW_TO,WALLET.PAYMENT,NO_FUNCTION,계정 서버 장애로 여러 기기 로그인 실패,UNKNOWN,ACCOUNT_SERVER,AFTER_AGING,ALWAYS,ALWAYS,FINANCIAL_OR_TIME_COST,S0,NETWORK_PROVIDER_RELATED,NETWORK_OR_EXTERNAL_SERVICE,ROUTER|CARRIER|HEAD_UNIT|BANK|SERVICE,USER_GUESS,다른 망·장소·기기로 교차 확인,UNSPECIFIED,INSTRUCTIONS_OR_CONFIRMATION,TRUE,NONE,LOW,SYNTHETIC_SCENARIO,FALSE,SRC003,CATEGORY_ANCHOR_NOT_ROW_EVIDENCE,STORE_REVIEW,EN,CONTEXT,TRAIN,GVS-0459,GALAXY_S_ULTRA에서 UNKNOWN/ACCOUNT_SERVER 조건에 계정 서버 장애로 여러 기기 로그인 실패,불량 확정 금지; 정상·설정·외부 요인을 원문에서 확정하지 말 것
GVS-0460,T46,외부 인프라 Hard negative,HARD_NEGATIVE,PHONE,S_FE,GALAXY_S_FE,UNSPECIFIED,UNSPECIFIED,UNSPECIFIED,UNSPECIFIED,HOW_TO,APP.COMPATIBILITY,DISCONNECT,액세서리 펌웨어가 구버전이라 호환 문제,UNKNOWN,ACCESSORY_FIRMWARE,UNKNOWN,RARE,UNKNOWN,USER_CONFUSION,S1,ACCESSORY_RELATED,ACCESSORY,ROUTER|CARRIER|HEAD_UNIT|BANK|SERVICE,USER_GUESS,다른 액세서리로 교차 확인,UNSPECIFIED,INSTRUCTIONS_OR_CONFIRMATION,TRUE,NONE,HIGH,SYNTHETIC_SCENARIO,FALSE,SRC003,CATEGORY_ANCHOR_NOT_ROW_EVIDENCE,EMAIL_COMPLAINT,KO_EN_MIXED,MULTIPLE_FIELDS,TEST,GVS-0460,GALAXY_S_FE에서 UNKNOWN/ACCESSORY_FIRMWARE 조건에 액세서리 펌웨어가 구버전이라 호환 문제,불량 확정 금지; 정상·설정·외부 요인을 원문에서 확정하지 말 것
GVS-0461,T47,미지원 기능 Hard negative,HARD_NEGATIVE,PHONE,A_SERIES,GALAXY_A,UNSPECIFIED,UNSPECIFIED,UNSPECIFIED,UNSPECIFIED,HOW_TO,CHARGING.WIRELESS,FEATURE_MISSING,무선충전 미지원 A 모델에서 메뉴를 찾음,UNKNOWN,A_WIRELESS_CHARGE,AFTER_EVENT,INTERMITTENT,CONDITIONAL,BATTERY_ANXIETY,S0,UNSUPPORTED_FEATURE,FEATURE_NOT_SUPPORTED,PRODUCT_SPECIFICATION,USER_GUESS,제품 사양 확인,UNSPECIFIED,INSTRUCTIONS_OR_CONFIRMATION,TRUE,NONE,LOW,SYNTHETIC_SCENARIO,FALSE,SRC004,CATEGORY_ANCHOR_NOT_ROW_EVIDENCE,SAMSUNG_MEMBERS,KO,NONE,TRAIN,GVS-0461,GALAXY_A에서 UNKNOWN/A_WIRELESS_CHARGE 조건에 무선충전 미지원 A 모델에서 메뉴를 찾음,불량 확정 금지; 정상·설정·외부 요인을 원문에서 확정하지 말 것
GVS-0462,T47,미지원 기능 Hard negative,HARD_NEGATIVE,TABLET,TAB_A,GALAXY_TAB_A,UNSPECIFIED,UNSPECIFIED,UNSPECIFIED,UNSPECIFIED,HOW_TO,SPEN.INPUT,FALSE_POSITIVE,S펜 미지원 Tab A에서 기본 펜 입력을 기대,UNKNOWN,TAB_A_SPEN,IMMEDIATE,DAILY,REPRODUCIBLE,PRIMARY_FUNCTION_DEGRADED,S0,UNSUPPORTED_FEATURE,FEATURE_NOT_SUPPORTED,PRODUCT_SPECIFICATION,USER_GUESS,제품 사양 확인,UNSPECIFIED,INSTRUCTIONS_OR_CONFIRMATION,TRUE,NONE,MEDIUM,SYNTHETIC_SCENARIO,FALSE,SRC005,CATEGORY_ANCHOR_NOT_ROW_EVIDENCE,ECOMMERCE_REVIEW,KO,MODEL_VERSION,TRAIN,GVS-0462,GALAXY_TAB_A에서 UNKNOWN/TAB_A_SPEN 조건에 S펜 미지원 Tab A에서 기본 펜 입력을 기대,불량 확정 금지; 정상·설정·외부 요인을 원문에서 확정하지 말 것
GVS-0463,T47,미지원 기능 Hard negative,HARD_NEGATIVE,TABLET,TAB_S_FE,GALAXY_TAB_S_FE,UNSPECIFIED,UNSPECIFIED,UNSPECIFIED,UNSPECIFIED,HOW_TO,DEX.WIRED,FEATURE_MISSING,HDMI 출력 미지원 Tab FE에서 유선 DeX 시도,UNKNOWN,TAB_FE_HDMI,GRADUAL,FREQUENT,NOT_TESTED,TASK_DELAY,S0,UNSUPPORTED_FEATURE,FEATURE_NOT_SUPPORTED,PRODUCT_SPECIFICATION,USER_GUESS,제품 사양 확인,UNSPECIFIED,INSTRUCTIONS_OR_CONFIRMATION,TRUE,NONE,MEDIUM,SYNTHETIC_SCENARIO,FALSE,SRC003,CATEGORY_ANCHOR_NOT_ROW_EVIDENCE,CALL_CENTER_TRANSCRIPT,KO,FREQUENCY,TRAIN,GVS-0463,GALAXY_TAB_S_FE에서 UNKNOWN/TAB_FE_HDMI 조건에 HDMI 출력 미지원 Tab FE에서 유선 DeX 시도,불량 확정 금지; 정상·설정·외부 요인을 원문에서 확정하지 말 것
GVS-0464,T47,미지원 기능 Hard negative,HARD_NEGATIVE,PHONE,Z_FLIP,GALAXY_Z_FLIP,UNSPECIFIED,UNSPECIFIED,UNSPECIFIED,UNSPECIFIED,HOW_TO,DEX.WIRED,FALSE_POSITIVE,이전 Z Flip에서 DeX 연결을 시도,UNKNOWN,OLD_FLIP_DEX,AFTER_AGING,ALWAYS,ALWAYS,MISSED_MOMENT,S0,UNSUPPORTED_FEATURE,FEATURE_NOT_SUPPORTED,PRODUCT_SPECIFICATION,USER_GUESS,제품 사양 확인,UNSPECIFIED,INSTRUCTIONS_OR_CONFIRMATION,TRUE,NONE,LOW,SYNTHETIC_SCENARIO,FALSE,SRC003,CATEGORY_ANCHOR_NOT_ROW_EVIDENCE,SERVICE_INTAKE,KO,TRIGGER,TRAIN,GVS-0464,GALAXY_Z_FLIP에서 UNKNOWN/OLD_FLIP_DEX 조건에 이전 Z Flip에서 DeX 연결을 시도,불량 확정 금지; 정상·설정·외부 요인을 원문에서 확정하지 말 것
GVS-0465,T47,미지원 기능 Hard negative,HARD_NEGATIVE,PHONE,S_BASE_PLUS,GALAXY_S_BASE_PLUS,UNSPECIFIED,UNSPECIFIED,UNSPECIFIED,UNSPECIFIED,HOW_TO,SPEN.INPUT,FEATURE_MISSING,일반 S 기본형에서 S펜 입력을 기대,UNKNOWN,BASE_S_SPEN,UNKNOWN,RARE,UNKNOWN,WORK_INTERRUPTED,S0,UNSUPPORTED_FEATURE,FEATURE_NOT_SUPPORTED,PRODUCT_SPECIFICATION,USER_GUESS,제품 사양 확인,UNSPECIFIED,INSTRUCTIONS_OR_CONFIRMATION,TRUE,NONE,HIGH,SYNTHETIC_SCENARIO,FALSE,SRC005,CATEGORY_ANCHOR_NOT_ROW_EVIDENCE,SNS_POST,KO,ATTEMPTED_ACTION,TRAIN,GVS-0465,GALAXY_S_BASE_PLUS에서 UNKNOWN/BASE_S_SPEN 조건에 일반 S 기본형에서 S펜 입력을 기대,불량 확정 금지; 정상·설정·외부 요인을 원문에서 확정하지 말 것
GVS-0466,T47,미지원 기능 Hard negative,HARD_NEGATIVE,WATCH,WATCH_BT,GALAXY_WATCH_BT,UNSPECIFIED,UNSPECIFIED,UNSPECIFIED,UNSPECIFIED,HOW_TO,WATCH.LTE,FALSE_POSITIVE,Bluetooth Watch 모델에서 단독 LTE 통화 시도,UNKNOWN,WATCH_BT_LTE,AFTER_EVENT,INTERMITTENT,CONDITIONAL,REPEATED_RETRY,S0,UNSUPPORTED_FEATURE,FEATURE_NOT_SUPPORTED,PRODUCT_SPECIFICATION,USER_GUESS,제품 사양 확인,UNSPECIFIED,INSTRUCTIONS_OR_CONFIRMATION,TRUE,NONE,LOW,SYNTHETIC_SCENARIO,FALSE,SRC019,CATEGORY_ANCHOR_NOT_ROW_EVIDENCE,COMMUNITY_POST,KO,MODEL_AND_VERSION,TRAIN,GVS-0466,GALAXY_WATCH_BT에서 UNKNOWN/WATCH_BT_LTE 조건에 Bluetooth Watch 모델에서 단독 LTE 통화 시도,불량 확정 금지; 정상·설정·외부 요인을 원문에서 확정하지 말 것
GVS-0467,T47,미지원 기능 Hard negative,HARD_NEGATIVE,PHONE,Z_FOLD,GALAXY_Z_FOLD,UNSPECIFIED,UNSPECIFIED,UNSPECIFIED,UNSPECIFIED,HOW_TO,SPEN.INPUT,FEATURE_MISSING,Fold 커버 화면에서 S펜 사용 시도,UNKNOWN,FOLD_COVER_SPEN,IMMEDIATE,DAILY,REPRODUCIBLE,DATA_OR_SERVICE_UNAVAILABLE,S0,UNSUPPORTED_FEATURE,FEATURE_NOT_SUPPORTED,PRODUCT_SPECIFICATION,USER_GUESS,제품 사양 확인,UNSPECIFIED,INSTRUCTIONS_OR_CONFIRMATION,TRUE,NONE,MEDIUM,SYNTHETIC_SCENARIO,FALSE,SRC005,CATEGORY_ANCHOR_NOT_ROW_EVIDENCE,CHAT_SUPPORT,KO,TIME_PATTERN,TRAIN,GVS-0467,GALAXY_Z_FOLD에서 UNKNOWN/FOLD_COVER_SPEN 조건에 Fold 커버 화면에서 S펜 사용 시도,불량 확정 금지; 정상·설정·외부 요인을 원문에서 확정하지 말 것
GVS-0468,T47,미지원 기능 Hard negative,HARD_NEGATIVE,TABLET,TAB_S_FE,GALAXY_TAB_S_FE,UNSPECIFIED,UNSPECIFIED,UNSPECIFIED,UNSPECIFIED,HOW_TO,SPEN.BLE,FALSE_POSITIVE,BLE 없는 FE S펜에서 Air Actions 기대,UNKNOWN,FE_SPEN_AIR_ACTION,GRADUAL,FREQUENT,NOT_TESTED,TRAVEL_DISRUPTION,S0,UNSUPPORTED_FEATURE,FEATURE_NOT_SUPPORTED,PRODUCT_SPECIFICATION,USER_GUESS,제품 사양 확인,UNSPECIFIED,INSTRUCTIONS_OR_CONFIRMATION,TRUE,NONE,MEDIUM,SYNTHETIC_SCENARIO,FALSE,SRC005,CATEGORY_ANCHOR_NOT_ROW_EVIDENCE,SURVEY_FREE_TEXT,EN,NONE,TRAIN,GVS-0468,GALAXY_TAB_S_FE에서 UNKNOWN/FE_SPEN_AIR_ACTION 조건에 BLE 없는 FE S펜에서 Air Actions 기대,불량 확정 금지; 정상·설정·외부 요인을 원문에서 확정하지 말 것
GVS-0469,T47,미지원 기능 Hard negative,HARD_NEGATIVE,PHONE,S_BASE_PLUS,GALAXY_S_BASE_PLUS,UNSPECIFIED,UNSPECIFIED,UNSPECIFIED,UNSPECIFIED,HOW_TO,NETWORK.MOBILE,FEATURE_MISSING,지역·통신사 미지원 eSIM 메뉴가 없음,UNKNOWN,REGION_ESIM,AFTER_AGING,ALWAYS,ALWAYS,FINANCIAL_OR_TIME_COST,S0,UNSUPPORTED_FEATURE,FEATURE_NOT_SUPPORTED,PRODUCT_SPECIFICATION,USER_GUESS,제품 사양 확인,UNSPECIFIED,INSTRUCTIONS_OR_CONFIRMATION,TRUE,NONE,LOW,SYNTHETIC_SCENARIO,FALSE,SRC008,CATEGORY_ANCHOR_NOT_ROW_EVIDENCE,STORE_REVIEW,EN,CONTEXT,TRAIN,GVS-0469,GALAXY_S_BASE_PLUS에서 UNKNOWN/REGION_ESIM 조건에 지역·통신사 미지원 eSIM 메뉴가 없음,불량 확정 금지; 정상·설정·외부 요인을 원문에서 확정하지 말 것
GVS-0470,T47,미지원 기능 Hard negative,HARD_NEGATIVE,PHONE,S_BASE_PLUS,GALAXY_S_BASE_PLUS,UNSPECIFIED,UNSPECIFIED,UNSPECIFIED,UNSPECIFIED,HOW_TO,DEX.PC,FALSE_POSITIVE,One UI 7 이상에서 PC용 DeX를 기대,UNKNOWN,DEX_PC_ONEUI7,UNKNOWN,RARE,UNKNOWN,USER_CONFUSION,S0,UNSUPPORTED_FEATURE,FEATURE_NOT_SUPPORTED,PRODUCT_SPECIFICATION,USER_GUESS,제품 사양 확인,UNSPECIFIED,INSTRUCTIONS_OR_CONFIRMATION,TRUE,NONE,HIGH,SYNTHETIC_SCENARIO,FALSE,SRC003,CATEGORY_ANCHOR_NOT_ROW_EVIDENCE,EMAIL_COMPLAINT,KO_EN_MIXED,MULTIPLE_FIELDS,TRAIN,GVS-0470,GALAXY_S_BASE_PLUS에서 UNKNOWN/DEX_PC_ONEUI7 조건에 One UI 7 이상에서 PC용 DeX를 기대,불량 확정 금지; 정상·설정·외부 요인을 원문에서 확정하지 말 것
GVS-0471,T48,긍정·혼합 평가,POSITIVE_NEUTRAL,PHONE,S_ULTRA,GALAXY_S_ULTRA,UNSPECIFIED,UNSPECIFIED,UNSPECIFIED,UNSPECIFIED,PRAISE,CAMERA.IMAGE_QUALITY,POSITIVE_EXPERIENCE,카메라 화질과 줌에 매우 만족,DEVICE_MIGRATION,CAMERA_PRAISE,AFTER_EVENT,INTERMITTENT,CONDITIONAL,BATTERY_ANXIETY,S0,UNKNOWN,UNKNOWN,PRODUCT_EXPERIENCE,USER_GUESS,조치 정보 없음,UNSPECIFIED,NONE,FALSE,NONE,LOW,SYNTHETIC_SCENARIO,FALSE,SRC018,CATEGORY_ANCHOR_NOT_ROW_EVIDENCE,SAMSUNG_MEMBERS,KO,NONE,TRAIN,GVS-0471,GALAXY_S_ULTRA에서 DEVICE_MIGRATION/CAMERA_PRAISE 조건에 카메라 화질과 줌에 매우 만족,관찰 사실과 원인 추정을 분리; 모델 기능 호환성 검사
GVS-0472,T48,긍정·혼합 평가,POSITIVE_NEUTRAL,PHONE,S_BASE_PLUS,GALAXY_S_BASE_PLUS,UNSPECIFIED,UNSPECIFIED,UNSPECIFIED,UNSPECIFIED,COMPARISON,POWER.BATTERY.ENDURANCE,VALUE_DISSATISFACTION,하루 종일 버티는 배터리에 만족,UNKNOWN,BATTERY_PRAISE,IMMEDIATE,DAILY,REPRODUCIBLE,PRIMARY_FUNCTION_DEGRADED,S0,UNKNOWN,UNKNOWN,PRODUCT_EXPERIENCE,USER_GUESS,조치 정보 없음,UNSPECIFIED,INFORMATION,FALSE,NONE,MEDIUM,SYNTHETIC_SCENARIO,FALSE,SRC018,CATEGORY_ANCHOR_NOT_ROW_EVIDENCE,ECOMMERCE_REVIEW,KO,MODEL_VERSION,TRAIN,GVS-0472,GALAXY_S_BASE_PLUS에서 UNKNOWN/BATTERY_PRAISE 조건에 하루 종일 버티는 배터리에 만족,관찰 사실과 원인 추정을 분리; 모델 기능 호환성 검사
GVS-0473,T48,긍정·혼합 평가,POSITIVE_NEUTRAL,PHONE,S_FE,GALAXY_S_FE,UNSPECIFIED,UNSPECIFIED,UNSPECIFIED,UNSPECIFIED,USABILITY_COMPLAINT,DISPLAY.MAIN,DIFFICULT_TO_USE,화면 밝기와 색감이 전작보다 좋음,DEVICE_MIGRATION,DISPLAY_PRAISE,GRADUAL,FREQUENT,NOT_TESTED,TASK_DELAY,S0,UNKNOWN,UNKNOWN,PRODUCT_EXPERIENCE,USER_GUESS,조치 정보 없음,UNSPECIFIED,USABILITY_IMPROVEMENT,FALSE,NONE,MEDIUM,SYNTHETIC_SCENARIO,FALSE,SRC018,CATEGORY_ANCHOR_NOT_ROW_EVIDENCE,CALL_CENTER_TRANSCRIPT,KO,FREQUENCY,TRAIN,GVS-0473,GALAXY_S_FE에서 DEVICE_MIGRATION/DISPLAY_PRAISE 조건에 화면 밝기와 색감이 전작보다 좋음,관찰 사실과 원인 추정을 분리; 모델 기능 호환성 검사
GVS-0474,T48,긍정·혼합 평가,POSITIVE_NEUTRAL,PHONE,S_ULTRA,GALAXY_S_ULTRA,UNSPECIFIED,UNSPECIFIED,UNSPECIFIED,UNSPECIFIED,PRAISE,SPEN.INPUT,POSITIVE_EXPERIENCE,S펜 필기와 메모 기능이 유용,UNKNOWN,SPEN_PRAISE,AFTER_AGING,ALWAYS,ALWAYS,MISSED_MOMENT,S0,UNKNOWN,UNKNOWN,PRODUCT_EXPERIENCE,USER_GUESS,조치 정보 없음,UNSPECIFIED,NONE,FALSE,NONE,LOW,SYNTHETIC_SCENARIO,FALSE,SRC018,CATEGORY_ANCHOR_NOT_ROW_EVIDENCE,SERVICE_INTAKE,KO,TRIGGER,TRAIN,GVS-0474,GALAXY_S_ULTRA에서 UNKNOWN/SPEN_PRAISE 조건에 S펜 필기와 메모 기능이 유용,관찰 사실과 원인 추정을 분리; 모델 기능 호환성 검사
GVS-0475,T48,긍정·혼합 평가,POSITIVE_NEUTRAL,PHONE,Z_FLIP,GALAXY_Z_FLIP,UNSPECIFIED,UNSPECIFIED,UNSPECIFIED,UNSPECIFIED,COMPARISON,CAMERA.IMAGE_QUALITY,VALUE_DISSATISFACTION,카메라는 좋지만 배터리는 아쉬움,DEVICE_MIGRATION,MIXED_CAMERA_BATTERY,UNKNOWN,RARE,UNKNOWN,WORK_INTERRUPTED,S0,UNKNOWN,UNKNOWN,PRODUCT_EXPERIENCE,USER_GUESS,조치 정보 없음,UNSPECIFIED,INFORMATION,FALSE,NONE,HIGH,SYNTHETIC_SCENARIO,FALSE,SRC018,CATEGORY_ANCHOR_NOT_ROW_EVIDENCE,SNS_POST,KO,ATTEMPTED_ACTION,TRAIN,GVS-0475,GALAXY_Z_FLIP에서 DEVICE_MIGRATION/MIXED_CAMERA_BATTERY 조건에 카메라는 좋지만 배터리는 아쉬움,관찰 사실과 원인 추정을 분리; 모델 기능 호환성 검사
GVS-0476,T48,긍정·혼합 평가,POSITIVE_NEUTRAL,PHONE,Z_FOLD,GALAXY_Z_FOLD,UNSPECIFIED,UNSPECIFIED,UNSPECIFIED,UNSPECIFIED,USABILITY_COMPLAINT,DESIGN.SIZE_WEIGHT,DIFFICULT_TO_USE,디자인은 마음에 들지만 무게가 부담,UNKNOWN,MIXED_DESIGN_WEIGHT,AFTER_EVENT,INTERMITTENT,CONDITIONAL,REPEATED_RETRY,S0,UNKNOWN,UNKNOWN,PRODUCT_EXPERIENCE,USER_GUESS,조치 정보 없음,UNSPECIFIED,USABILITY_IMPROVEMENT,FALSE,NONE,LOW,SYNTHETIC_SCENARIO,FALSE,SRC018,CATEGORY_ANCHOR_NOT_ROW_EVIDENCE,COMMUNITY_POST,KO,MODEL_AND_VERSION,TRAIN,GVS-0476,GALAXY_Z_FOLD에서 UNKNOWN/MIXED_DESIGN_WEIGHT 조건에 디자인은 마음에 들지만 무게가 부담,관찰 사실과 원인 추정을 분리; 모델 기능 호환성 검사
GVS-0477,T48,긍정·혼합 평가,POSITIVE_NEUTRAL,PHONE,A_SERIES,GALAXY_A,UNSPECIFIED,UNSPECIFIED,UNSPECIFIED,UNSPECIFIED,PRAISE,PRODUCT.VALUE,POSITIVE_EXPERIENCE,성능은 빠르지만 가격이 높음,DEVICE_MIGRATION,MIXED_PERFORMANCE_PRICE,IMMEDIATE,DAILY,REPRODUCIBLE,DATA_OR_SERVICE_UNAVAILABLE,S0,UNKNOWN,UNKNOWN,PRODUCT_EXPERIENCE,USER_GUESS,조치 정보 없음,UNSPECIFIED,NONE,FALSE,NONE,MEDIUM,SYNTHETIC_SCENARIO,FALSE,SRC018,CATEGORY_ANCHOR_NOT_ROW_EVIDENCE,CHAT_SUPPORT,KO,TIME_PATTERN,TRAIN,GVS-0477,GALAXY_A에서 DEVICE_MIGRATION/MIXED_PERFORMANCE_PRICE 조건에 성능은 빠르지만 가격이 높음,관찰 사실과 원인 추정을 분리; 모델 기능 호환성 검사
GVS-0478,T48,긍정·혼합 평가,POSITIVE_NEUTRAL,PHONE,Z_FOLD,GALAXY_Z_FOLD,UNSPECIFIED,UNSPECIFIED,UNSPECIFIED,UNSPECIFIED,COMPARISON,DISPLAY.INNER,VALUE_DISSATISFACTION,큰 내부 화면은 좋지만 접힘부가 신경 쓰임,UNKNOWN,MIXED_FOLD_SCREEN,GRADUAL,FREQUENT,NOT_TESTED,TRAVEL_DISRUPTION,S0,UNKNOWN,UNKNOWN,PRODUCT_EXPERIENCE,USER_GUESS,조치 정보 없음,UNSPECIFIED,INFORMATION,FALSE,NONE,MEDIUM,SYNTHETIC_SCENARIO,FALSE,SRC018,CATEGORY_ANCHOR_NOT_ROW_EVIDENCE,SURVEY_FREE_TEXT,EN,NONE,TRAIN,GVS-0478,GALAXY_Z_FOLD에서 UNKNOWN/MIXED_FOLD_SCREEN 조건에 큰 내부 화면은 좋지만 접힘부가 신경 쓰임,관찰 사실과 원인 추정을 분리; 모델 기능 호환성 검사
GVS-0479,T48,긍정·혼합 평가,POSITIVE_NEUTRAL,TABLET,TAB_S,GALAXY_TAB_S,UNSPECIFIED,UNSPECIFIED,UNSPECIFIED,UNSPECIFIED,USABILITY_COMPLAINT,TAB.SPEN,DIFFICULT_TO_USE,태블릿 필기는 좋지만 키보드 가격이 높음,DEVICE_MIGRATION,MIXED_TAB_PEN,AFTER_AGING,ALWAYS,ALWAYS,FINANCIAL_OR_TIME_COST,S0,UNKNOWN,UNKNOWN,PRODUCT_EXPERIENCE,USER_GUESS,조치 정보 없음,UNSPECIFIED,USABILITY_IMPROVEMENT,FALSE,NONE,LOW,SYNTHETIC_SCENARIO,FALSE,SRC026,CATEGORY_ANCHOR_NOT_ROW_EVIDENCE,STORE_REVIEW,EN,CONTEXT,TRAIN,GVS-0479,GALAXY_TAB_S에서 DEVICE_MIGRATION/MIXED_TAB_PEN 조건에 태블릿 필기는 좋지만 키보드 가격이 높음,관찰 사실과 원인 추정을 분리; 모델 기능 호환성 검사
GVS-0480,T48,긍정·혼합 평가,POSITIVE_NEUTRAL,PHONE,S_BASE_PLUS,GALAXY_S_BASE_PLUS,UNSPECIFIED,UNSPECIFIED,UNSPECIFIED,UNSPECIFIED,PRAISE,PRODUCT.VALUE,POSITIVE_EXPERIENCE,장기간 사용 후 전반 만족과 작은 불편을 함께 언급,UNKNOWN,LONG_TERM_REVIEW,UNKNOWN,RARE,UNKNOWN,USER_CONFUSION,S0,UNKNOWN,UNKNOWN,PRODUCT_EXPERIENCE,USER_GUESS,조치 정보 없음,UNSPECIFIED,NONE,FALSE,NONE,HIGH,SYNTHETIC_SCENARIO,FALSE,SRC018,CATEGORY_ANCHOR_NOT_ROW_EVIDENCE,EMAIL_COMPLAINT,KO_EN_MIXED,MULTIPLE_FIELDS,TRAIN,GVS-0480,GALAXY_S_BASE_PLUS에서 UNKNOWN/LONG_TERM_REVIEW 조건에 장기간 사용 후 전반 만족과 작은 불편을 함께 언급,관찰 사실과 원인 추정을 분리; 모델 기능 호환성 검사
GVS-0481,T49,사용법·요청·비교,NON_DEFECT,PHONE,S_BASE_PLUS,GALAXY_S_BASE_PLUS,UNSPECIFIED,UNSPECIFIED,UNSPECIFIED,UNSPECIFIED,HOW_TO,PRODUCT.FEATURE_SET,INFORMATION_REQUEST,통화 녹음 기능 지원 여부와 위치 문의,UNKNOWN,CALL_RECORDING,AFTER_EVENT,INTERMITTENT,CONDITIONAL,BATTERY_ANXIETY,S0,UNKNOWN,UNKNOWN,FEATURE_DISCOVERY|PRODUCT_PLANNING,USER_GUESS,조치 정보 없음,UNSPECIFIED,INSTRUCTIONS_OR_CONFIRMATION,FALSE,NONE,LOW,SYNTHETIC_SCENARIO,FALSE,SRC001,CATEGORY_ANCHOR_NOT_ROW_EVIDENCE,SAMSUNG_MEMBERS,KO,NONE,TRAIN,GVS-0481,GALAXY_S_BASE_PLUS에서 UNKNOWN/CALL_RECORDING 조건에 통화 녹음 기능 지원 여부와 위치 문의,관찰 사실과 원인 추정을 분리; 모델 기능 호환성 검사
GVS-0482,T49,사용법·요청·비교,NON_DEFECT,PHONE,S_ULTRA,GALAXY_S_ULTRA,UNSPECIFIED,UNSPECIFIED,UNSPECIFIED,UNSPECIFIED,FEATURE_REQUEST,AI.TRANSLATE,FEATURE_MISSING,Galaxy AI에 원하는 언어 추가 요청,UNKNOWN,AI_LANGUAGE,IMMEDIATE,DAILY,REPRODUCIBLE,PRIMARY_FUNCTION_DEGRADED,S0,UNSUPPORTED_FEATURE,FEATURE_NOT_SUPPORTED,FEATURE_DISCOVERY|PRODUCT_PLANNING,USER_GUESS,제품 사양 확인,UNSPECIFIED,FEATURE_ADDITION,FALSE,NONE,MEDIUM,SYNTHETIC_SCENARIO,FALSE,SRC027,CATEGORY_ANCHOR_NOT_ROW_EVIDENCE,ECOMMERCE_REVIEW,KO,MODEL_VERSION,VALID,GVS-0482,GALAXY_S_ULTRA에서 UNKNOWN/AI_LANGUAGE 조건에 Galaxy AI에 원하는 언어 추가 요청,관찰 사실과 원인 추정을 분리; 모델 기능 호환성 검사
GVS-0483,T49,사용법·요청·비교,NON_DEFECT,PHONE,S_FE,GALAXY_S_FE,UNSPECIFIED,UNSPECIFIED,UNSPECIFIED,UNSPECIFIED,COMPARISON,DEX.WIRELESS,DIFFICULT_TO_USE,무선 DeX 연결 방법 문의,UNKNOWN,DEX_SETUP,GRADUAL,FREQUENT,NOT_TESTED,TASK_DELAY,S0,UNKNOWN,UNKNOWN,FEATURE_DISCOVERY|PRODUCT_PLANNING,USER_GUESS,조치 정보 없음,UNSPECIFIED,INFORMATION,FALSE,NONE,MEDIUM,SYNTHETIC_SCENARIO,FALSE,SRC003,CATEGORY_ANCHOR_NOT_ROW_EVIDENCE,CALL_CENTER_TRANSCRIPT,KO,FREQUENCY,TRAIN,GVS-0483,GALAXY_S_FE에서 UNKNOWN/DEX_SETUP 조건에 무선 DeX 연결 방법 문의,관찰 사실과 원인 추정을 분리; 모델 기능 호환성 검사
GVS-0484,T49,사용법·요청·비교,NON_DEFECT,PHONE,Z_FOLD,GALAXY_Z_FOLD,UNSPECIFIED,UNSPECIFIED,UNSPECIFIED,UNSPECIFIED,HOW_TO,DATA.BACKUP_MIGRATION,INFORMATION_REQUEST,Smart Switch가 어떤 데이터를 옮기는지 질문,UNKNOWN,BACKUP_SCOPE,AFTER_AGING,ALWAYS,ALWAYS,MISSED_MOMENT,S0,UNSUPPORTED_FEATURE,FEATURE_NOT_SUPPORTED,FEATURE_DISCOVERY|PRODUCT_PLANNING,USER_GUESS,제품 사양 확인,UNSPECIFIED,INSTRUCTIONS_OR_CONFIRMATION,FALSE,NONE,LOW,SYNTHETIC_SCENARIO,FALSE,SRC001,CATEGORY_ANCHOR_NOT_ROW_EVIDENCE,SERVICE_INTAKE,KO,TRIGGER,VALID,GVS-0484,GALAXY_Z_FOLD에서 UNKNOWN/BACKUP_SCOPE 조건에 Smart Switch가 어떤 데이터를 옮기는지 질문,관찰 사실과 원인 추정을 분리; 모델 기능 호환성 검사
GVS-0485,T49,사용법·요청·비교,NON_DEFECT,PHONE,Z_FLIP,GALAXY_Z_FLIP,UNSPECIFIED,UNSPECIFIED,UNSPECIFIED,UNSPECIFIED,FEATURE_REQUEST,POWER.BATTERY.ENDURANCE,FEATURE_MISSING,배터리 보호 충전 한도 설정 위치 문의,UNKNOWN,BATTERY_SETTING,UNKNOWN,RARE,UNKNOWN,WORK_INTERRUPTED,S0,UNKNOWN,UNKNOWN,FEATURE_DISCOVERY|PRODUCT_PLANNING,USER_GUESS,조치 정보 없음,UNSPECIFIED,FEATURE_ADDITION,FALSE,NONE,HIGH,SYNTHETIC_SCENARIO,FALSE,SRC010,CATEGORY_ANCHOR_NOT_ROW_EVIDENCE,SNS_POST,KO,ATTEMPTED_ACTION,TRAIN,GVS-0485,GALAXY_Z_FLIP에서 UNKNOWN/BATTERY_SETTING 조건에 배터리 보호 충전 한도 설정 위치 문의,관찰 사실과 원인 추정을 분리; 모델 기능 호환성 검사
GVS-0486,T49,사용법·요청·비교,NON_DEFECT,PHONE,S_ULTRA,GALAXY_S_ULTRA,UNSPECIFIED,UNSPECIFIED,UNSPECIFIED,UNSPECIFIED,COMPARISON,CAMERA.CAPTURE,DIFFICULT_TO_USE,카메라 보정 강도를 줄이는 방법 질문,UNKNOWN,CAMERA_SETTING,AFTER_EVENT,INTERMITTENT,CONDITIONAL,REPEATED_RETRY,S0,UNSUPPORTED_FEATURE,FEATURE_NOT_SUPPORTED,FEATURE_DISCOVERY|PRODUCT_PLANNING,USER_GUESS,제품 사양 확인,UNSPECIFIED,INFORMATION,FALSE,NONE,LOW,SYNTHETIC_SCENARIO,FALSE,SRC001,CATEGORY_ANCHOR_NOT_ROW_EVIDENCE,COMMUNITY_POST,KO,MODEL_AND_VERSION,TRAIN,GVS-0486,GALAXY_S_ULTRA에서 UNKNOWN/CAMERA_SETTING 조건에 카메라 보정 강도를 줄이는 방법 질문,관찰 사실과 원인 추정을 분리; 모델 기능 호환성 검사
GVS-0487,T49,사용법·요청·비교,NON_DEFECT,PHONE,Z_FOLD,GALAXY_Z_FOLD,UNSPECIFIED,UNSPECIFIED,UNSPECIFIED,UNSPECIFIED,HOW_TO,MULTITASKING.WINDOW,INFORMATION_REQUEST,Fold 태스크바 자동 숨김 설정 요청,UNKNOWN,FOLD_TASKBAR,IMMEDIATE,DAILY,REPRODUCIBLE,DATA_OR_SERVICE_UNAVAILABLE,S0,UNKNOWN,UNKNOWN,FEATURE_DISCOVERY|PRODUCT_PLANNING,USER_GUESS,조치 정보 없음,UNSPECIFIED,INSTRUCTIONS_OR_CONFIRMATION,FALSE,NONE,MEDIUM,SYNTHETIC_SCENARIO,FALSE,SRC001,CATEGORY_ANCHOR_NOT_ROW_EVIDENCE,CHAT_SUPPORT,KO,TIME_PATTERN,TRAIN,GVS-0487,GALAXY_Z_FOLD에서 UNKNOWN/FOLD_TASKBAR 조건에 Fold 태스크바 자동 숨김 설정 요청,관찰 사실과 원인 추정을 분리; 모델 기능 호환성 검사
GVS-0488,T49,사용법·요청·비교,NON_DEFECT,PHONE,S_ULTRA,GALAXY_S_ULTRA,UNSPECIFIED,UNSPECIFIED,UNSPECIFIED,UNSPECIFIED,FEATURE_REQUEST,PRODUCT.FEATURE_SET,FEATURE_MISSING,microSD 슬롯 재도입 요청,UNKNOWN,MICROSD_REQUEST,GRADUAL,FREQUENT,NOT_TESTED,TRAVEL_DISRUPTION,S0,UNSUPPORTED_FEATURE,FEATURE_NOT_SUPPORTED,FEATURE_DISCOVERY|PRODUCT_PLANNING,USER_GUESS,제품 사양 확인,UNSPECIFIED,FEATURE_ADDITION,FALSE,NONE,MEDIUM,SYNTHETIC_SCENARIO,FALSE,SRC018,CATEGORY_ANCHOR_NOT_ROW_EVIDENCE,SURVEY_FREE_TEXT,EN,NONE,VALID,GVS-0488,GALAXY_S_ULTRA에서 UNKNOWN/MICROSD_REQUEST 조건에 microSD 슬롯 재도입 요청,관찰 사실과 원인 추정을 분리; 모델 기능 호환성 검사
GVS-0489,T49,사용법·요청·비교,NON_DEFECT,PHONE,A_SERIES,GALAXY_A,UNSPECIFIED,UNSPECIFIED,UNSPECIFIED,UNSPECIFIED,COMPARISON,CHARGING.WIRED,DIFFICULT_TO_USE,충전 상한을 세밀하게 지정하는 기능 요청,UNKNOWN,CHARGING_LIMIT,AFTER_AGING,ALWAYS,ALWAYS,FINANCIAL_OR_TIME_COST,S0,UNKNOWN,UNKNOWN,FEATURE_DISCOVERY|PRODUCT_PLANNING,USER_GUESS,조치 정보 없음,UNSPECIFIED,INFORMATION,FALSE,NONE,LOW,SYNTHETIC_SCENARIO,FALSE,SRC002,CATEGORY_ANCHOR_NOT_ROW_EVIDENCE,STORE_REVIEW,EN,CONTEXT,TRAIN,GVS-0489,GALAXY_A에서 UNKNOWN/CHARGING_LIMIT 조건에 충전 상한을 세밀하게 지정하는 기능 요청,관찰 사실과 원인 추정을 분리; 모델 기능 호환성 검사
GVS-0490,T49,사용법·요청·비교,NON_DEFECT,PHONE,S_BASE_PLUS,GALAXY_S_BASE_PLUS,UNSPECIFIED,UNSPECIFIED,UNSPECIFIED,UNSPECIFIED,HOW_TO,ONEUI.UPDATE,INFORMATION_REQUEST,자신의 기기 업데이트 일정 문의,UNKNOWN,UPDATE_SCHEDULE,UNKNOWN,RARE,UNKNOWN,USER_CONFUSION,S0,UNSUPPORTED_FEATURE,FEATURE_NOT_SUPPORTED,FEATURE_DISCOVERY|PRODUCT_PLANNING,USER_GUESS,제품 사양 확인,UNSPECIFIED,INSTRUCTIONS_OR_CONFIRMATION,FALSE,NONE,HIGH,SYNTHETIC_SCENARIO,FALSE,SRC025,CATEGORY_ANCHOR_NOT_ROW_EVIDENCE,EMAIL_COMPLAINT,KO_EN_MIXED,MULTIPLE_FIELDS,TRAIN,GVS-0490,GALAXY_S_BASE_PLUS에서 UNKNOWN/UPDATE_SCHEDULE 조건에 자신의 기기 업데이트 일정 문의,관찰 사실과 원인 추정을 분리; 모델 기능 호환성 검사
GVS-0491,T50,안전·긴급 에스컬레이션,SAFETY,PHONE,S_ULTRA,GALAXY_S_ULTRA,UNSPECIFIED,UNSPECIFIED,UNSPECIFIED,UNSPECIFIED,SAFETY_REPORT,POWER.BATTERY.LEVEL,SAFETY_HAZARD,후면이 들릴 정도로 배터리가 부풀어 오름,CHARGING,SWOLLEN_BACK,AFTER_EVENT,INTERMITTENT,CONDITIONAL,BATTERY_ANXIETY,S4,PRODUCT_DEFECT_POSSIBLE,HARDWARE_OR_COMPONENT,BATTERY|CHARGER|PMIC|SERVICE_PROCESS,USER_GUESS,자가진단 또는 서비스센터 점검,UNSPECIFIED,IMMEDIATE_SAFETY_ACTION,FALSE,BATTERY_SWELL,LOW,SYNTHETIC_SCENARIO,FALSE,SRC023,CATEGORY_ANCHOR_NOT_ROW_EVIDENCE,SAMSUNG_MEMBERS,KO,NONE,TRAIN,GVS-0491,GALAXY_S_ULTRA에서 CHARGING/SWOLLEN_BACK 조건에 후면이 들릴 정도로 배터리가 부풀어 오름,관찰 사실과 원인 추정을 분리; 모델 기능 호환성 검사
GVS-0492,T50,안전·긴급 에스컬레이션,SAFETY,PHONE,S_BASE_PLUS,GALAXY_S_BASE_PLUS,UNSPECIFIED,UNSPECIFIED,UNSPECIFIED,UNSPECIFIED,SAFETY_REPORT,CHARGING.WIRED,PHYSICAL_DAMAGE,충전 중 연기와 타는 냄새가 발생,HIGH_TEMP,SMOKE,IMMEDIATE,DAILY,REPRODUCIBLE,PRIMARY_FUNCTION_DEGRADED,S4,USER_CAUSE_POSSIBLE,DROP_LIQUID_OR_WEAR,BATTERY|CHARGER|PMIC|SERVICE_PROCESS,USER_GUESS,손상 이력 확인,UNSPECIFIED,IMMEDIATE_SAFETY_ACTION,FALSE,SMOKE_FIRE,MEDIUM,SYNTHETIC_SCENARIO,FALSE,SRC023,CATEGORY_ANCHOR_NOT_ROW_EVIDENCE,ECOMMERCE_REVIEW,KO,MODEL_VERSION,TRAIN,GVS-0492,GALAXY_S_BASE_PLUS에서 HIGH_TEMP/SMOKE 조건에 충전 중 연기와 타는 냄새가 발생,관찰 사실과 원인 추정을 분리; 모델 기능 호환성 검사
GVS-0493,T50,안전·긴급 에스컬레이션,SAFETY,PHONE,Z_FOLD,GALAXY_Z_FOLD,UNSPECIFIED,UNSPECIFIED,UNSPECIFIED,UNSPECIFIED,SAFETY_REPORT,THERMAL.DEVICE,OVERHEAT,전원을 끈 뒤에도 탄 냄새가 남음,IMPACT,BURN_SMELL,GRADUAL,FREQUENT,NOT_TESTED,TASK_DELAY,S4,SERVICE_PROCESS,SERVICE_POLICY_OR_PROCESS,BATTERY|CHARGER|PMIC|SERVICE_PROCESS,USER_GUESS,센터·고객지원 문의,UNSPECIFIED,IMMEDIATE_SAFETY_ACTION,FALSE,SMOKE_FIRE,MEDIUM,SYNTHETIC_SCENARIO,FALSE,SRC023,CATEGORY_ANCHOR_NOT_ROW_EVIDENCE,CALL_CENTER_TRANSCRIPT,KO,FREQUENCY,TRAIN,GVS-0493,GALAXY_Z_FOLD에서 IMPACT/BURN_SMELL 조건에 전원을 끈 뒤에도 탄 냄새가 남음,관찰 사실과 원인 추정을 분리; 모델 기능 호환성 검사
GVS-0494,T50,안전·긴급 에스컬레이션,SAFETY,PHONE,A_SERIES,GALAXY_A,UNSPECIFIED,UNSPECIFIED,UNSPECIFIED,UNSPECIFIED,SAFETY_REPORT,CHARGING.WIRED,MISSING_DATA,충전기와 포트가 만지기 어려울 만큼 뜨거움,BATTERY_CYCLES,HOT_CHARGER,AFTER_AGING,ALWAYS,ALWAYS,MISSED_MOMENT,S4,PRODUCT_DEFECT_POSSIBLE,HARDWARE_OR_COMPONENT,BATTERY|CHARGER|PMIC|SERVICE_PROCESS,USER_GUESS,자가진단 또는 서비스센터 점검,UNSPECIFIED,IMMEDIATE_SAFETY_ACTION,FALSE,ELECTRIC_SHOCK,LOW,SYNTHETIC_SCENARIO,FALSE,SRC023,CATEGORY_ANCHOR_NOT_ROW_EVIDENCE,SERVICE_INTAKE,KO,TRIGGER,TEST,GVS-0494,GALAXY_A에서 BATTERY_CYCLES/HOT_CHARGER 조건에 충전기와 포트가 만지기 어려울 만큼 뜨거움,관찰 사실과 원인 추정을 분리; 모델 기능 호환성 검사
GVS-0495,T50,안전·긴급 에스컬레이션,SAFETY,WATCH,WATCH_BT,GALAXY_WATCH_BT,UNSPECIFIED,UNSPECIFIED,UNSPECIFIED,UNSPECIFIED,SAFETY_REPORT,WATCH.BATTERY,SAFETY_HAZARD,워치 착용 부위에 화상 자국이 생김,UNKNOWN,WATCH_SKIN_BURN,UNKNOWN,RARE,UNKNOWN,WORK_INTERRUPTED,S4,USER_CAUSE_POSSIBLE,DROP_LIQUID_OR_WEAR,BATTERY|CHARGER|PMIC|SERVICE_PROCESS,USER_GUESS,손상 이력 확인,UNSPECIFIED,IMMEDIATE_SAFETY_ACTION,FALSE,BURN_INJURY,HIGH,SYNTHETIC_SCENARIO,FALSE,SRC019,CATEGORY_ANCHOR_NOT_ROW_EVIDENCE,SNS_POST,KO,ATTEMPTED_ACTION,TRAIN,GVS-0495,GALAXY_WATCH_BT에서 UNKNOWN/WATCH_SKIN_BURN 조건에 워치 착용 부위에 화상 자국이 생김,관찰 사실과 원인 추정을 분리; 모델 기능 호환성 검사
GVS-0496,T50,안전·긴급 에스컬레이션,SAFETY,EARBUD,BUDS_PRO,GALAXY_BUDS_PRO,UNSPECIFIED,UNSPECIFIED,UNSPECIFIED,UNSPECIFIED,SAFETY_REPORT,BUDS.CHARGING,PHYSICAL_DAMAGE,이어버드가 귀 안에서 과도하게 뜨거워짐,CHARGING,BUDS_OVERHEAT,AFTER_EVENT,INTERMITTENT,CONDITIONAL,REPEATED_RETRY,S4,SERVICE_PROCESS,SERVICE_POLICY_OR_PROCESS,BATTERY|CHARGER|PMIC|SERVICE_PROCESS,USER_GUESS,센터·고객지원 문의,UNSPECIFIED,IMMEDIATE_SAFETY_ACTION,FALSE,BURN_INJURY,LOW,SYNTHETIC_SCENARIO,FALSE,SRC021,CATEGORY_ANCHOR_NOT_ROW_EVIDENCE,COMMUNITY_POST,KO,MODEL_AND_VERSION,TRAIN,GVS-0496,GALAXY_BUDS_PRO에서 CHARGING/BUDS_OVERHEAT 조건에 이어버드가 귀 안에서 과도하게 뜨거워짐,관찰 사실과 원인 추정을 분리; 모델 기능 호환성 검사
GVS-0497,T50,안전·긴급 에스컬레이션,SAFETY,PHONE,Z_FLIP,GALAXY_Z_FLIP,UNSPECIFIED,UNSPECIFIED,UNSPECIFIED,UNSPECIFIED,SAFETY_REPORT,POWER.BATTERY.LEVEL,OVERHEAT,낙하로 손상된 배터리에서 열이 발생,HIGH_TEMP,DROP_DAMAGED_BATTERY,IMMEDIATE,DAILY,REPRODUCIBLE,DATA_OR_SERVICE_UNAVAILABLE,S4,PRODUCT_DEFECT_POSSIBLE,HARDWARE_OR_COMPONENT,BATTERY|CHARGER|PMIC|SERVICE_PROCESS,USER_GUESS,자가진단 또는 서비스센터 점검,UNSPECIFIED,IMMEDIATE_SAFETY_ACTION,FALSE,SMOKE_FIRE,MEDIUM,SYNTHETIC_SCENARIO,FALSE,SRC023,CATEGORY_ANCHOR_NOT_ROW_EVIDENCE,CHAT_SUPPORT,KO,TIME_PATTERN,TRAIN,GVS-0497,GALAXY_Z_FLIP에서 HIGH_TEMP/DROP_DAMAGED_BATTERY 조건에 낙하로 손상된 배터리에서 열이 발생,관찰 사실과 원인 추정을 분리; 모델 기능 호환성 검사
GVS-0498,T50,안전·긴급 에스컬레이션,SAFETY,PHONE,S_BASE_PLUS,GALAXY_S_BASE_PLUS,UNSPECIFIED,UNSPECIFIED,UNSPECIFIED,UNSPECIFIED,SAFETY_REPORT,CHARGING.WIRED,MISSING_DATA,액체 노출 직후 충전 시도 중 스파크 우려,IMPACT,LIQUID_AND_CHARGE,GRADUAL,FREQUENT,NOT_TESTED,TRAVEL_DISRUPTION,S4,USER_CAUSE_POSSIBLE,DROP_LIQUID_OR_WEAR,BATTERY|CHARGER|PMIC|SERVICE_PROCESS,USER_GUESS,손상 이력 확인,UNSPECIFIED,IMMEDIATE_SAFETY_ACTION,FALSE,ELECTRIC_SHOCK,MEDIUM,SYNTHETIC_SCENARIO,FALSE,SRC011,CATEGORY_ANCHOR_NOT_ROW_EVIDENCE,SURVEY_FREE_TEXT,EN,NONE,TRAIN,GVS-0498,GALAXY_S_BASE_PLUS에서 IMPACT/LIQUID_AND_CHARGE 조건에 액체 노출 직후 충전 시도 중 스파크 우려,관찰 사실과 원인 추정을 분리; 모델 기능 호환성 검사
GVS-0499,T50,안전·긴급 에스컬레이션,SAFETY,SERVICE,SERVICE,SERVICE,UNSPECIFIED,UNSPECIFIED,UNSPECIFIED,UNSPECIFIED,SAFETY_REPORT,SERVICE.DATA_HANDLING,SAFETY_HAZARD,메인보드 수리 후 복구 불가 데이터 손실,BATTERY_CYCLES,MAINBOARD_DATA_LOSS,AFTER_AGING,ALWAYS,ALWAYS,FINANCIAL_OR_TIME_COST,S4,SERVICE_PROCESS,SERVICE_POLICY_OR_PROCESS,BATTERY|CHARGER|PMIC|SERVICE_PROCESS,USER_GUESS,센터·고객지원 문의,UNSPECIFIED,IMMEDIATE_SAFETY_ACTION,FALSE,DATA_IRREVERSIBLE,LOW,SYNTHETIC_SCENARIO,FALSE,SRC022,CATEGORY_ANCHOR_NOT_ROW_EVIDENCE,STORE_REVIEW,EN,CONTEXT,TRAIN,GVS-0499,SERVICE에서 BATTERY_CYCLES/MAINBOARD_DATA_LOSS 조건에 메인보드 수리 후 복구 불가 데이터 손실,관찰 사실과 원인 추정을 분리; 모델 기능 호환성 검사
GVS-0500,T50,안전·긴급 에스컬레이션,SAFETY,PHONE,S_ULTRA,GALAXY_S_ULTRA,UNSPECIFIED,UNSPECIFIED,UNSPECIFIED,UNSPECIFIED,SAFETY_REPORT,POWER.BATTERY.LEVEL,PHYSICAL_DAMAGE,짧은 시간에 화면·후면이 벌어질 만큼 팽창,UNKNOWN,RAPID_SWELL,UNKNOWN,RARE,UNKNOWN,USER_CONFUSION,S4,PRODUCT_DEFECT_POSSIBLE,HARDWARE_OR_COMPONENT,BATTERY|CHARGER|PMIC|SERVICE_PROCESS,USER_GUESS,자가진단 또는 서비스센터 점검,UNSPECIFIED,IMMEDIATE_SAFETY_ACTION,FALSE,BATTERY_SWELL,HIGH,SYNTHETIC_SCENARIO,FALSE,SRC023,CATEGORY_ANCHOR_NOT_ROW_EVIDENCE,EMAIL_COMPLAINT,KO_EN_MIXED,MULTIPLE_FIELDS,TRAIN,GVS-0500,GALAXY_S_ULTRA에서 UNKNOWN/RAPID_SWELL 조건에 짧은 시간에 화면·후면이 벌어질 만큼 팽창,관찰 사실과 원인 추정을 분리; 모델 기능 호환성 검사
